Bin Id	Marker lineage	# genomes	# markers	# marker sets	Completeness (CheckM1)	Contamination (CheckM1)	Strain heterogeneity	Genome size (bp)	# ambiguous bases	# scaffolds	# contigs	N50 (scaffolds)	N50 (contigs)	Mean scaffold length (bp)	Mean contig length (bp)	Longest scaffold (bp)	Longest contig (bp)	GC	GC std (scaffolds > 1kbp)	Coding density	Translation table	# predicted genes	0	1	2	3	4	5+	Completeness (CheckM2)	Contamination (CheckM2)	Completeness_Model_Used	Translation_Table_Used	Coding_Density	Contig_N50	Average_Gene_Length	Genome_Size	GC_Content	Total_Coding_Sequences	Total_Contigs	Max_Contig_Length	Additional_Notes	Circular contigs	Circular bp	Circular fraction	AT005_visit1_final.fastq Relative Abundance (%)	AT005_visit1_final.fastq Covered Fraction	classification	closest_genome_reference	closest_genome_reference_radius	closest_genome_taxonomy	closest_genome_ani	closest_genome_af	closest_placement_reference	closest_placement_radius	closest_placement_taxonomy	closest_placement_ani	closest_placement_af	pplacer_taxonomy	classification_method	note	other_related_references(genome_id,species_name,radius,ANI,AF)	msa_percent	translation_table	red_value	warnings
1165_sub	k__Bacteria (UID203)	5449	104	58	13.79	0.0	0.0	1566808	0	19	19	119383	119383	82463	82463	436885	436885	46.2	3.02	89.43	11	1530	95	9	0	0	0	0	23.67	0.98	Neural Network (Specific Model)	11	0.894	119383	306.1398692810458	1566808	0.46	1530	19	436885		2	116539	0.0743798857294576	4.1394978	0.9995449	d__Bacteria;p__Bacteroidota;c__Bacteroidia;o__Bacteroidales;f__Bacteroidaceae;g__Bacteroides;s__						GCF_025147485.1	95.0	d__Bacteria;p__Bacteroidota;c__Bacteroidia;o__Bacteroidales;f__Bacteroidaceae;g__Bacteroides;s__Bacteroides uniformis	92.86	0.313	d__Bacteria;p__Bacteroidota;c__Bacteroidia;o__Bacteroidales;f__Bacteroidaceae;g__Bacteroides;s__	taxonomic classification defined by topology and ANI	classification based on placement in class-level tree	GCF_000614125.1, s__Bacteroides rodentium, 95.0, 91.87, 0.281; GCF_004793475.1, s__Bacteroides muris, 95.0, 89.41, 0.235; GCF_018390535.1, s__Bacteroides propionicigenes, 95.0, 88.24, 0.214; GCF_000374365.1, s__Bacteroides gallinarum, 95.0, 86.02, 0.197	14.9	11.0	0.99998	
1194_sub	k__Bacteria (UID203)	5449	104	58	15.52	0.0	0.0	500361	0	3	3	299383	299383	166787	166787	299383	299383	47.3	0.95	90.9	11	398	95	9	0	0	0	0	10.88	0.0	Neural Network (Specific Model)	11	0.909	299383	381.5125628140704	500361	0.47	398	3	299383		0	0	0.0	2.1531923	1.0	Unclassified Bacteria																		Insufficient number of amino acids in MSA (9.0%)
124	o__Clostridiales (UID1212)	172	263	149	86.92	1.01	0.0	2187576	0	48	48	65071	65071	45574	45574	333025	333025	53.0	1.82	85.94	11	2322	29	232	2	0	0	0	90.65	1.28	Gradient Boost (General Model)	11	0.859	65071	270.848406546081	2187576	0.53	2322	48	333025		0	0	0.0	1.1473737	0.99928004	d__Bacteria;p__Bacillota_A;c__Clostridia;o__Oscillospirales;f__Acutalibacteraceae;g__Hominenteromicrobium;s__Hominenteromicrobium mulieris	GCF_020687165.1	95.0	d__Bacteria;p__Bacillota_A;c__Clostridia;o__Oscillospirales;f__Acutalibacteraceae;g__Hominenteromicrobium;s__Hominenteromicrobium mulieris	98.87	0.918	GCF_020687165.1	95.0	d__Bacteria;p__Bacillota_A;c__Clostridia;o__Oscillospirales;f__Acutalibacteraceae;g__Hominenteromicrobium;s__Hominenteromicrobium mulieris	98.87	0.918	d__Bacteria;p__Bacillota_A;c__Clostridia;o__Oscillospirales;f__Acutalibacteraceae;g__Hominenteromicrobium;s__	taxonomic classification defined by topology and ANI	topological placement and ANI have congruent species assignments	GCA_934643185.1, s__Hominenteromicrobium sp934643185, 95.0, 94.02, 0.701	79.76	11.0		
330_sub	k__Bacteria (UID203)	5449	104	58	10.34	0.0	0.0	140727	0	9	9	15572	15572	15636	15636	43878	43878	60.6	1.58	83.53	11	171	98	6	0	0	0	0	5.71	0.0	Neural Network (Specific Model)	11	0.835	15572	230.187134502924	140727	0.61	171	9	43878		0	0	0.0	0.5771291	1.0	Unclassified Bacteria																		Insufficient number of amino acids in MSA (8.2%)
469	o__Clostridiales (UID1212)	172	263	149	70.69	1.34	0.0	2043685	0	45	45	61014	61014	45415	45415	137800	137800	37.9	0.94	81.86	11	2189	78	183	2	0	0	0	62.07	0.8	Neural Network (Specific Model)	11	0.819	61014	255.92096847875743	2043685	0.38	2189	45	137800		0	0	0.0	1.0190359	0.9999995	d__Bacteria;p__Bacillota_A;c__Clostridia;o__Lachnospirales;f__Lachnospiraceae;g__Anaerobutyricum;s__Anaerobutyricum soehngenii	GCF_900209925.1	95.0	d__Bacteria;p__Bacillota_A;c__Clostridia;o__Lachnospirales;f__Lachnospiraceae;g__Anaerobutyricum;s__Anaerobutyricum soehngenii	97.07	0.821	GCF_900209925.1	95.0	d__Bacteria;p__Bacillota_A;c__Clostridia;o__Lachnospirales;f__Lachnospiraceae;g__Anaerobutyricum;s__Anaerobutyricum soehngenii	97.07	0.821	d__Bacteria;p__Bacillota_A;c__Clostridia;o__Lachnospirales;f__Lachnospiraceae;g__Anaerobutyricum;s__	taxonomic classification defined by topology and ANI	topological placement and ANI have congruent species assignments	GCA_934317185.1, s__Anaerobutyricum sp934317185, 95.0, 86.41, 0.333; GCF_000173975.1, s__Anaerobutyricum hallii, 95.0, 85.85, 0.353; GCF_934307085.1, s__Anaerobutyricum sp934307085, 95.0, 84.35, 0.284	60.97	11.0		
bin.0	o__Bacteroidales (UID2621)	198	427	260	55.97	1.15	0.0	2536881	0	179	179	19306	19306	14172	14172	71467	71467	45.4	2.45	85.58	11	2948	205	218	4	0	0	0	47.72	1.96	Gradient Boost (General Model)	11	0.856	19306	246.95691994572596	2536881	0.45	2948	179	71467		0	0	0.0	0.8019249	0.9999996	d__Bacteria;p__Bacteroidota;c__Bacteroidia;o__Bacteroidales;f__Tannerellaceae;g__Parabacteroides;s__Parabacteroides merdae	GCF_025151215.1	95.0	d__Bacteria;p__Bacteroidota;c__Bacteroidia;o__Bacteroidales;f__Tannerellaceae;g__Parabacteroides;s__Parabacteroides merdae	98.35	0.869	GCF_025151215.1	95.0	d__Bacteria;p__Bacteroidota;c__Bacteroidia;o__Bacteroidales;f__Tannerellaceae;g__Parabacteroides;s__Parabacteroides merdae	98.35	0.869	d__Bacteria;p__Bacteroidota;c__Bacteroidia;o__Bacteroidales;f__Tannerellaceae;g__Parabacteroides;s__	taxonomic classification defined by topology and ANI	topological placement and ANI have congruent species assignments	GCF_025151045.1, s__Parabacteroides johnsonii, 95.0, 90.59, 0.637; GCF_014287585.1, s__Parabacteroides hominis, 95.0, 89.84, 0.593; GCA_019411205.1, s__Parabacteroides sp019411205, 95.0, 89.81, 0.555; GCF_902493135.1, s__Parabacteroides sp902493135, 95.0, 89.57, 0.574; GCF_900155425.1, s__Parabacteroides massiliensis, 95.0, 88.01, 0.522; GCA_900760525.1, s__Parabacteroides sp900760525, 95.0, 86.77, 0.454; GCA_910577325.1, s__Parabacteroides sp910577325, 95.0, 86.36, 0.398; GCA_017937385.1, s__Parabacteroides sp017937385, 95.0, 82.95, 0.26; GCF_003363715.1, s__Parabacteroides acidifaciens, 95.0, 81.89, 0.199; GCF_900552465.1, s__Parabacteroides sp900552465, 95.0, 80.97, 0.165	41.57	11.0		
bin.10	k__Bacteria (UID203)	5449	104	58	30.28	0.0	0.0	1529116	0	129	129	15018	15018	11853	11853	66767	66767	48.7	2.93	86.06	11	2103	80	24	0	0	0	0	30.22	2.52	Neural Network (Specific Model)	11	0.861	15018	210.7850689491203	1529116	0.49	2103	129	66767		1	5654	0.0036975612052977014	0.63376874	0.9999876	d__Bacteria;p__Bacteroidota;c__Bacteroidia;o__Bacteroidales;f__Bacteroidaceae;g__Paraprevotella;s__Paraprevotella clara	GCF_000233955.1	95.0	d__Bacteria;p__Bacteroidota;c__Bacteroidia;o__Bacteroidales;f__Bacteroidaceae;g__Paraprevotella;s__Paraprevotella clara	97.14	0.808	GCF_000233955.1	95.0	d__Bacteria;p__Bacteroidota;c__Bacteroidia;o__Bacteroidales;f__Bacteroidaceae;g__Paraprevotella;s__Paraprevotella clara	97.14	0.808	d__Bacteria;p__Bacteroidota;c__Bacteroidia;o__Bacteroidales;f__Bacteroidaceae;g__Paraprevotella;s__	taxonomic classification defined by topology and ANI	topological placement and ANI have congruent species assignments	GCF_000205165.1, s__Paraprevotella xylaniphila, 95.0, 92.35, 0.659	21.89	11.0		
bin.108	root (UID1)	5656	56	24	4.17	0.0	0.0	559976	0	7	7	290360	290360	79996	79996	290360	290360	41.8	1.2	83.11	11	601	55	1	0	0	0	0	8.98	0.32	Neural Network (Specific Model)	11	0.831	290360	258.70549084858567	559976	0.42	601	7	290360		0	0	0.0	1.9038914	1.0	Unclassified Bacteria																		Insufficient number of amino acids in MSA (4.1%)
bin.110	root (UID1)	5656	56	24	4.17	4.17	0.0	272021	0	5	5	154061	154061	54404	54404	154061	154061	37.5	0.67	83.01	11	304	55	0	1	0	0	0	5.66	0.12	Neural Network (Specific Model)	11	0.83	154061	248.85526315789477	272021	0.38	304	5	154061		0	0	0.0	1.6087079	0.9999963	Unclassified Bacteria																		Insufficient number of amino acids in MSA (5.6%)
bin.14	p__Bacteroidetes (UID2605)	350	314	208	81.49	4.81	8.33	2781507	0	135	135	32254	32254	20603	20603	100593	100593	54.0	3.54	84.09	11	3019	51	251	12	0	0	0	88.61	2.8	Gradient Boost (General Model)	11	0.841	32254	259.45346141106324	2781507	0.54	3019	135	100593		0	0	0.0	1.1282125	0.9997365	d__Bacteria;p__Bacteroidota;c__Bacteroidia;o__Bacteroidales;f__Rikenellaceae;g__Alistipes;s__Alistipes putredinis	GCF_000154465.1	95.0	d__Bacteria;p__Bacteroidota;c__Bacteroidia;o__Bacteroidales;f__Rikenellaceae;g__Alistipes;s__Alistipes putredinis	97.91	0.712	GCF_000154465.1	95.0	d__Bacteria;p__Bacteroidota;c__Bacteroidia;o__Bacteroidales;f__Rikenellaceae;g__Alistipes;s__Alistipes putredinis	97.91	0.712	d__Bacteria;p__Bacteroidota;c__Bacteroidia;o__Bacteroidales;f__Rikenellaceae;g__Alistipes;s__	taxonomic classification defined by topology and ANI	topological placement and ANI have congruent species assignments	GCF_000265365.1, s__Alistipes finegoldii, 95.0, 85.45, 0.196	70.51	11.0		
bin.15	k__Bacteria (UID203)	5449	103	57	37.18	0.0	0.0	1146595	0	83	83	20662	20662	13814	13814	56151	56151	48.8	1.98	84.2	11	1572	74	29	0	0	0	0	30.04	1.16	Neural Network (Specific Model)	11	0.842	20662	206.63167938931295	1146595	0.49	1572	83	56151		0	0	0.0	0.68615174	0.9997619	d__Bacteria;p__Bacillota_A;c__Clostridia;o__Lachnospirales;f__Lachnospiraceae;g__Gallintestinimicrobium;s__Gallintestinimicrobium propionicum	GCF_025567525.1	95.0	d__Bacteria;p__Bacillota_A;c__Clostridia;o__Lachnospirales;f__Lachnospiraceae;g__Gallintestinimicrobium;s__Gallintestinimicrobium propionicum	97.92	0.924	GCF_025567525.1	95.0	d__Bacteria;p__Bacillota_A;c__Clostridia;o__Lachnospirales;f__Lachnospiraceae;g__Gallintestinimicrobium;s__Gallintestinimicrobium propionicum	97.92	0.924	d__Bacteria;p__Bacillota_A;c__Clostridia;o__Lachnospirales;f__Lachnospiraceae;g__Gallintestinimicrobium;s__	taxonomic classification defined by topology and ANI	topological placement and ANI have congruent species assignments		27.21	11.0		
bin.16	g__Bacteroides (UID2691)	33	839	309	87.74	7.63	65.71	5511985	0	219	219	40877	40877	25168	25168	224455	224455	43.0	2.57	88.34	11	5269	87	684	67	1	0	0	86.23	7.67	Neural Network (Specific Model)	11	0.883	40877	309.0755361548681	5511985	0.43	5269	219	224455		0	0	0.0	1.4554662	0.9999746	d__Bacteria;p__Bacteroidota;c__Bacteroidia;o__Bacteroidales;f__Bacteroidaceae;g__Bacteroides;s__Bacteroides thetaiotaomicron	GCF_000011065.1	95.0	d__Bacteria;p__Bacteroidota;c__Bacteroidia;o__Bacteroidales;f__Bacteroidaceae;g__Bacteroides;s__Bacteroides thetaiotaomicron	97.6	0.777						d__Bacteria;p__Bacteroidota;c__Bacteroidia;o__Bacteroidales;f__Bacteroidaceae;g__Bacteroides;s__	taxonomic classification defined by topology and ANI	topological placement and ANI have incongruent species assignments	GCF_000011065.1, s__Bacteroides thetaiotaomicron, 95.0, 97.6, 0.777; GCA_947646015.1, s__Bacteroides sp947646015, 95.0, 96.0, 0.378; GCA_019412825.1, s__Bacteroides thetaiotaomicron_A, 95.0, 94.55, 0.714; GCA_019415065.1, s__Bacteroides sp019415065, 95.0, 92.62, 0.245; GCA_900755095.1, s__Bacteroides sp900755095, 95.0, 90.06, 0.394; GCA_948847595.1, s__Bacteroides sp948847595, 95.0, 89.97, 0.391; GCF_900106755.1, s__Bacteroides faecis, 95.0, 88.93, 0.551; GCA_947038155.1, s__Bacteroides sp947038155, 95.0, 88.87, 0.387; GCF_900761785.1, s__Bacteroides sp900761785, 95.0, 83.31, 0.253; GCF_000210075.1, s__Bacteroides xylanisolvens, 95.0, 82.68, 0.199; GCF_009193295.2, s__Bacteroides luhongzhouii, 95.0, 82.54, 0.203; GCA_948436425.1, s__Bacteroides sp948436425, 95.0, 82.52, 0.153; GCF_001314995.1, s__Bacteroides ovatus, 95.19, 82.48, 0.2; GCA_948742525.1, s__Bacteroides caecimuris_A, 95.0, 82.45, 0.174; GCF_001688725.2, s__Bacteroides caecimuris, 95.0, 82.39, 0.186; GCF_002222615.2, s__Bacteroides caccae, 95.0, 82.14, 0.219; GCF_958387885.1, s__Bacteroides sp019412865, 95.0, 82.05, 0.176; GCA_902362375.1, s__Bacteroides sp902362375, 95.0, 81.95, 0.196; GCA_900556625.1, s__Bacteroides sp900556625, 95.0, 81.93, 0.153; GCF_900130125.1, s__Bacteroides congonensis, 95.0, 81.75, 0.162; GCA_019117555.1, s__Bacteroides intestinigallinarum, 95.0, 81.66, 0.168; GCF_024623065.1, s__Bacteroides acidifaciens, 95.0, 81.58, 0.167; GCF_014750685.1, s__Bacteroides sp014750685, 95.0, 81.43, 0.178; GCF_903181435.1, s__Bacteroides sp900765785, 95.0, 81.41, 0.185; GCF_012113595.1, s__Bacteroides faecium, 95.0, 81.4, 0.177	76.09	11.0		
bin.17	f__Lachnospiraceae (UID1256)	33	333	171	34.56	0.0	0.0	1177661	0	71	71	22617	22617	16586	16586	58311	58311	41.7	2.18	82.96	11	1798	217	116	0	0	0	0	29.25	0.15	Neural Network (Specific Model)	11	0.83	22617	183.2213570634038	1177661	0.42	1798	71	58311		1	1108	0.0009408480029482169	0.74460346	0.999696	d__Bacteria;p__Bacillota_A;c__Clostridia;o__Lachnospirales;f__Lachnospiraceae;g__Mediterraneibacter;s__Mediterraneibacter torques	GCF_000153925.1	95.0	d__Bacteria;p__Bacillota_A;c__Clostridia;o__Lachnospirales;f__Lachnospiraceae;g__Mediterraneibacter;s__Mediterraneibacter torques	98.81	0.905	GCF_000153925.1	95.0	d__Bacteria;p__Bacillota_A;c__Clostridia;o__Lachnospirales;f__Lachnospiraceae;g__Mediterraneibacter;s__Mediterraneibacter torques	98.81	0.905	d__Bacteria;p__Bacillota_A;c__Clostridia;o__Lachnospirales;f__Lachnospiraceae;g__Mediterraneibacter;s__	taxonomic classification defined by topology and ANI	topological placement and ANI have congruent species assignments	GCA_905209865.1, s__Mediterraneibacter sp900752395, 95.0, 82.51, 0.262	20.95	11.0		
bin.18	o__Clostridiales (UID1212)	172	263	149	23.47	0.0	0.0	536591	0	43	43	17917	17917	12478	12478	63200	63200	38.3	2.3	83.76	11	771	179	84	0	0	0	0	17.54	0.08	Neural Network (Specific Model)	11	0.838	17917	195.9948119325551	536591	0.38	771	43	63200		0	0	0.0	0.6075219	1.0	d__Bacteria;p__Bacillota_A;c__Clostridia;o__UBA1381;f__UBA1381;g__Hominilimicola;s__Hominilimicola fabiformis	GCF_020687385.1	95.0	d__Bacteria;p__Bacillota_A;c__Clostridia;o__UBA1381;f__UBA1381;g__Hominilimicola;s__Hominilimicola fabiformis	97.88	0.852	GCF_020687385.1	95.0	d__Bacteria;p__Bacillota_A;c__Clostridia;o__UBA1381;f__UBA1381;g__Hominilimicola;s__Hominilimicola fabiformis	97.88	0.852	d__Bacteria;p__Bacillota_A;c__Clostridia;o__UBA1381;f__UBA1381;g__Hominilimicola;s__	taxonomic classification defined by topology and ANI	topological placement and ANI have congruent species assignments		26.28	11.0		
bin.19	k__Bacteria (UID2982)	88	229	147	47.61	0.0	0.0	1748979	0	101	101	23513	23513	17316	17316	91188	91188	55.4	3.11	84.82	11	2238	116	113	0	0	0	0	38.49	0.59	Neural Network (Specific Model)	11	0.848	23513	222.8650580875782	1748979	0.55	2238	101	91188		0	0	0.0	0.71440804	0.99999714	d__Bacteria;p__Verrucomicrobiota;c__Verrucomicrobiae;o__Verrucomicrobiales;f__Akkermansiaceae;g__Akkermansia;s__Akkermansia muciniphila	GCF_000020225.1	95.0	d__Bacteria;p__Verrucomicrobiota;c__Verrucomicrobiae;o__Verrucomicrobiales;f__Akkermansiaceae;g__Akkermansia;s__Akkermansia muciniphila	96.62	0.794	GCF_030848305.1	95.0	d__Bacteria;p__Verrucomicrobiota;c__Verrucomicrobiae;o__Verrucomicrobiales;f__Akkermansiaceae;g__Akkermansia;s__Akkermansia muciniphila_A	93.68	0.714	d__Bacteria;p__Verrucomicrobiota;c__Verrucomicrobiae;o__Verrucomicrobiales;f__Akkermansiaceae;g__Akkermansia;s__	taxonomic classification defined by topology and ANI		GCA_905200945.1, s__Akkermansia sp905200945, 95.0, 93.83, 0.779; GCF_023516715.1, s__Akkermansia massiliensis, 95.0, 88.05, 0.598; GCA_947624785.1, s__Akkermansia muciniphila_F, 95.0, 87.7, 0.567; GCF_002884975.1, s__Akkermansia muciniphila_C, 95.0, 85.98, 0.498; GCF_018709685.1, s__Akkermansia muciniphila_E, 95.0, 85.59, 0.463; GCF_020860705.1, s__Akkermansia sp020860705, 95.0, 85.47, 0.463; GCF_026072915.1, s__Akkermansia biwaensis, 95.0, 81.56, 0.263; GCA_021202525.1, s__Akkermansia sp021202525, 95.0, 81.53, 0.257; GCF_004167605.1, s__Akkermansia sp004167605, 95.0, 81.48, 0.276	37.82	11.0		
bin.20	k__Bacteria (UID203)	5449	103	57	14.04	0.0	0.0	628960	0	45	45	20073	20073	13976	13976	46974	46974	42.2	1.58	82.71	11	932	88	15	0	0	0	0	11.9	0.0	Neural Network (Specific Model)	11	0.827	20073	187.69098712446356	628960	0.42	932	45	46974		0	0	0.0	0.8015036	0.9980841	d__Bacteria;p__Bacillota_A;c__Clostridia;o__Lachnospirales;f__Lachnospiraceae;g__Blautia_A;s__											d__Bacteria;p__Bacillota_A;c__Clostridia;o__Lachnospirales;f__Lachnospiraceae;g__Blautia_A;s__	taxonomic classification defined by topology and ANI	classification based on placement in class-level tree	GCF_025147765.1, s__Blautia_A obeum, 95.0, 94.58, 0.342; GCF_934424005.1, s__Blautia_A sp934424005, 95.0, 91.48, 0.216; GCA_900066355.1, s__Blautia_A sp900066355, 95.0, 89.87, 0.249	11.7	11.0	0.98967	Genome domain questionable ( 13.3% Bacterial, 3.8% Archaeal)
bin.22_sub	root (UID1)	5656	56	24	4.17	0.0	0.0	136115	0	11	11	17592	17592	12374	12374	29353	29353	52.6	2.01	88.51	11	142	55	1	0	0	0	0	5.77	0.0	Neural Network (Specific Model)	11	0.885	17592	283.50704225352115	136115	0.53	142	11	29353		0	0	0.0	1.0246056	1.0	Unclassified Bacteria																		Insufficient number of amino acids in MSA (3.2%)
bin.24_sub	k__Bacteria (UID203)	5449	104	58	34.48	0.0	0.0	1360847	0	151	151	11281	11281	9012	9012	33053	33053	44.9	3.31	85.18	11	1850	82	22	0	0	0	0	29.03	1.16	Neural Network (Specific Model)	11	0.852	11281	210.45567567567568	1360847	0.45	1850	151	33053		0	0	0.0	0.6532135	0.9999919	d__Bacteria;p__Bacteroidota;c__Bacteroidia;o__Bacteroidales;f__Tannerellaceae;g__Parabacteroides;s__Parabacteroides distasonis	GCF_000012845.1	95.0	d__Bacteria;p__Bacteroidota;c__Bacteroidia;o__Bacteroidales;f__Tannerellaceae;g__Parabacteroides;s__Parabacteroides distasonis	98.48	0.913	GCF_000012845.1	95.0	d__Bacteria;p__Bacteroidota;c__Bacteroidia;o__Bacteroidales;f__Tannerellaceae;g__Parabacteroides;s__Parabacteroides distasonis	98.48	0.913	d__Bacteria;p__Bacteroidota;c__Bacteroidia;o__Bacteroidales;f__Tannerellaceae;g__Parabacteroides;s__	taxonomic classification defined by topology and ANI	topological placement and ANI have congruent species assignments	GCF_004793765.1, s__Parabacteroides distasonis_A, 95.0, 93.17, 0.551; GCA_028689545.1, s__Parabacteroides sp028689545, 95.0, 89.19, 0.458; GCF_011038785.1, s__Parabacteroides sp011038785, 95.0, 87.89, 0.35; GCF_947855115.1, s__Parabacteroides sp947855115, 95.0, 87.22, 0.479	21.57	11.0		
bin.25	f__Lachnospiraceae (UID1286)	57	420	207	90.83	0.05	0.0	3091158	0	67	67	79776	79776	46136	46136	254491	254491	41.1	1.81	87.08	11	3253	32	387	1	0	0	0	84.61	3.09	Neural Network (Specific Model)	11	0.871	79776	276.8877958807255	3091158	0.41	3253	67	254491		1	6564	0.0021234760565457993	1.3051019	0.99999934	d__Bacteria;p__Bacillota_A;c__Clostridia;o__Lachnospirales;f__Lachnospiraceae;g__Agathobacter;s__Agathobacter rectalis	GCF_000020605.1	95.0	d__Bacteria;p__Bacillota_A;c__Clostridia;o__Lachnospirales;f__Lachnospiraceae;g__Agathobacter;s__Agathobacter rectalis	97.64	0.752	GCF_000020605.1	95.0	d__Bacteria;p__Bacillota_A;c__Clostridia;o__Lachnospirales;f__Lachnospiraceae;g__Agathobacter;s__Agathobacter rectalis	97.64	0.752	d__Bacteria;p__Bacillota_A;c__Clostridia;o__Lachnospirales;f__Lachnospiraceae;g__Agathobacter;s__	taxonomic classification defined by topology and ANI	topological placement and ANI have congruent species assignments	GCA_937935345.1, s__Agathobacter sp900546625, 95.0, 94.06, 0.675; GCA_902786155.1, s__Agathobacter sp900317585, 95.0, 94.06, 0.593; GCA_934365945.1, s__Agathobacter sp934365945, 95.0, 92.7, 0.546	79.3	11.0		
bin.28	o__Bacteroidales (UID2654)	163	486	266	96.3	0.25	0.0	4614865	0	64	64	124282	124282	72107	72107	474423	474423	42.0	2.31	89.02	11	4133	13	471	2	0	0	0	99.96	1.17	Neural Network (Specific Model)	11	0.89	124282	332.15485119767726	4614865	0.42	4133	64	474423		0	0	0.0	1.915621	0.9995794	d__Bacteria;p__Bacteroidota;c__Bacteroidia;o__Bacteroidales;f__Bacteroidaceae;g__Phocaeicola;s__Phocaeicola vulgatus	GCF_000012825.1	95.08	d__Bacteria;p__Bacteroidota;c__Bacteroidia;o__Bacteroidales;f__Bacteroidaceae;g__Phocaeicola;s__Phocaeicola vulgatus	99.05	0.798	GCF_000012825.1	95.08	d__Bacteria;p__Bacteroidota;c__Bacteroidia;o__Bacteroidales;f__Bacteroidaceae;g__Phocaeicola;s__Phocaeicola vulgatus	99.05	0.798	d__Bacteria;p__Bacteroidota;c__Bacteroidia;o__Bacteroidales;f__Bacteroidaceae;g__Phocaeicola;s__	taxonomic classification defined by topology and ANI	topological placement and ANI have congruent species assignments	GCA_959599425.1, s__Phocaeicola sp959599425, 95.0, 98.94, 0.471; GCA_948566455.1, s__Phocaeicola sp948566455, 95.0, 98.15, 0.378; GCA_019414665.1, s__Phocaeicola sp019414665, 95.0, 97.55, 0.376; GCA_947574505.1, s__Phocaeicola sp947574505, 95.0, 97.31, 0.36; GCA_958434805.1, s__Phocaeicola sp958434805, 95.0, 97.22, 0.376; GCA_019414725.1, s__Phocaeicola sp019414725, 95.0, 97.14, 0.354; GCA_948579315.1, s__Phocaeicola sp948579315, 95.0, 95.87, 0.378; GCF_013009555.1, s__Phocaeicola dorei, 95.0, 95.59, 0.748; GCA_900760795.1, s__Phocaeicola sp900760795, 95.0, 94.13, 0.453; GCA_948956705.1, s__Phocaeicola sp948956705, 95.0, 91.22, 0.391; GCA_947072895.1, s__Phocaeicola sp011959205, 95.0, 89.94, 0.509; GCF_024622025.1, s__Phocaeicola sartorii, 95.0, 89.93, 0.552; GCA_947173895.1, s__Phocaeicola sp947173895, 95.0, 80.67, 0.166; GCA_902388365.1, s__Phocaeicola sp902388365, 95.0, 80.14, 0.168	91.26	11.0		
bin.29	f__Lachnospiraceae (UID1286)	57	420	207	74.66	1.69	50.0	2521703	0	160	160	22870	22870	15760	15760	105642	105642	46.6	2.24	86.8	11	2948	99	317	4	0	0	0	76.14	0.52	Gradient Boost (General Model)	11	0.868	22870	248.82394843962007	2521703	0.47	2948	160	105642		0	0	0.0	1.1505942	0.9999984	d__Bacteria;p__Bacillota_A;c__Clostridia;o__Lachnospirales;f__Lachnospiraceae;g__Acetatifactor;s__Acetatifactor intestinalis	GCF_009695995.1	95.0	d__Bacteria;p__Bacillota_A;c__Clostridia;o__Lachnospirales;f__Lachnospiraceae;g__Acetatifactor;s__Acetatifactor intestinalis	96.36	0.725	GCF_009695995.1	95.0	d__Bacteria;p__Bacillota_A;c__Clostridia;o__Lachnospirales;f__Lachnospiraceae;g__Acetatifactor;s__Acetatifactor intestinalis	96.36	0.725	d__Bacteria;p__Bacillota_A;c__Clostridia;o__Lachnospirales;f__Lachnospiraceae;g__Acetatifactor;s__	taxonomic classification defined by topology and ANI	topological placement and ANI have congruent species assignments	GCA_003447295.1, s__Acetatifactor sp003447295, 95.0, 93.43, 0.529; GCA_945929965.1, s__Acetatifactor sp945929965, 95.0, 92.82, 0.634; GCF_025567015.1, s__Acetatifactor acetigignens, 95.0, 90.04, 0.557; GCA_900772845.1, s__Acetatifactor sp900772845, 95.0, 88.82, 0.458; GCA_934436245.1, s__Acetatifactor sp934436245, 95.0, 88.36, 0.39; GCA_900771995.1, s__Acetatifactor sp900771995, 95.0, 86.9, 0.427; GCA_002431915.1, s__Acetatifactor sp002431915, 95.0, 86.87, 0.436; GCA_934394815.1, s__Acetatifactor sp934394815, 95.0, 86.65, 0.396; GCA_934436435.1, s__Acetatifactor sp934436435, 95.0, 86.5, 0.376; GCA_934394665.1, s__Acetatifactor sp934394665, 95.0, 85.68, 0.273; GCA_900766575.1, s__Acetatifactor sp900766575, 95.0, 85.22, 0.344; GCA_934394515.1, s__Acetatifactor sp934394515, 95.0, 83.2, 0.22	63.54	11.0		
bin.31	o__Clostridiales (UID1212)	172	261	147	55.1	0.68	0.0	1820029	0	93	93	24092	24092	19570	19570	104653	104653	55.7	2.67	79.42	11	2508	111	149	1	0	0	0	45.71	0.98	Gradient Boost (General Model)	11	0.794	24092	194.05901116427432	1820029	0.56	2508	93	104653		0	0	0.0	1.0147119	0.9999802	d__Bacteria;p__Bacillota_A;c__Clostridia;o__Oscillospirales;f__Ruminococcaceae;g__Gemmiger;s__Gemmiger qucibialis	GCA_004000625.1	95.0	d__Bacteria;p__Bacillota_A;c__Clostridia;o__Oscillospirales;f__Ruminococcaceae;g__Gemmiger;s__Gemmiger qucibialis	97.77	0.82	GCA_004000625.1	95.0	d__Bacteria;p__Bacillota_A;c__Clostridia;o__Oscillospirales;f__Ruminococcaceae;g__Gemmiger;s__Gemmiger qucibialis	97.77	0.82	d__Bacteria;p__Bacillota_A;c__Clostridia;o__Oscillospirales;f__Ruminococcaceae;g__Gemmiger;s__	taxonomic classification defined by topology and ANI	topological placement and ANI have congruent species assignments		37.76	11.0		
bin.33	p__Actinobacteria (UID2112)	31	211	124	68.37	0.0	0.0	1726956	0	78	78	30647	30647	22140	22140	104154	104154	60.1	2.05	82.62	11	1910	57	154	0	0	0	0	61.82	0.06	Neural Network (Specific Model)	11	0.826	30647	250.40314136125656	1726956	0.6	1910	78	104154		1	7519	0.004353903631592235	0.7787156	0.9996184	d__Bacteria;p__Actinomycetota;c__Coriobacteriia;o__Coriobacteriales;f__Coriobacteriaceae;g__Collinsella;s__						GCA_900550825.1	95.0	d__Bacteria;p__Actinomycetota;c__Coriobacteriia;o__Coriobacteriales;f__Coriobacteriaceae;g__Collinsella;s__Collinsella sp900550825	93.74	0.705	d__Bacteria;p__Actinomycetota;c__Coriobacteriia;o__Coriobacteriales;f__Coriobacteriaceae;g__Collinsella;s__	taxonomic classification defined by topology and ANI	classification based on placement in class-level tree	GCF_003438495.1, s__Collinsella sp003438495, 95.0, 94.04, 0.8; GCF_010509075.1, s__Collinsella aerofaciens, 95.0, 94.01, 0.782; GCF_001405375.1, s__Collinsella aerofaciens_F, 95.0, 94.0, 0.794; GCA_902470805.1, s__Collinsella sp902470805, 95.0, 94.0, 0.772; GCF_000763055.1, s__Collinsella sp000763055, 95.0, 93.89, 0.763; GCA_958352845.1, s__Collinsella sp958352845, 95.0, 93.88, 0.758; GCA_900543515.1, s__Collinsella sp900543515, 95.0, 93.88, 0.742; GCA_900541065.1, s__Collinsella sp900541065, 95.0, 93.87, 0.793; GCF_015670795.1, s__Collinsella aerofaciens_Q, 95.0, 93.87, 0.782; GCF_015553355.1, s__Collinsella aerofaciens_V, 95.0, 93.87, 0.771; GCA_030826265.1, s__Collinsella aerofaciens_AY, 95.0, 93.87, 0.765; GCA_018365375.1, s__Collinsella sp018365375, 95.0, 93.87, 0.764; GCA_902489665.1, s__Collinsella sp902489665, 95.0, 93.87, 0.756; GCF_028206995.1, s__Collinsella aerofaciens_AQ, 95.0, 93.85, 0.783; GCA_018381235.1, s__Collinsella sp018381235, 95.02, 93.85, 0.767; GCA_014871645.1, s__Collinsella sp014871645, 95.0, 93.85, 0.765; GCA_018376265.1, s__Collinsella sp018376265, 95.0, 93.85, 0.758; GCA_900541135.1, s__Collinsella sp900541135, 95.0, 93.85, 0.757; GCF_025289055.1, s__Collinsella sp900549025, 95.0, 93.85, 0.755; GCA_958405195.1, s__Collinsella sp958405195, 95.0, 93.85, 0.754; GCA_902494535.1, s__Collinsella sp902494535, 95.0, 93.85, 0.743; GCA_902494085.1, s__Collinsella sp902494085, 95.0, 93.85, 0.565; GCA_958421655.1, s__Collinsella sp958421655, 95.0, 93.83, 0.748; GCA_900760385.1, s__Collinsella sp900760385, 95.0, 93.82, 0.714; GCA_958438955.1, s__Collinsella sp958438955, 95.0, 93.82, 0.694; GCA_902494195.1, s__Collinsella sp902494195, 95.0, 93.75, 0.766; GCF_015558785.1, s__Collinsella aerofaciens_P, 95.07, 93.72, 0.77; GCA_900541175.1, s__Collinsella sp900541175, 95.0, 93.72, 0.761; GCA_902363125.1, s__Collinsella sp902363125, 95.0, 93.72, 0.756; GCA_902488525.1, s__Collinsella sp902488525, 95.0, 93.72, 0.728; GCA_900760245.1, s__Collinsella sp900760245, 95.0, 93.72, 0.717; GCF_015556945.1, s__Collinsella aerofaciens_AO, 95.0, 93.71, 0.777; GCF_015670745.1, s__Collinsella aerofaciens_T, 95.0, 93.71, 0.768; GCA_958407465.1, s__Collinsella sp958407465, 95.0, 93.71, 0.766; GCA_958429345.1, s__Collinsella sp958429345, 95.0, 93.71, 0.762; GCF_015560765.1, s__Collinsella aerofaciens_M, 95.0, 93.71, 0.76; GCA_958413895.1, s__Collinsella sp958413895, 95.0, 93.71, 0.76; GCA_902497065.1, s__Collinsella sp902497065, 95.0, 93.71, 0.743; GCA_902493375.1, s__Collinsella sp902493375, 95.0, 93.71, 0.732; GCA_900541185.1, s__Collinsella sp900541185, 95.0, 93.7, 0.765; GCA_902467875.1, s__Collinsella sp902467875, 95.0, 93.7, 0.751; GCA_902491415.1, s__Collinsella sp902491415, 95.0, 93.64, 0.66; GCF_019041915.1, s__Collinsella sp019041915, 95.0, 93.62, 0.76; GCA_902489515.1, s__Collinsella sp902489515, 95.0, 93.6, 0.663; GCA_902493985.1, s__Collinsella sp902493985, 95.0, 93.58, 0.736; GCA_900545505.1, s__Collinsella sp900545505, 95.0, 93.57, 0.61; GCA_902470895.1, s__Collinsella sp902470895, 95.0, 93.5, 0.747; GCA_958407995.1, s__Collinsella sp958407995, 95.0, 93.47, 0.732; GCA_958427355.1, s__Collinsella sp958427355, 95.0, 93.46, 0.761; GCF_003458415.1, s__Collinsella sp003458415, 95.0, 93.46, 0.75; GCA_900547765.1, s__Collinsella sp900547765, 95.0, 93.46, 0.75; GCA_902462065.1, s__Collinsella sp902462065, 95.0, 93.46, 0.746; GCA_900545665.1, s__Collinsella sp900545665, 95.0, 93.46, 0.738; GCA_900544235.1, s__Collinsella sp900544235, 95.0, 93.46, 0.735; GCA_902490565.1, s__Collinsella sp902490565, 95.0, 93.46, 0.732; GCA_900539735.1, s__Collinsella sp900539735, 95.0, 93.46, 0.688; GCA_900760905.1, s__Collinsella sp900760905, 95.0, 93.45, 0.752; GCA_937937835.1, s__Collinsella sp937937835, 95.0, 93.43, 0.767; GCA_902489965.1, s__Collinsella sp902489965, 95.0, 93.43, 0.76; GCA_000434535.1, s__Collinsella sp000434535, 95.0, 93.43, 0.695; GCA_900544425.1, s__Collinsella sp900544425, 95.0, 93.35, 0.713; GCA_902495155.1, s__Collinsella sp902495155, 95.0, 93.33, 0.736; GCA_958427975.1, s__Collinsella sp958427975, 95.0, 93.33, 0.714; GCA_902495945.1, s__Collinsella sp902495945, 95.0, 93.33, 0.712; GCA_900548565.1, s__Collinsella sp900548565, 95.0, 93.33, 0.699; GCA_902469665.1, s__Collinsella sp902469665, 95.0, 93.32, 0.761; GCA_019419665.1, s__Collinsella sp019419665, 95.0, 93.32, 0.745; GCA_900541015.1, s__Collinsella sp900541015, 95.0, 93.32, 0.739; GCA_938023085.1, s__Collinsella sp938023085, 95.0, 93.31, 0.756; GCA_900752015.1, s__Collinsella sp900752015, 95.0, 93.31, 0.734; GCA_902478965.1, s__Collinsella sp902478965, 95.0, 93.3, 0.745; GCA_902491055.1, s__Collinsella sp902491055, 95.0, 93.27, 0.729; GCA_900540095.1, s__Collinsella sp900540095, 95.0, 93.27, 0.703; GCA_902478825.1, s__Collinsella sp902478825, 95.0, 93.27, 0.667; GCA_900544995.1, s__Collinsella sp900544995, 95.0, 93.22, 0.713; GCA_902492235.1, s__Collinsella sp902492235, 95.0, 93.21, 0.732; GCA_900763515.1, s__Collinsella sp900763515, 95.0, 93.21, 0.721; GCA_014871665.1, s__Collinsella sp014871665, 95.0, 93.2, 0.753; GCA_902494605.1, s__Collinsella sp902494605, 95.0, 93.19, 0.672; GCA_902478995.1, s__Collinsella sp902478995, 95.0, 93.18, 0.727; GCA_905197385.1, s__Collinsella sp905197385, 95.0, 93.17, 0.62; GCA_019414245.1, s__Collinsella sp019414245, 95.0, 93.14, 0.742; GCA_022720335.1, s__Collinsella sp022720335, 95.0, 93.13, 0.782; GCA_900540835.1, s__Collinsella sp900540835, 95.01, 93.1, 0.742; GCA_900547345.1, s__Collinsella sp900547345, 95.0, 93.05, 0.701; GCA_900758885.1, s__Collinsella sp900758885, 95.0, 93.05, 0.693; GCA_902478865.1, s__Collinsella sp902478865, 95.0, 93.05, 0.642; GCA_958346165.1, s__Collinsella sp958346165, 95.0, 92.98, 0.584; GCA_019414045.1, s__Collinsella sp019414045, 95.0, 92.97, 0.725; GCA_022713905.1, s__Collinsella sp022713905, 95.0, 92.9, 0.764; GCA_902399975.1, s__Collinsella sp902399975, 95.0, 92.9, 0.746; GCA_902493125.1, s__Collinsella sp902493125, 95.0, 92.89, 0.734; GCA_900542945.1, s__Collinsella sp900542945, 95.0, 92.86, 0.73; GCA_902492545.1, s__Collinsella sp902492545, 95.0, 92.86, 0.726; GCA_900757505.1, s__Collinsella sp900757505, 95.0, 92.86, 0.703; GCA_937926755.1, s__Collinsella sp937926755, 95.0, 92.77, 0.748; GCA_902469555.1, s__Collinsella sp902469555, 95.0, 92.61, 0.674; GCA_937950415.1, s__Collinsella sp937950415, 95.0, 92.55, 0.783; GCA_902835305.1, s__Collinsella sp902835305, 95.0, 92.43, 0.717	55.39	11.0	0.99893	Genome not assigned to closest species as it falls outside its pre-defined ANI radius
bin.36	k__Bacteria (UID203)	5449	100	54	13.89	0.0	0.0	696743	0	67	67	11652	11652	10399	10399	42926	42926	41.0	1.71	79.62	11	1223	92	8	0	0	0	0	13.71	2.22	Neural Network (Specific Model)	11	0.796	11652	153.34423548650858	696743	0.41	1223	67	42926		0	0	0.0	0.740219	0.9999842	Unclassified Bacteria																		Insufficient number of amino acids in MSA (7.1%)
bin.37	o__Clostridiales (UID1212)	172	261	147	67.83	1.87	40.0	1724103	0	148	148	16751	16751	11649	11649	70487	70487	59.9	2.47	81.63	11	2061	97	159	5	0	0	0	57.42	1.95	Gradient Boost (General Model)	11	0.816	16751	228.99611838913148	1724103	0.6	2061	148	70487		0	0	0.0	2.1905017	0.9992077	d__Bacteria;p__Bacillota_A;c__Clostridia;o__Oscillospirales;f__Ruminococcaceae;g__Faecalibacterium;s__Faecalibacterium longum	GCF_020687245.1	95.0	d__Bacteria;p__Bacillota_A;c__Clostridia;o__Oscillospirales;f__Ruminococcaceae;g__Faecalibacterium;s__Faecalibacterium longum	96.53	0.849	GCF_020687245.1	95.0	d__Bacteria;p__Bacillota_A;c__Clostridia;o__Oscillospirales;f__Ruminococcaceae;g__Faecalibacterium;s__Faecalibacterium longum	96.53	0.849	d__Bacteria;p__Bacillota_A;c__Clostridia;o__Oscillospirales;f__Ruminococcaceae;g__Faecalibacterium;s__	taxonomic classification defined by topology and ANI	topological placement and ANI have congruent species assignments	GCA_934514285.1, s__Faecalibacterium sp934514285, 95.0, 95.57, 0.798; GCF_023347275.1, s__Faecalibacterium sp900758465, 95.0, 90.76, 0.746; GCA_002313795.1, s__Faecalibacterium prausnitzii_L, 95.0, 86.32, 0.391; GCF_019967995.1, s__Faecalibacterium prausnitzii_E, 95.0, 85.29, 0.339; GCF_003287455.1, s__Faecalibacterium hattorii, 95.0, 85.07, 0.321; GCA_900765705.1, s__Faecalibacterium sp900765705, 95.0, 84.96, 0.194; GCA_014858325.1, s__Faecalibacterium sp014858325, 95.0, 84.89, 0.26; GCA_025757845.1, s__Faecalibacterium sp900539945, 95.0, 84.67, 0.299; GCF_003287495.1, s__Faecalibacterium prausnitzii_I, 95.0, 84.61, 0.35; GCF_010509575.1, s__Faecalibacterium duncaniae, 95.0, 84.59, 0.273; GCF_002549775.1, s__Faecalibacterium prausnitzii_F, 95.0, 84.54, 0.291; GCF_023347535.1, s__Faecalibacterium sp900539885, 95.0, 84.18, 0.273; GCA_934526125.1, s__Faecalibacterium sp934526125, 95.0, 84.16, 0.249; GCA_934533135.1, s__Faecalibacterium sp934533135, 95.0, 84.13, 0.265; GCF_003324185.1, s__Faecalibacterium prausnitzii, 95.0, 84.04, 0.254; GCA_902463905.1, s__Faecalibacterium sp902463905, 95.0, 84.0, 0.181; GCA_934524985.1, s__Faecalibacterium sp934524985, 95.0, 83.99, 0.247; GCF_023347235.1, s__Faecalibacterium prausnitzii_A, 95.0, 83.88, 0.263; GCF_003287405.1, s__Faecalibacterium prausnitzii_J, 95.0, 83.87, 0.248; GCF_023347255.1, s__Faecalibacterium prausnitzii_D, 95.0, 83.86, 0.271; GCF_023347295.1, s__Faecalibacterium sp003449675, 95.0, 83.75, 0.246; GCA_934513205.1, s__Faecalibacterium sp934513205, 95.0, 83.75, 0.24; GCA_934503275.1, s__Faecalibacterium sp934503275, 95.0, 83.66, 0.224; GCA_934525845.1, s__Faecalibacterium sp934525845, 95.0, 83.65, 0.264; GCA_900551435.1, s__Faecalibacterium sp900551435, 95.0, 83.64, 0.234; GCA_934561555.1, s__Faecalibacterium sp934561555, 95.0, 83.55, 0.237; GCA_934547065.1, s__Faecalibacterium sp934547065, 95.0, 83.55, 0.206; GCA_934532365.1, s__Faecalibacterium sp934532365, 95.0, 83.45, 0.216; GCA_934501115.1, s__Faecalibacterium sp934501115, 95.0, 83.43, 0.204; GCA_934512105.1, s__Faecalibacterium sp934512105, 95.0, 83.17, 0.19; GCA_934548045.1, s__Faecalibacterium sp934548045, 95.0, 83.13, 0.236; GCA_900772565.1, s__Faecalibacterium sp900772565, 95.0, 83.01, 0.222; GCA_934561115.1, s__Faecalibacterium sp934561115, 95.0, 83.0, 0.204; GCA_900765105.1, s__Faecalibacterium sp900765105, 95.0, 82.96, 0.209; GCA_934539245.1, s__Faecalibacterium sp934539245, 95.0, 82.92, 0.198; GCA_934525735.1, s__Faecalibacterium sp934525735, 95.0, 82.91, 0.189; GCA_937915335.1, s__Faecalibacterium sp937915335, 95.0, 82.9, 0.173; GCA_934511465.1, s__Faecalibacterium sp934511465, 95.0, 82.88, 0.213; GCA_934525325.1, s__Faecalibacterium sp934525325, 95.0, 82.82, 0.177; GCA_905215595.1, s__Faecalibacterium sp905215595, 95.0, 82.78, 0.169; GCA_934540955.1, s__Faecalibacterium sp934540955, 95.0, 82.71, 0.196; GCA_934525405.1, s__Faecalibacterium sp934525405, 95.0, 82.35, 0.162; GCA_934553285.1, s__Faecalibacterium sp934553285, 95.0, 82.09, 0.176; GCA_934561485.1, s__Faecalibacterium sp934561485, 95.0, 82.07, 0.168; GCA_934518555.1, s__Faecalibacterium sp934518555, 95.0, 81.91, 0.152; GCA_004558805.1, s__Faecalibacterium prausnitzii_M, 95.0, 81.89, 0.183	48.26	11.0		
bin.38	k__Bacteria (UID203)	5449	104	58	9.8	0.0	0.0	400910	0	50	50	10308	10308	8018	8018	24147	24147	46.8	1.7	82.29	11	524	94	10	0	0	0	0	14.04	0.12	Neural Network (Specific Model)	11	0.823	10308	211.56297709923663	400910	0.47	524	50	24147		0	0	0.0	0.66185963	0.99998504	d__Bacteria;p__Bacillota_A;c__Clostridia;o__Oscillospirales;f__Ruminococcaceae;g__Ruminococcus_C;s__Ruminococcus_C sp000433635	GCA_000433635.1	95.0	d__Bacteria;p__Bacillota_A;c__Clostridia;o__Oscillospirales;f__Ruminococcaceae;g__Ruminococcus_C;s__Ruminococcus_C sp000433635	97.34	0.848						d__Bacteria;p__Bacillota_A;c__Clostridia;o__Oscillospirales;f__Ruminococcaceae;g__Ruminococcus_C;s__	taxonomic classification defined by topology and ANI	topological placement and ANI have incongruent species assignments	GCA_000433635.1, s__Ruminococcus_C sp000433635, 95.0, 97.34, 0.848; GCA_902464115.1, s__Ruminococcus_C sp902464115, 95.0, 94.58, 0.773	11.88	11.0		
bin.39	o__Selenomonadales (UID1024)	64	334	167	33.18	0.6	0.0	932578	0	84	84	16421	16421	11102	11102	38114	38114	43.8	4.33	85.68	11	1185	214	119	1	0	0	0	31.53	0.93	Neural Network (Specific Model)	11	0.857	16421	225.93839662447257	932578	0.44	1185	84	38114		0	0	0.0	0.6464064	0.99999785	d__Bacteria;p__Bacillota_C;c__Negativicutes;o__Acidaminococcales;f__Acidaminococcaceae;g__Phascolarctobacterium;s__Phascolarctobacterium faecium	GCF_003269275.1	95.0	d__Bacteria;p__Bacillota_C;c__Negativicutes;o__Acidaminococcales;f__Acidaminococcaceae;g__Phascolarctobacterium;s__Phascolarctobacterium faecium	98.86	0.894	GCF_003269275.1	95.0	d__Bacteria;p__Bacillota_C;c__Negativicutes;o__Acidaminococcales;f__Acidaminococcaceae;g__Phascolarctobacterium;s__Phascolarctobacterium faecium	98.86	0.894	d__Bacteria;p__Bacillota_C;c__Negativicutes;o__Acidaminococcales;f__Acidaminococcaceae;g__Phascolarctobacterium;s__	taxonomic classification defined by topology and ANI	topological placement and ANI have congruent species assignments	GCA_900551745.1, s__Phascolarctobacterium sp900551745, 95.0, 94.29, 0.505; GCF_900545535.1, s__Phascolarctobacterium sp900545535, 95.0, 85.91, 0.513; GCF_900544795.1, s__Phascolarctobacterium sp900544795, 95.0, 81.84, 0.253	29.39	11.0		
bin.4	o__Clostridiales (UID1226)	155	278	158	79.64	5.55	29.41	3149477	0	175	175	24137	24137	17997	17997	77884	77884	41.8	1.65	83.21	11	3525	71	192	14	1	0	0	82.08	4.02	Gradient Boost (General Model)	11	0.832	24137	249.1449645390071	3149477	0.42	3525	175	77884		0	0	0.0	1.5440608	0.9998431	d__Bacteria;p__Bacillota_A;c__Clostridia;o__Lachnospirales;f__Lachnospiraceae;g__Blautia_A;s__Blautia_A wexlerae	GCF_025148125.1	95.0	d__Bacteria;p__Bacillota_A;c__Clostridia;o__Lachnospirales;f__Lachnospiraceae;g__Blautia_A;s__Blautia_A wexlerae	97.76	0.798	GCF_025148125.1	95.0	d__Bacteria;p__Bacillota_A;c__Clostridia;o__Lachnospirales;f__Lachnospiraceae;g__Blautia_A;s__Blautia_A wexlerae	97.76	0.798	d__Bacteria;p__Bacillota_A;c__Clostridia;o__Lachnospirales;f__Lachnospiraceae;g__Blautia_A;s__	taxonomic classification defined by topology and ANI	topological placement and ANI have congruent species assignments	GCF_013300825.1, s__Blautia_A wexlerae_B, 95.0, 94.37, 0.622; GCA_958454115.1, s__Blautia_A wexlerae_C, 95.0, 91.79, 0.391; GCA_019419095.1, s__Blautia_A sp019419095, 95.0, 90.21, 0.289; GCA_003471165.1, s__Blautia_A sp003471165, 95.0, 88.4, 0.396; GCF_014297245.1, s__Blautia_A difficilis, 95.0, 87.98, 0.284; GCF_018919065.1, s__Blautia_A sp018919065, 95.0, 87.93, 0.342; GCF_009707925.1, s__Blautia_A luti, 95.0, 87.01, 0.276; GCA_934437695.1, s__Blautia_A sp934437695, 95.0, 86.16, 0.376; GCA_003477525.1, s__Blautia_A sp003477525, 95.0, 86.16, 0.275; GCA_905209435.1, s__Blautia_A sp905209435, 95.0, 84.56, 0.208; GCA_934426285.1, s__Blautia_A sp934426285, 95.0, 84.15, 0.173	52.85	11.0		Genome has more than 12.5% of markers with multiple hits
bin.40_sub	k__Bacteria (UID203)	5449	103	57	7.02	0.0	0.0	1409524	0	98	98	24600	24600	14382	14382	172929	172929	37.6	1.95	82.34	11	1785	96	7	0	0	0	0	24.81	1.01	Neural Network (Specific Model)	11	0.823	24600	217.88851540616247	1409524	0.38	1785	98	172929		1	7634	0.005416012781619894	1.2113049	0.9992792	Unclassified Bacteria																		Insufficient number of amino acids in MSA (9.1%)
bin.45	o__Clostridiales (UID1212)	172	263	149	42.23	1.57	0.0	978344	0	58	58	25739	25739	16868	16868	52364	52364	26.9	1.39	81.71	11	1336	139	121	3	0	0	0	58.8	0.26	Gradient Boost (General Model)	11	0.817	25739	200.31062874251495	978344	0.27	1336	58	52364		0	0	0.0	0.72979283	0.99999696	d__Bacteria;p__Bacillota_A;c__Clostridia;o__TANB77;f__CAG-508;g__Merdicola;s__Merdicola sp900552655	GCA_900552655.1	95.0	d__Bacteria;p__Bacillota_A;c__Clostridia;o__TANB77;f__CAG-508;g__Merdicola;s__Merdicola sp900552655	98.01	0.855	GCA_900552655.1	95.0	d__Bacteria;p__Bacillota_A;c__Clostridia;o__TANB77;f__CAG-508;g__Merdicola;s__Merdicola sp900552655	98.01	0.855	d__Bacteria;p__Bacillota_A;c__Clostridia;o__TANB77;f__CAG-508;g__Merdicola;s__	taxonomic classification defined by topology and ANI	topological placement and ANI have congruent species assignments	GCA_958422985.1, s__Merdicola sp958422985, 95.0, 94.11, 0.711; GCA_900754085.1, s__Merdicola sp900754085, 95.0, 91.31, 0.697; GCA_900759015.1, s__Merdicola sp900759015, 95.0, 84.47, 0.365; GCA_944391965.1, s__Merdicola sp944391965, 95.0, 84.42, 0.33; GCA_018371855.1, s__Merdicola sp018371855, 95.0, 84.09, 0.373; GCA_946497695.1, s__Merdicola sp946497695, 95.0, 84.09, 0.355; GCA_001915925.1, s__Merdicola sp001915925, 95.0, 83.91, 0.354; GCA_900553015.1, s__Merdicola sp900553015, 95.0, 83.84, 0.379; GCA_930990555.1, s__Merdicola sp930990555, 95.0, 83.46, 0.333; GCA_944392945.1, s__Merdicola sp944392945, 95.0, 82.24, 0.226; GCA_944388935.1, s__Merdicola sp944388935, 95.0, 82.09, 0.182; GCA_944389475.1, s__Merdicola sp944389475, 95.0, 81.46, 0.207	46.24	11.0		
bin.47	o__Clostridiales (UID1212)	172	263	149	93.62	0.0	0.0	2194445	0	23	23	170801	170801	95410	95410	399349	399349	39.4	1.53	85.19	11	2115	12	251	0	0	0	0	92.17	1.2	Neural Network (Specific Model)	11	0.852	170801	295.2269503546099	2194445	0.39	2115	23	399349		0	0	0.0	1.7677178	0.9999991	d__Bacteria;p__Bacillota_A;c__Clostridia;o__Oscillospirales;f__Acutalibacteraceae;g__Ruminococcus_E;s__Ruminococcus_E intestinalis	GCF_014288065.1	95.0	d__Bacteria;p__Bacillota_A;c__Clostridia;o__Oscillospirales;f__Acutalibacteraceae;g__Ruminococcus_E;s__Ruminococcus_E intestinalis	98.06	0.821	GCF_014288065.1	95.0	d__Bacteria;p__Bacillota_A;c__Clostridia;o__Oscillospirales;f__Acutalibacteraceae;g__Ruminococcus_E;s__Ruminococcus_E intestinalis	98.06	0.821	d__Bacteria;p__Bacillota_A;c__Clostridia;o__Oscillospirales;f__Acutalibacteraceae;g__Ruminococcus_E;s__	taxonomic classification defined by topology and ANI	topological placement and ANI have congruent species assignments	GCF_003438075.1, s__Ruminococcus_E sp003438075, 95.0, 90.8, 0.62; GCA_900755995.1, s__Ruminococcus_E sp900755995, 95.0, 82.26, 0.193	93.57	11.0		
bin.50_sub	k__Bacteria (UID203)	5449	103	57	12.44	0.0	0.0	606296	0	37	37	17916	17916	16386	16386	57544	57544	36.9	1.44	80.1	11	774	92	11	0	0	0	0	12.18	0.05	Neural Network (Specific Model)	11	0.801	17916	210.5968992248062	606296	0.37	774	37	57544		0	0	0.0	0.9101912	0.9999373	d__Bacteria;p__Bacillota_A;c__Clostridia;o__Lachnospirales;f__Lachnospiraceae;g__Anaerobutyricum;s__						GCF_900209925.1	95.0	d__Bacteria;p__Bacillota_A;c__Clostridia;o__Lachnospirales;f__Lachnospiraceae;g__Anaerobutyricum;s__Anaerobutyricum soehngenii	96.97	0.479	d__Bacteria;p__Bacillota_A;c__Clostridia;o__Lachnospirales;f__Lachnospiraceae;g__Anaerobutyricum;s__	taxonomic classification defined by topology and ANI	classification based on placement in class-level tree	GCF_000173975.1, s__Anaerobutyricum hallii, 95.0, 86.56, 0.15	11.62	11.0	0.99999	
bin.53	k__Bacteria (UID203)	5449	104	58	21.55	0.0	0.0	492284	0	40	40	18005	18005	12307	12307	36054	36054	60.6	2.28	79.33	11	658	90	14	0	0	0	0	12.69	0.45	Neural Network (Specific Model)	11	0.793	18005	199.5212765957447	492284	0.61	658	40	36054		0	0	0.0	0.77291995	0.9999919	Unclassified Bacteria																		Insufficient number of amino acids in MSA (8.3%)
bin.56	o__Clostridiales (UID1226)	155	278	158	88.11	1.69	0.0	3232742	0	66	66	90791	90791	48980	48980	377668	377668	47.4	2.27	86.75	11	3118	34	240	4	0	0	0	86.79	2.38	Neural Network (Specific Model)	11	0.867	90791	300.5590121872996	3232742	0.47	3118	66	377668		0	0	0.0	1.5432553	0.99999815	d__Bacteria;p__Bacillota_A;c__Clostridia;o__Lachnospirales;f__Lachnospiraceae;g__Fusicatenibacter;s__Fusicatenibacter saccharivorans	GCF_027667425.1	95.0	d__Bacteria;p__Bacillota_A;c__Clostridia;o__Lachnospirales;f__Lachnospiraceae;g__Fusicatenibacter;s__Fusicatenibacter saccharivorans	97.34	0.755	GCF_027667425.1	95.0	d__Bacteria;p__Bacillota_A;c__Clostridia;o__Lachnospirales;f__Lachnospiraceae;g__Fusicatenibacter;s__Fusicatenibacter saccharivorans	97.34	0.755	d__Bacteria;p__Bacillota_A;c__Clostridia;o__Lachnospirales;f__Lachnospiraceae;g__Fusicatenibacter;s__	taxonomic classification defined by topology and ANI	topological placement and ANI have congruent species assignments	GCA_900772675.1, s__Fusicatenibacter sp900772675, 95.0, 91.01, 0.539	76.21	11.0		
bin.57	f__Lachnospiraceae (UID1286)	57	420	207	89.24	2.0	0.0	3085903	0	59	59	118365	118365	52303	52303	288639	288639	43.1	1.79	88.91	11	3270	65	349	6	0	0	0	86.57	3.45	Neural Network (Specific Model)	11	0.889	118365	280.7623853211009	3085903	0.43	3270	59	288639		0	0	0.0	1.6112256	0.99976087	d__Bacteria;p__Bacillota_A;c__Clostridia;o__Lachnospirales;f__Lachnospiraceae;g__Agathobacter;s__Agathobacter faecis	GCF_001406815.1	95.0	d__Bacteria;p__Bacillota_A;c__Clostridia;o__Lachnospirales;f__Lachnospiraceae;g__Agathobacter;s__Agathobacter faecis	98.02	0.793	GCF_001406815.1	95.0	d__Bacteria;p__Bacillota_A;c__Clostridia;o__Lachnospirales;f__Lachnospiraceae;g__Agathobacter;s__Agathobacter faecis	98.02	0.793	d__Bacteria;p__Bacillota_A;c__Clostridia;o__Lachnospirales;f__Lachnospiraceae;g__Agathobacter;s__	taxonomic classification defined by topology and ANI	topological placement and ANI have congruent species assignments	GCA_002474415.1, s__Agathobacter sp002474415, 95.0, 91.27, 0.612	69.57	11.0		
bin.58	k__Bacteria (UID203)	5449	102	56	15.96	0.0	0.0	1194163	0	51	51	41700	41700	23414	23414	90684	90684	52.0	2.43	84.43	11	1403	85	17	0	0	0	0	27.4	3.53	Neural Network (Specific Model)	11	0.844	41700	240.95652173913044	1194163	0.52	1403	51	90684		0	0	0.0	2.13531	0.999701	Unclassified Bacteria																		Insufficient number of amino acids in MSA (9.4%)
bin.6	f__Lachnospiraceae (UID1286)	57	420	207	12.56	0.0	0.0	613239	0	12	12	64175	64175	51103	51103	114487	114487	43.4	1.6	83.45	11	704	350	70	0	0	0	0	15.82	0.1	Neural Network (Specific Model)	11	0.835	64175	243.2528409090909	613239	0.43	704	12	114487		0	0	0.0	2.3367014	0.9999951	d__Bacteria;p__Bacillota_A;c__Clostridia;o__Lachnospirales;f__Lachnospiraceae;g__Agathobacter;s__											d__Bacteria;p__Bacillota_A;c__Clostridia;o__Lachnospirales;f__Lachnospiraceae;g__Agathobacter;s__	taxonomic classification defined by topology and ANI	classification based on placement in class-level tree	GCF_001406815.1, s__Agathobacter faecis, 95.0, 95.78, 0.248	18.29	11.0	0.99114	
bin.61	o__Clostridiales (UID1212)	172	260	146	95.55	0.34	100.0	3138805	0	40	40	167435	167435	78470	78470	504648	504648	42.8	2.09	87.38	11	3072	8	251	1	0	0	0	99.73	5.97	Neural Network (Specific Model)	11	0.874	167435	298.4026692708333	3138805	0.43	3072	40	504648		0	0	0.0	1.6452258	0.9999997	d__Bacteria;p__Bacillota_A;c__Clostridia;o__Oscillospirales;f__Ruminococcaceae;g__Hominimerdicola;s__Hominimerdicola aceti	GCF_025567495.1	95.0	d__Bacteria;p__Bacillota_A;c__Clostridia;o__Oscillospirales;f__Ruminococcaceae;g__Hominimerdicola;s__Hominimerdicola aceti	97.26	0.805	GCF_025567495.1	95.0	d__Bacteria;p__Bacillota_A;c__Clostridia;o__Oscillospirales;f__Ruminococcaceae;g__Hominimerdicola;s__Hominimerdicola aceti	97.26	0.805	d__Bacteria;p__Bacillota_A;c__Clostridia;o__Oscillospirales;f__Ruminococcaceae;g__Hominimerdicola;s__	taxonomic classification defined by topology and ANI	topological placement and ANI have congruent species assignments	GCA_934435205.1, s__Hominimerdicola sp934435205, 95.0, 94.67, 0.786; GCA_937898375.1, s__Hominimerdicola sp937898375, 95.0, 91.51, 0.69; GCF_900539095.1, s__Hominimerdicola sp900539095, 95.0, 90.1, 0.718; GCF_019423705.1, s__Hominimerdicola sp019423705, 95.0, 82.28, 0.214	90.82	11.0		
bin.63	o__Bacteroidales (UID2657)	160	492	269	70.21	0.87	66.67	3414610	0	44	44	155153	155153	77604	77604	294364	294364	46.3	2.31	90.19	11	2968	140	349	3	0	0	0	78.07	0.38	Neural Network (Specific Model)	11	0.902	155153	346.52425876010784	3414610	0.46	2968	44	294364		0	0	0.0	2.1965833	0.99989396	d__Bacteria;p__Bacteroidota;c__Bacteroidia;o__Bacteroidales;f__Bacteroidaceae;g__Bacteroides;s__Bacteroides uniformis	GCF_025147485.1	95.0	d__Bacteria;p__Bacteroidota;c__Bacteroidia;o__Bacteroidales;f__Bacteroidaceae;g__Bacteroides;s__Bacteroides uniformis	98.4	0.801	GCF_025147485.1	95.0	d__Bacteria;p__Bacteroidota;c__Bacteroidia;o__Bacteroidales;f__Bacteroidaceae;g__Bacteroides;s__Bacteroides uniformis	98.4	0.801	d__Bacteria;p__Bacteroidota;c__Bacteroidia;o__Bacteroidales;f__Bacteroidaceae;g__Bacteroides;s__	taxonomic classification defined by topology and ANI	topological placement and ANI have congruent species assignments	GCF_000614125.1, s__Bacteroides rodentium, 95.0, 94.22, 0.621; GCF_004793475.1, s__Bacteroides muris, 95.0, 91.17, 0.503; GCA_905197435.1, s__Bacteroides sp905197435, 95.0, 88.09, 0.416; GCA_902388495.1, s__Bacteroides sp902388495, 95.0, 80.85, 0.171	71.38	11.0		
bin.8_sub	k__Bacteria (UID203)	5449	104	58	49.14	10.34	100.0	3425184	0	293	293	14285	14285	11690	11690	46847	46847	41.6	1.96	85.41	11	4278	71	27	6	0	0	0	47.38	9.39	Neural Network (Specific Model)	11	0.854	14285	229.54301075268816	3425184	0.42	4278	293	46847		0	0	0.0	0.8061675	0.99999475	d__Bacteria;p__Bacteroidota;c__Bacteroidia;o__Bacteroidales;f__Bacteroidaceae;g__Bacteroides;s__						GCA_948436425.1	95.0	d__Bacteria;p__Bacteroidota;c__Bacteroidia;o__Bacteroidales;f__Bacteroidaceae;g__Bacteroides;s__Bacteroides sp948436425	94.54	0.439	d__Bacteria;p__Bacteroidota;c__Bacteroidia;o__Bacteroidales;f__Bacteroidaceae;g__Bacteroides;s__	taxonomic classification defined by topology and ANI	classification based on placement in class-level tree	GCF_000210075.1, s__Bacteroides xylanisolvens, 95.0, 94.02, 0.524; GCA_959606905.1, s__Bacteroides sp959606905, 95.0, 92.66, 0.297; GCF_002222615.2, s__Bacteroides caccae, 95.0, 91.18, 0.408; GCF_009193295.2, s__Bacteroides luhongzhouii, 95.0, 90.67, 0.433; GCF_001314995.1, s__Bacteroides ovatus, 95.19, 90.13, 0.462; GCA_948742525.1, s__Bacteroides caecimuris_A, 95.0, 90.12, 0.254; GCF_001688725.2, s__Bacteroides caecimuris, 95.0, 89.7, 0.314; GCF_958387885.1, s__Bacteroides sp019412865, 95.0, 89.68, 0.371; GCA_902362375.1, s__Bacteroides sp902362375, 95.0, 88.06, 0.396; GCA_019117555.1, s__Bacteroides intestinigallinarum, 95.0, 87.67, 0.366; GCA_900755095.1, s__Bacteroides sp900755095, 95.0, 86.78, 0.153; GCA_900556625.1, s__Bacteroides sp900556625, 95.0, 86.48, 0.204; GCF_024623065.1, s__Bacteroides acidifaciens, 95.0, 85.11, 0.222; GCA_947038155.1, s__Bacteroides sp947038155, 95.0, 84.85, 0.161; GCF_903181435.1, s__Bacteroides sp900765785, 95.0, 84.7, 0.225; GCF_012113595.1, s__Bacteroides faecium, 95.0, 84.14, 0.272; GCF_902491285.1, s__Bacteroides sp902491285, 95.0, 83.95, 0.239; GCF_900130125.1, s__Bacteroides congonensis, 95.0, 83.88, 0.247; GCF_900761785.1, s__Bacteroides sp900761785, 95.0, 83.47, 0.214; GCA_030295565.1, s__Bacteroides finegoldii, 95.57, 83.29, 0.155; GCF_014750685.1, s__Bacteroides sp014750685, 95.0, 83.07, 0.24; GCF_009193325.2, s__Bacteroides zhangwenhongii, 95.0, 82.9, 0.18	30.78	11.0	0.99581	Genome not assigned to closest species as it falls outside its pre-defined ANI radius
bin.9	p__Bacteroidetes (UID2605)	350	314	208	47.74	0.0	0.0	1980462	0	107	107	26058	26058	18508	18508	94935	94935	58.8	2.55	83.22	11	2288	161	153	0	0	0	0	45.39	1.17	Neural Network (Specific Model)	11	0.832	26058	241.5013111888112	1980462	0.59	2288	107	94935		0	0	0.0	0.8819398	0.99999547	d__Bacteria;p__Bacteroidota;c__Bacteroidia;o__Bacteroidales;f__Rikenellaceae;g__Alistipes;s__Alistipes finegoldii	GCF_000265365.1	95.0	d__Bacteria;p__Bacteroidota;c__Bacteroidia;o__Bacteroidales;f__Rikenellaceae;g__Alistipes;s__Alistipes finegoldii	98.3	0.877	GCF_000265365.1	95.0	d__Bacteria;p__Bacteroidota;c__Bacteroidia;o__Bacteroidales;f__Rikenellaceae;g__Alistipes;s__Alistipes finegoldii	98.3	0.877	d__Bacteria;p__Bacteroidota;c__Bacteroidia;o__Bacteroidales;f__Rikenellaceae;g__Alistipes;s__	taxonomic classification defined by topology and ANI	topological placement and ANI have congruent species assignments	GCF_021204515.1, s__Alistipes sp021204515, 95.0, 92.42, 0.704; GCA_934754975.1, s__Alistipes sp934754975, 95.0, 90.61, 0.602; GCF_025145285.1, s__Alistipes onderdonkii, 95.0, 85.31, 0.388; GCF_025145845.1, s__Alistipes shahii, 95.0, 84.9, 0.259; GCF_902388705.1, s__Alistipes sp902388705, 95.0, 83.58, 0.286; GCF_900541585.1, s__Alistipes sp900541585, 95.0, 83.39, 0.2; GCF_025145645.1, s__Alistipes senegalensis, 95.0, 83.09, 0.211; GCF_900083545.1, s__Alistipes provencensis, 95.0, 82.38, 0.218; GCA_001941065.1, s__Alistipes sp001941065, 95.0, 82.33, 0.187; GCF_900107675.1, s__Alistipes timonensis, 95.0, 82.08, 0.179; GCF_018362775.1, s__Alistipes montrealensis, 95.0, 81.6, 0.179; GCA_949840605.1, s__Alistipes sp949840605, 95.0, 81.35, 0.151	39.94	11.0		
rosella_bin_108_sub	k__Bacteria (UID203)	5449	103	57	1.75	0.0	0.0	3820	0	1	1	3820	3820	3820	3820	3820	3820	42.0	0.0	65.42	11	6	101	2	0	0	0	0	5.96	0.0	Gradient Boost (General Model)	11	0.654	3820	138.83333333333334	3820	0.42	6	1	3820		0	0	0.0	1.4114096	1.0	Unclassified Bacteria																		Insufficient number of amino acids in MSA (1.7%)
rosella_bin_10_sub	k__Bacteria (UID203)	5449	104	58	10.34	0.0	0.0	535303	0	12	12	113857	113857	44608	44608	165031	165031	51.5	1.42	84.44	11	650	97	7	0	0	0	0	8.5	0.14	Neural Network (Specific Model)	11	0.844	113857	233.5123076923077	535303	0.52	650	12	165031		1	26475	0.049457970532576875	2.1461911	0.99933124	Unclassified Bacteria																		Insufficient number of amino acids in MSA (6.4%)
rosella_bin_200_sub	o__Bacteroidales (UID2621)	198	427	260	1.92	0.0	0.0	47705	0	5	5	9332	9332	9541	9541	14948	14948	42.9	2.98	73.37	11	69	401	26	0	0	0	0	25.14	0.02	Gradient Boost (General Model)	11	0.734	9332	171.1014492753623	47705	0.43	69	5	14948		0	0	0.0	1.1735487	0.999979	Unclassified Bacteria																		Insufficient number of amino acids in MSA (9.0%)
rosella_bin_46_sub	k__Bacteria (UID203)	5449	103	57	2.63	0.0	0.0	66237	0	12	12	5693	5693	5519	5519	9227	9227	42.3	5.29	74.8	11	83	101	2	0	0	0	0	4.04	0.0	Neural Network (Specific Model)	11	0.748	5693	199.8192771084337	66237	0.42	83	12	9227		0	0	0.0	0.5745156	1.0	Unclassified Bacteria																		Insufficient number of amino acids in MSA (2.3%)
rosella_bin_71_sub	f__Bifidobacteriaceae (UID1462)	65	476	217	18.06	0.12	0.0	443437	0	32	32	17791	17791	13857	13857	51792	51792	61.2	2.03	82.86	11	579	385	90	1	0	0	0	13.49	0.09	Neural Network (Specific Model)	11	0.829	17791	213.30224525043175	443437	0.61	579	32	51792		0	0	0.0	0.6014307	1.0	Unclassified Bacteria																		Insufficient number of amino acids in MSA (8.0%)
rosella_refined_0_21_sub	root (UID1)	5656	56	24	0.0	0.0	0.0	306880	0	14	14	46274	46274	21920	21920	78596	78596	44.7	1.52	85.79	11	380	56	0	0	0	0	0	7.52	0.08	Neural Network (Specific Model)	11	0.858	46274	232.47894736842105	306880	0.45	380	14	78596		0	0	0.0	3.5746112	0.9999935	Unclassified																		No bacterial or archaeal marker
rosella_refined_0_24	o__Bacteroidales (UID2657)	160	492	269	78.07	0.07	0.0	2877780	0	6	6	808824	808824	479630	479630	1055846	1055846	45.5	0.52	89.95	11	2451	87	404	1	0	0	0	74.86	0.23	Neural Network (Specific Model)	11	0.899	808824	352.4936760505916	2877780	0.45	2451	6	1055846		0	0	0.0	6.124597	1.0	d__Bacteria;p__Bacteroidota;c__Bacteroidia;o__Bacteroidales;f__Bacteroidaceae;g__Bacteroides;s__Bacteroides stercoris	GCF_025147325.1	95.0	d__Bacteria;p__Bacteroidota;c__Bacteroidia;o__Bacteroidales;f__Bacteroidaceae;g__Bacteroides;s__Bacteroides stercoris	98.7	0.734	GCA_958432865.1	95.0	d__Bacteria;p__Bacteroidota;c__Bacteroidia;o__Bacteroidales;f__Bacteroidaceae;g__Bacteroides;s__Bacteroides stercoris_A	98.95	0.482	d__Bacteria;p__Bacteroidota;c__Bacteroidia;o__Bacteroidales;f__Bacteroidaceae;g__Bacteroides;s__	taxonomic classification defined by topology and ANI		GCF_900129655.1, s__Bacteroides clarus, 95.0, 86.94, 0.464; GCF_018390535.1, s__Bacteroides propionicigenes, 95.0, 84.85, 0.376; GCF_025146565.1, s__Bacteroides eggerthii, 95.0, 84.44, 0.364; GCF_000374365.1, s__Bacteroides gallinarum, 95.0, 82.61, 0.291; GCF_910578895.1, s__Bacteroides sp910578895, 95.0, 82.4, 0.242	81.39	11.0		
rosella_refined_0_25	k__Bacteria (UID203)	5449	104	58	12.07	0.0	0.0	964061	0	4	4	291929	291929	241015	241015	429166	429166	47.1	0.79	88.39	11	866	97	7	0	0	0	0	20.38	1.34	Neural Network (Specific Model)	11	0.884	291929	328.40877598152423	964061	0.47	866	4	429166		0	0	0.0	4.861917	1.0	d__Bacteria;p__Bacteroidota;c__Bacteroidia;o__Bacteroidales;f__Bacteroidaceae;g__Bacteroides;s__Bacteroides stercoris	GCF_025147325.1	95.0	d__Bacteria;p__Bacteroidota;c__Bacteroidia;o__Bacteroidales;f__Bacteroidaceae;g__Bacteroides;s__Bacteroides stercoris	98.27	0.729	GCF_025147325.1	95.0	d__Bacteria;p__Bacteroidota;c__Bacteroidia;o__Bacteroidales;f__Bacteroidaceae;g__Bacteroides;s__Bacteroides stercoris	98.27	0.729	d__Bacteria;p__Bacteroidota;c__Bacteroidia;o__Bacteroidales;f__Bacteroidaceae;g__Bacteroides;s__	taxonomic classification defined by topology and ANI	topological placement and ANI have congruent species assignments	GCF_900129655.1, s__Bacteroides clarus, 95.0, 87.06, 0.471; GCF_018390535.1, s__Bacteroides propionicigenes, 95.0, 83.94, 0.246; GCF_025146565.1, s__Bacteroides eggerthii, 95.0, 82.22, 0.226; GCF_000374365.1, s__Bacteroides gallinarum, 95.0, 81.64, 0.206; GCF_910578895.1, s__Bacteroides sp910578895, 95.0, 81.56, 0.208	10.74	11.0		
rosella_refined_0_27_sub	root (UID1)	5656	56	24	0.0	0.0	0.0	129084	0	3	3	54669	54669	43028	43028	58092	58092	46.7	0.5	84.39	11	149	56	0	0	0	0	0	3.91	0.0	Neural Network (Specific Model)	11	0.844	54669	244.6979865771812	129084	0.47	149	3	58092		1	54671	0.4235304143038642	4.1485825	1.0	Unclassified																		No bacterial or archaeal marker
rosella_refined_0_3_sub	root (UID1)	5656	56	24	0.0	0.0	0.0	65258	0	13	13	5309	5309	5019	5019	8711	8711	39.3	5.38	78.15	11	94	56	0	0	0	0	0	2.51	0.0	Neural Network (Specific Model)	11	0.781	5309	182.7340425531915	65258	0.39	94	13	8711		0	0	0.0	0.5364596	1.0	Unclassified																		No bacterial or archaeal marker
