Bin Id	Marker lineage	# genomes	# markers	# marker sets	Completeness (CheckM1)	Contamination (CheckM1)	Strain heterogeneity	Genome size (bp)	# ambiguous bases	# scaffolds	# contigs	N50 (scaffolds)	N50 (contigs)	Mean scaffold length (bp)	Mean contig length (bp)	Longest scaffold (bp)	Longest contig (bp)	GC	GC std (scaffolds > 1kbp)	Coding density	Translation table	# predicted genes	0	1	2	3	4	5+	Completeness (CheckM2)	Contamination (CheckM2)	Completeness_Model_Used	Translation_Table_Used	Coding_Density	Contig_N50	Average_Gene_Length	Genome_Size	GC_Content	Total_Coding_Sequences	Total_Contigs	Max_Contig_Length	Additional_Notes	Circular contigs	Circular bp	Circular fraction	AT005_conc_final.fastq Relative Abundance (%)	AT005_conc_final.fastq Covered Fraction	classification	closest_genome_reference	closest_genome_reference_radius	closest_genome_taxonomy	closest_genome_ani	closest_genome_af	closest_placement_reference	closest_placement_radius	closest_placement_taxonomy	closest_placement_ani	closest_placement_af	pplacer_taxonomy	classification_method	note	other_related_references(genome_id,species_name,radius,ANI,AF)	msa_percent	translation_table	red_value	warnings
bin.10_sub	p__Bacteroidetes (UID2605)	350	314	208	65.06	0.32	0.0	1777108	0	153	153	16112	16112	11615	11615	42364	42364	54.7	3.21	83.82	11	1998	101	211	2	0	0	0	61.75	0.73	Neural Network (Specific Model)	11	0.838	16112	249.62862862862863	1777108	0.55	1998	153	42364		0	0	0.0	1.1077644	0.99998033	d__Bacteria;p__Bacteroidota;c__Bacteroidia;o__Bacteroidales;f__Rikenellaceae;g__Alistipes;s__Alistipes putredinis	GCF_000154465.1	95.0	d__Bacteria;p__Bacteroidota;c__Bacteroidia;o__Bacteroidales;f__Rikenellaceae;g__Alistipes;s__Alistipes putredinis	98.41	0.8	GCF_000154465.1	95.0	d__Bacteria;p__Bacteroidota;c__Bacteroidia;o__Bacteroidales;f__Rikenellaceae;g__Alistipes;s__Alistipes putredinis	98.41	0.8	d__Bacteria;p__Bacteroidota;c__Bacteroidia;o__Bacteroidales;f__Rikenellaceae;g__Alistipes;s__	taxonomic classification defined by topology and ANI	topological placement and ANI have congruent species assignments		54.64	11.0		
bin.11	o__Selenomonadales (UID1024)	64	334	167	13.44	0.0	0.0	540928	0	55	55	12520	12520	9835	9835	23775	23775	43.1	3.83	84.16	11	727	281	53	0	0	0	0	15.3	0.06	Neural Network (Specific Model)	11	0.841	12520	210.16918844566712	540928	0.43	727	55	23775		0	0	0.0	0.7365723	1.0	d__Bacteria;p__Bacillota_C;c__Negativicutes;o__Acidaminococcales;f__Acidaminococcaceae;g__Phascolarctobacterium;s__Phascolarctobacterium faecium	GCF_003269275.1	95.0	d__Bacteria;p__Bacillota_C;c__Negativicutes;o__Acidaminococcales;f__Acidaminococcaceae;g__Phascolarctobacterium;s__Phascolarctobacterium faecium	98.84	0.905	GCA_900551745.1	95.0	d__Bacteria;p__Bacillota_C;c__Negativicutes;o__Acidaminococcales;f__Acidaminococcaceae;g__Phascolarctobacterium;s__Phascolarctobacterium sp900551745	94.12	0.519	d__Bacteria;p__Bacillota_C;c__Negativicutes;o__Acidaminococcales;f__Acidaminococcaceae;g__Phascolarctobacterium;s__	taxonomic classification defined by topology and ANI		GCF_900545535.1, s__Phascolarctobacterium sp900545535, 95.0, 85.93, 0.487; GCF_900544795.1, s__Phascolarctobacterium sp900544795, 95.0, 82.59, 0.255	13.03	11.0		
bin.12	g__Bacteroides (UID2691)	33	839	309	68.74	11.55	78.5	4395844	0	410	410	13184	13184	10721	10721	70020	70020	42.1	1.83	87.08	11	4958	221	515	101	2	0	0	74.1	11.15	Gradient Boost (General Model)	11	0.871	13184	258.7555465913675	4395844	0.42	4958	410	70020		0	0	0.0	1.4095505	0.9999138	d__Bacteria;p__Bacteroidota;c__Bacteroidia;o__Bacteroidales;f__Bacteroidaceae;g__Bacteroides;s__Bacteroides xylanisolvens	GCF_000210075.1	95.0	d__Bacteria;p__Bacteroidota;c__Bacteroidia;o__Bacteroidales;f__Bacteroidaceae;g__Bacteroides;s__Bacteroides xylanisolvens	96.13	0.684						d__Bacteria;p__Bacteroidota;c__Bacteroidia;o__Bacteroidales;f__Bacteroidaceae;g__Bacteroides;s__	taxonomic classification defined by topology and ANI	topological placement and ANI have incongruent species assignments	GCF_000210075.1, s__Bacteroides xylanisolvens, 95.0, 96.13, 0.684; GCA_948436425.1, s__Bacteroides sp948436425, 95.0, 95.59, 0.52; GCF_009193295.2, s__Bacteroides luhongzhouii, 95.0, 93.0, 0.569; GCA_948742525.1, s__Bacteroides caecimuris_A, 95.0, 92.15, 0.401; GCF_001314995.1, s__Bacteroides ovatus, 95.19, 91.83, 0.606; GCF_001688725.2, s__Bacteroides caecimuris, 95.0, 90.77, 0.39; GCA_959606905.1, s__Bacteroides sp959606905, 95.0, 90.56, 0.23; GCF_958387885.1, s__Bacteroides sp019412865, 95.0, 90.35, 0.502; GCA_019117555.1, s__Bacteroides intestinigallinarum, 95.0, 89.04, 0.477; GCA_902362375.1, s__Bacteroides sp902362375, 95.0, 89.01, 0.509; GCA_900755095.1, s__Bacteroides sp900755095, 95.0, 88.94, 0.282; GCF_002222615.2, s__Bacteroides caccae, 95.0, 87.34, 0.313; GCF_024623065.1, s__Bacteroides acidifaciens, 95.0, 85.88, 0.262; GCA_900556625.1, s__Bacteroides sp900556625, 95.0, 85.65, 0.249; GCF_903181435.1, s__Bacteroides sp900765785, 95.0, 85.15, 0.256; GCA_030295565.1, s__Bacteroides finegoldii, 95.57, 85.1, 0.221; GCF_012113595.1, s__Bacteroides faecium, 95.0, 84.89, 0.305; GCA_947038155.1, s__Bacteroides sp947038155, 95.0, 84.84, 0.232; GCF_900130125.1, s__Bacteroides congonensis, 95.0, 84.48, 0.289; GCF_900761785.1, s__Bacteroides sp900761785, 95.0, 84.22, 0.241; GCF_902491285.1, s__Bacteroides sp902491285, 95.0, 84.13, 0.247; GCF_014750685.1, s__Bacteroides sp014750685, 95.0, 83.99, 0.288; GCF_009193325.2, s__Bacteroides zhangwenhongii, 95.0, 83.87, 0.215; GCF_000011065.1, s__Bacteroides thetaiotaomicron, 95.0, 83.51, 0.211; GCA_948847595.1, s__Bacteroides sp948847595, 95.0, 83.41, 0.177; GCA_019412825.1, s__Bacteroides thetaiotaomicron_A, 95.0, 83.07, 0.193; GCF_900106755.1, s__Bacteroides faecis, 95.0, 82.81, 0.169	53.72	11.0		Genome has more than 12.5% of markers with multiple hits
bin.13	o__Clostridiales (UID1226)	155	278	158	71.47	0.02	0.0	2577543	0	191	191	16545	16545	13494	13494	58101	58101	41.6	1.86	83.23	11	2836	93	184	1	0	0	0	66.86	2.12	Neural Network (Specific Model)	11	0.832	16545	253.2045133991537	2577543	0.42	2836	191	58101		0	0	0.0	1.3212941	0.999981	d__Bacteria;p__Bacillota_A;c__Clostridia;o__Lachnospirales;f__Lachnospiraceae;g__Blautia_A;s__Blautia_A wexlerae	GCF_025148125.1	95.0	d__Bacteria;p__Bacillota_A;c__Clostridia;o__Lachnospirales;f__Lachnospiraceae;g__Blautia_A;s__Blautia_A wexlerae	97.89	0.831	GCF_025148125.1	95.0	d__Bacteria;p__Bacillota_A;c__Clostridia;o__Lachnospirales;f__Lachnospiraceae;g__Blautia_A;s__Blautia_A wexlerae	97.89	0.831	d__Bacteria;p__Bacillota_A;c__Clostridia;o__Lachnospirales;f__Lachnospiraceae;g__Blautia_A;s__	taxonomic classification defined by topology and ANI	topological placement and ANI have congruent species assignments	GCA_958454115.1, s__Blautia_A wexlerae_C, 95.0, 94.28, 0.301; GCF_013300825.1, s__Blautia_A wexlerae_B, 95.0, 94.18, 0.611; GCA_019419095.1, s__Blautia_A sp019419095, 95.0, 90.7, 0.221; GCA_003471165.1, s__Blautia_A sp003471165, 95.0, 88.75, 0.38; GCF_018919065.1, s__Blautia_A sp018919065, 95.0, 88.72, 0.328; GCF_009707925.1, s__Blautia_A luti, 95.0, 87.43, 0.272; GCF_014297245.1, s__Blautia_A difficilis, 95.0, 87.3, 0.259; GCA_003477525.1, s__Blautia_A sp003477525, 95.0, 86.77, 0.284; GCA_905209435.1, s__Blautia_A sp905209435, 95.0, 86.04, 0.233; GCA_934437695.1, s__Blautia_A sp934437695, 95.0, 85.24, 0.282	55.73	11.0		
bin.136	o__Clostridiales (UID1226)	155	278	158	95.78	0.63	0.0	3545087	0	11	11	408826	408826	322280	322280	1034985	1034985	47.4	1.08	87.44	11	3170	8	269	1	0	0	0	97.98	1.07	Neural Network (Specific Model)	11	0.874	408826	326.5813880126183	3545087	0.47	3170	11	1034985		0	0	0.0	3.7463808	0.9999932	d__Bacteria;p__Bacillota_A;c__Clostridia;o__Lachnospirales;f__Lachnospiraceae;g__Fusicatenibacter;s__Fusicatenibacter saccharivorans	GCF_027667425.1	95.0	d__Bacteria;p__Bacillota_A;c__Clostridia;o__Lachnospirales;f__Lachnospiraceae;g__Fusicatenibacter;s__Fusicatenibacter saccharivorans	96.95	0.737	GCF_027667425.1	95.0	d__Bacteria;p__Bacillota_A;c__Clostridia;o__Lachnospirales;f__Lachnospiraceae;g__Fusicatenibacter;s__Fusicatenibacter saccharivorans	96.95	0.737	d__Bacteria;p__Bacillota_A;c__Clostridia;o__Lachnospirales;f__Lachnospiraceae;g__Fusicatenibacter;s__	taxonomic classification defined by topology and ANI	topological placement and ANI have congruent species assignments	GCA_900772675.1, s__Fusicatenibacter sp900772675, 95.0, 91.2, 0.573	92.27	11.0		
bin.14_sub	k__Bacteria (UID203)	5449	103	57	3.51	0.0	0.0	1945026	0	169	169	17741	17741	11509	11509	60665	60665	49.7	3.32	84.61	11	2471	100	3	0	0	0	0	29.34	10.52	Neural Network (Specific Model)	11	0.846	17741	223.6730068798057	1945026	0.5	2471	169	60665		1	16016	0.008234337227368682	1.8254099	0.9999923	Unclassified Bacteria																		Insufficient number of amino acids in MSA (1.7%)
bin.15	o__Clostridiales (UID1226)	155	278	158	80.76	3.8	44.44	2483288	0	83	83	54090	54090	29919	29919	111883	111883	41.8	1.44	88.54	11	2518	52	217	9	0	0	0	78.11	1.9	Neural Network (Specific Model)	11	0.885	54090	291.8582208101668	2483288	0.42	2518	83	111883		0	0	0.0	1.5961125	0.99997586	d__Bacteria;p__Bacillota_A;c__Clostridia;o__Lachnospirales;f__Lachnospiraceae;g__Blautia_A;s__Blautia_A obeum	GCF_025147765.1	95.0	d__Bacteria;p__Bacillota_A;c__Clostridia;o__Lachnospirales;f__Lachnospiraceae;g__Blautia_A;s__Blautia_A obeum	98.11	0.804	GCF_025147765.1	95.0	d__Bacteria;p__Bacillota_A;c__Clostridia;o__Lachnospirales;f__Lachnospiraceae;g__Blautia_A;s__Blautia_A obeum	98.11	0.804	d__Bacteria;p__Bacillota_A;c__Clostridia;o__Lachnospirales;f__Lachnospiraceae;g__Blautia_A;s__	taxonomic classification defined by topology and ANI	topological placement and ANI have congruent species assignments	GCF_934424005.1, s__Blautia_A sp934424005, 95.0, 95.06, 0.657; GCA_934378195.1, s__Blautia_A sp934378195, 95.0, 85.78, 0.417; GCF_018918125.1, s__Blautia_A sp018918125, 95.0, 84.85, 0.357; GCF_014297355.1, s__Blautia_A intestinalis, 95.0, 84.22, 0.281; GCA_900066355.1, s__Blautia_A sp900066355, 95.0, 84.12, 0.286; GCF_934372025.1, s__Blautia_A sp934372025, 95.0, 83.95, 0.322; GCF_900120195.1, s__Blautia_A sp900120195, 95.0, 83.77, 0.292; GCF_003461245.1, s__Blautia_A sp000436615, 95.0, 83.17, 0.206; GCA_934371915.1, s__Blautia_A sp934371915, 95.0, 82.97, 0.24; GCF_009883055.1, s__Blautia_A sp900548245, 95.0, 82.73, 0.186; GCF_934424575.1, s__Blautia_A sp934424575, 95.0, 82.16, 0.172	75.37	11.0		
bin.18	o__Bacteroidales (UID2654)	163	486	266	82.84	2.62	18.75	4009907	0	230	230	22662	22662	17434	17434	74301	74301	42.1	2.25	88.55	11	4068	82	388	16	0	0	0	77.09	4.06	Neural Network (Specific Model)	11	0.885	22662	292.0339233038348	4009907	0.42	4068	230	74301		0	0	0.0	1.4603745	0.9999983	d__Bacteria;p__Bacteroidota;c__Bacteroidia;o__Bacteroidales;f__Bacteroidaceae;g__Phocaeicola;s__Phocaeicola vulgatus	GCF_000012825.1	95.08	d__Bacteria;p__Bacteroidota;c__Bacteroidia;o__Bacteroidales;f__Bacteroidaceae;g__Phocaeicola;s__Phocaeicola vulgatus	98.92	0.773	GCF_000012825.1	95.08	d__Bacteria;p__Bacteroidota;c__Bacteroidia;o__Bacteroidales;f__Bacteroidaceae;g__Phocaeicola;s__Phocaeicola vulgatus	98.92	0.773	d__Bacteria;p__Bacteroidota;c__Bacteroidia;o__Bacteroidales;f__Bacteroidaceae;g__Phocaeicola;s__	taxonomic classification defined by topology and ANI	topological placement and ANI have congruent species assignments	GCA_959599425.1, s__Phocaeicola sp959599425, 95.0, 98.92, 0.412; GCA_019414665.1, s__Phocaeicola sp019414665, 95.0, 98.16, 0.343; GCA_948566455.1, s__Phocaeicola sp948566455, 95.0, 98.13, 0.353; GCA_958434805.1, s__Phocaeicola sp958434805, 95.0, 96.59, 0.335; GCA_947574505.1, s__Phocaeicola sp947574505, 95.0, 96.24, 0.339; GCA_948579315.1, s__Phocaeicola sp948579315, 95.0, 95.82, 0.363; GCA_019414725.1, s__Phocaeicola sp019414725, 95.0, 95.69, 0.26; GCF_013009555.1, s__Phocaeicola dorei, 95.0, 95.17, 0.732; GCA_900760795.1, s__Phocaeicola sp900760795, 95.0, 94.74, 0.41; GCA_948956705.1, s__Phocaeicola sp948956705, 95.0, 92.1, 0.35; GCF_024622025.1, s__Phocaeicola sartorii, 95.0, 89.92, 0.532; GCA_947072895.1, s__Phocaeicola sp011959205, 95.0, 89.35, 0.437; GCA_902388365.1, s__Phocaeicola sp902388365, 95.0, 81.07, 0.158	69.47	11.0		
bin.19	o__Clostridiales (UID1212)	172	263	149	88.2	0.67	100.0	2332069	0	65	65	66323	66323	35877	35877	193373	193373	52.9	1.97	87.56	11	2335	37	225	1	0	0	0	92.92	0.01	Gradient Boost (General Model)	11	0.876	66323	292.179443254818	2332069	0.53	2335	65	193373		0	0	0.0	1.7602085	0.9999781	d__Bacteria;p__Bacillota_A;c__Clostridia;o__Oscillospirales;f__Acutalibacteraceae;g__Hominenteromicrobium;s__Hominenteromicrobium mulieris	GCF_020687165.1	95.0	d__Bacteria;p__Bacillota_A;c__Clostridia;o__Oscillospirales;f__Acutalibacteraceae;g__Hominenteromicrobium;s__Hominenteromicrobium mulieris	97.62	0.834	GCF_020687165.1	95.0	d__Bacteria;p__Bacillota_A;c__Clostridia;o__Oscillospirales;f__Acutalibacteraceae;g__Hominenteromicrobium;s__Hominenteromicrobium mulieris	97.62	0.834	d__Bacteria;p__Bacillota_A;c__Clostridia;o__Oscillospirales;f__Acutalibacteraceae;g__Hominenteromicrobium;s__	taxonomic classification defined by topology and ANI	topological placement and ANI have congruent species assignments	GCA_934643185.1, s__Hominenteromicrobium sp934643185, 95.0, 94.28, 0.705	86.83	11.0		
bin.2	f__Lachnospiraceae (UID1256)	33	333	171	87.26	1.17	0.0	2584609	0	67	67	74641	74641	38576	38576	240956	240956	41.7	1.6	87.42	11	2743	41	287	5	0	0	0	89.69	4.32	Gradient Boost (General Model)	11	0.874	74641	275.6004374772147	2584609	0.42	2743	67	240956		1	5898	0.002281969922723321	1.4305812	1.0	d__Bacteria;p__Bacillota_A;c__Clostridia;o__Lachnospirales;f__Lachnospiraceae;g__Dorea_A;s__Dorea_A amylophila	GCF_025567265.1	95.0	d__Bacteria;p__Bacillota_A;c__Clostridia;o__Lachnospirales;f__Lachnospiraceae;g__Dorea_A;s__Dorea_A amylophila	97.42	0.801						d__Bacteria;p__Bacillota_A;c__Clostridia;o__Lachnospirales;f__Lachnospiraceae;g__Dorea_A;s__	taxonomic classification defined by topology and ANI	topological placement and ANI have incongruent species assignments	GCF_025567265.1, s__Dorea_A amylophila, 95.0, 97.42, 0.801; GCA_019421265.1, s__Dorea_A sp019421265, 95.0, 96.75, 0.452; GCA_934309195.1, s__Dorea_A sp934309195, 95.0, 94.61, 0.706; GCF_025150085.1, s__Dorea_A longicatena, 95.0, 90.75, 0.584; GCA_900550865.1, s__Dorea_A sp900550865, 95.0, 90.12, 0.554; GCA_934295165.1, s__Dorea_A sp934295165, 95.0, 86.99, 0.391; GCF_934294775.1, s__Dorea_A sp934294775, 95.0, 84.92, 0.282	78.49	11.0		
bin.20_sub	o__Bacteroidales (UID2657)	160	492	269	43.63	0.62	66.67	2040120	0	233	233	11146	11146	8755	8755	40762	40762	47.0	2.84	87.8	11	2405	290	199	3	0	0	0	40.32	1.36	Neural Network (Specific Model)	11	0.878	11146	249.64407484407485	2040120	0.47	2405	233	40762		0	0	0.0	1.0085894	0.9999941	d__Bacteria;p__Bacteroidota;c__Bacteroidia;o__Bacteroidales;f__Bacteroidaceae;g__Bacteroides;s__Bacteroides uniformis	GCF_025147485.1	95.0	d__Bacteria;p__Bacteroidota;c__Bacteroidia;o__Bacteroidales;f__Bacteroidaceae;g__Bacteroides;s__Bacteroides uniformis	98.44	0.885	GCF_025147485.1	95.0	d__Bacteria;p__Bacteroidota;c__Bacteroidia;o__Bacteroidales;f__Bacteroidaceae;g__Bacteroides;s__Bacteroides uniformis	98.44	0.885	d__Bacteria;p__Bacteroidota;c__Bacteroidia;o__Bacteroidales;f__Bacteroidaceae;g__Bacteroides;s__	taxonomic classification defined by topology and ANI	topological placement and ANI have congruent species assignments	GCF_000614125.1, s__Bacteroides rodentium, 95.0, 94.37, 0.656; GCF_004793475.1, s__Bacteroides muris, 95.0, 91.94, 0.553; GCA_905197435.1, s__Bacteroides sp905197435, 95.0, 87.11, 0.367; GCA_902388495.1, s__Bacteroides sp902388495, 95.0, 82.16, 0.156	36.56	11.0		
bin.24_sub	o__Clostridiales (UID1226)	155	278	158	61.85	0.0	0.0	2484140	0	166	166	21689	21689	14964	14964	64332	64332	43.2	1.52	82.62	11	2970	115	163	0	0	0	0	59.61	1.99	Neural Network (Specific Model)	11	0.826	21689	231.7936026936027	2484140	0.43	2970	166	64332		0	0	0.0	1.1108106	0.999938	d__Bacteria;p__Bacillota_A;c__Clostridia;o__Lachnospirales;f__Lachnospiraceae;g__Blautia_A;s__Blautia_A faecis	GCF_020554845.1	95.0	d__Bacteria;p__Bacillota_A;c__Clostridia;o__Lachnospirales;f__Lachnospiraceae;g__Blautia_A;s__Blautia_A faecis	97.55	0.839	GCF_020554845.1	95.0	d__Bacteria;p__Bacillota_A;c__Clostridia;o__Lachnospirales;f__Lachnospiraceae;g__Blautia_A;s__Blautia_A faecis	97.55	0.839	d__Bacteria;p__Bacillota_A;c__Clostridia;o__Lachnospirales;f__Lachnospiraceae;g__Blautia_A;s__	taxonomic classification defined by topology and ANI	topological placement and ANI have congruent species assignments	GCF_020537505.1, s__Blautia_A sp905206915, 95.0, 88.0, 0.403; GCF_934371575.1, s__Blautia_A sp934371575, 95.0, 87.19, 0.322; GCA_934394545.1, s__Blautia_A sp934394545, 95.0, 84.44, 0.22; GCA_934408705.1, s__Blautia_A sp934408705, 95.0, 83.66, 0.206; GCF_025566865.1, s__Blautia_A acetigignens, 95.0, 83.62, 0.187; GCA_029101305.1, s__Blautia_A sp029101305, 95.0, 83.36, 0.2	52.65	11.0		
bin.27	f__Enterobacteriaceae (UID5124)	134	1173	336	12.26	0.0	0.0	649248	0	90	90	10026	10026	7213	7213	23896	23896	49.8	3.11	81.95	11	877	1025	148	0	0	0	0	13.72	0.09	Neural Network (Specific Model)	11	0.819	10026	203.36488027366025	649248	0.5	877	90	23896		1	5589	0.008608420819163094	0.76277876	1.0	d__Bacteria;p__Pseudomonadota;c__Gammaproteobacteria;o__Enterobacterales;f__Enterobacteriaceae;g__Escherichia;s__Escherichia coli	GCF_003697165.2	95.0	d__Bacteria;p__Pseudomonadota;c__Gammaproteobacteria;o__Enterobacterales;f__Enterobacteriaceae;g__Escherichia;s__Escherichia coli	98.59	0.852						d__Bacteria;p__Pseudomonadota;c__Gammaproteobacteria;o__Enterobacterales;f__Enterobacteriaceae;g__Escherichia;s__	taxonomic classification defined by topology and ANI	topological placement and ANI have incongruent species assignments	GCF_003697165.2, s__Escherichia coli, 95.0, 98.59, 0.852; GCF_000194175.1, s__Escherichia coli_F, 95.0, 94.45, 0.718; GCF_002965065.1, s__Escherichia sp002965065, 95.0, 93.81, 0.613; GCF_004211955.1, s__Escherichia sp004211955, 95.0, 93.02, 0.624; GCF_005843885.1, s__Escherichia sp005843885, 95.0, 92.67, 0.646; GCF_029876145.1, s__Escherichia ruysiae, 95.0, 92.52, 0.649; GCF_014836715.1, s__Escherichia whittamii, 95.0, 91.9, 0.638; GCF_011881725.1, s__Escherichia coli_E, 95.0, 91.56, 0.579; GCF_000026225.1, s__Escherichia fergusonii, 95.0, 91.29, 0.458; GCF_002900365.1, s__Escherichia marmotae, 95.0, 90.52, 0.604; GCF_000759775.1, s__Escherichia albertii, 95.0, 90.48, 0.526	20.99	11.0		
bin.30_sub	k__Bacteria (UID203)	5449	102	56	16.07	0.0	0.0	345233	0	54	54	7598	7598	6393	6393	22793	22793	59.5	2.26	77.95	11	467	92	10	0	0	0	0	13.14	0.0	Neural Network (Specific Model)	11	0.779	7598	193.35546038543896	345233	0.59	467	54	22793		0	0	0.0	1.1717708	0.9999942	Unclassified Bacteria																		Insufficient number of amino acids in MSA (7.3%)
bin.31_sub	f__Lachnospiraceae (UID1255)	90	354	174	55.36	1.48	44.44	1872700	0	110	110	21394	21394	17024	17024	82083	82083	43.5	1.94	83.86	11	2402	170	177	6	1	0	0	50.38	1.76	Gradient Boost (General Model)	11	0.839	21394	219.78850957535388	1872700	0.44	2402	110	82083		1	6648	0.0035499546109894805	0.9877904	0.99987185	d__Bacteria;p__Bacillota_A;c__Clostridia;o__Lachnospirales;f__Lachnospiraceae;g__Eubacterium_I;s__Eubacterium_I ramulus	GCF_000469345.1	95.0	d__Bacteria;p__Bacillota_A;c__Clostridia;o__Lachnospirales;f__Lachnospiraceae;g__Eubacterium_I;s__Eubacterium_I ramulus	98.21	0.862	GCF_000469345.1	95.0	d__Bacteria;p__Bacillota_A;c__Clostridia;o__Lachnospirales;f__Lachnospiraceae;g__Eubacterium_I;s__Eubacterium_I ramulus	98.21	0.862	d__Bacteria;p__Bacillota_A;c__Clostridia;o__Lachnospirales;f__Lachnospiraceae;g__Eubacterium_I;s__	taxonomic classification defined by topology and ANI	topological placement and ANI have congruent species assignments	GCA_022781925.1, s__Eubacterium_I sp022781925, 95.0, 88.22, 0.478; GCF_934295145.1, s__Eubacterium_I sp934295145, 95.0, 86.75, 0.333; GCA_934358495.1, s__Eubacterium_I sp934358495, 95.0, 86.0, 0.288; GCA_900546495.1, s__Eubacterium_I sp900546495, 95.0, 85.23, 0.238; GCF_003122485.1, s__Eubacterium_I ramulus_A, 95.0, 84.93, 0.266; GCA_934317205.1, s__Eubacterium_I sp934317205, 95.0, 83.39, 0.226; GCA_902475415.1, s__Eubacterium_I sp902475415, 95.0, 83.28, 0.15	32.89	11.0		
bin.33_sub	k__Bacteria (UID203)	5449	104	58	15.52	0.0	0.0	552852	0	17	17	53993	53993	32520	32520	119378	119378	41.3	1.42	88.54	11	610	94	10	0	0	0	0	21.49	0.05	Neural Network (Specific Model)	11	0.885	53993	268.7065573770492	552852	0.41	610	17	119378		0	0	0.0	1.528139	0.9999928	d__Bacteria;p__Bacillota_A;c__Clostridia;o__Lachnospirales;f__Lachnospiraceae;g__Mediterraneibacter;s__Mediterraneibacter torques	GCF_000153925.1	95.0	d__Bacteria;p__Bacillota_A;c__Clostridia;o__Lachnospirales;f__Lachnospiraceae;g__Mediterraneibacter;s__Mediterraneibacter torques	99.22	0.877	GCF_000153925.1	95.0	d__Bacteria;p__Bacillota_A;c__Clostridia;o__Lachnospirales;f__Lachnospiraceae;g__Mediterraneibacter;s__Mediterraneibacter torques	99.22	0.877	d__Bacteria;p__Bacillota_A;c__Clostridia;o__Lachnospirales;f__Lachnospiraceae;g__Mediterraneibacter;s__	taxonomic classification defined by topology and ANI	topological placement and ANI have congruent species assignments	GCA_905209865.1, s__Mediterraneibacter sp900752395, 95.0, 84.75, 0.293	14.86	11.0		
bin.38	f__Bifidobacteriaceae (UID1462)	65	476	217	48.1	0.46	0.0	1180550	0	76	76	22047	22047	15533	15533	62197	62197	60.1	2.22	83.25	11	1318	247	227	2	0	0	0	43.87	0.24	Neural Network (Specific Model)	11	0.832	22047	249.9977238239757	1180550	0.6	1318	76	62197		0	0	0.0	0.75232404	1.0	d__Bacteria;p__Actinomycetota;c__Actinomycetes;o__Actinomycetales;f__Bifidobacteriaceae;g__Bifidobacterium;s__Bifidobacterium longum	GCF_000196555.1	95.0	d__Bacteria;p__Actinomycetota;c__Actinomycetes;o__Actinomycetales;f__Bifidobacteriaceae;g__Bifidobacterium;s__Bifidobacterium longum	98.39	0.897	GCF_000196555.1	95.0	d__Bacteria;p__Actinomycetota;c__Actinomycetes;o__Actinomycetales;f__Bifidobacteriaceae;g__Bifidobacterium;s__Bifidobacterium longum	98.39	0.897	d__Bacteria;p__Actinomycetota;c__Actinomycetes;o__Actinomycetales;f__Bifidobacteriaceae;g__Bifidobacterium;s__	taxonomic classification defined by topology and ANI	topological placement and ANI have congruent species assignments	GCF_000269965.1, s__Bifidobacterium infantis, 95.0, 94.71, 0.689; GCA_905202265.1, s__Bifidobacterium longum_D, 95.0, 93.83, 0.495; GCA_022739095.1, s__Bifidobacterium sp022739095, 95.0, 93.69, 0.528; GCF_959020155.1, s__Bifidobacterium sp959020155, 95.0, 91.54, 0.389; GCF_001025175.1, s__Bifidobacterium breve, 95.0, 86.31, 0.327; GCF_003129905.1, s__Bifidobacterium callitrichidarum, 95.0, 83.65, 0.212; GCF_019331675.1, s__Bifidobacterium miconisargentati, 95.0, 83.33, 0.207; GCF_000741695.1, s__Bifidobacterium reuteri, 95.0, 82.46, 0.164; GCF_002259745.1, s__Bifidobacterium myosotis, 95.0, 82.42, 0.169; GCF_018555455.1, s__Bifidobacterium colobi, 95.0, 82.34, 0.175; GCF_009193305.1, s__Bifidobacterium cebidarum, 95.0, 81.96, 0.164; GCF_000741715.1, s__Bifidobacterium saguini, 95.0, 81.84, 0.157; GCF_002802915.1, s__Bifidobacterium felsineum, 95.0, 81.66, 0.16	40.4	11.0		
bin.3_sub	root (UID1)	5656	56	24	0.0	0.0	0.0	542837	0	72	72	9027	9027	7539	7539	22439	22439	38.9	1.31	87.82	11	632	56	0	0	0	0	0	9.84	0.14	Neural Network (Specific Model)	11	0.878	9027	252.9509493670886	542837	0.39	632	72	22439		0	0	0.0	0.9216652	1.0	Unclassified																		No bacterial or archaeal marker
bin.41	o__Clostridiales (UID1212)	172	261	147	74.21	0.23	0.0	2587072	0	117	117	33765	33765	22111	22111	120774	120774	58.7	3.56	82.59	11	2809	65	195	1	0	0	0	76.51	1.66	Gradient Boost (General Model)	11	0.826	33765	254.7621929512282	2587072	0.59	2809	117	120774		1	34477	0.013326648813794128	1.2904778	0.9996923	d__Bacteria;p__Bacillota_A;c__Clostridia;o__Oscillospirales;f__Ruminococcaceae;g__Gemmiger;s__Gemmiger formicilis	GCF_900167555.1	95.0	d__Bacteria;p__Bacillota_A;c__Clostridia;o__Oscillospirales;f__Ruminococcaceae;g__Gemmiger;s__Gemmiger formicilis	96.83	0.775	GCF_900167555.1	95.0	d__Bacteria;p__Bacillota_A;c__Clostridia;o__Oscillospirales;f__Ruminococcaceae;g__Gemmiger;s__Gemmiger formicilis	96.83	0.775	d__Bacteria;p__Bacillota_A;c__Clostridia;o__Oscillospirales;f__Ruminococcaceae;g__Gemmiger;s__	taxonomic classification defined by topology and ANI	topological placement and ANI have congruent species assignments	GCF_018784445.1, s__Gemmiger sp900540775, 95.0, 87.56, 0.47; GCA_025757985.1, s__Gemmiger sp900540595, 95.0, 86.99, 0.415; GCA_934502625.1, s__Gemmiger sp934502625, 95.0, 86.39, 0.381; GCF_024462815.1, s__Gemmiger sp900554145, 95.0, 85.17, 0.329; GCA_025758045.1, s__Gemmiger sp900539695, 95.0, 83.55, 0.212; GCA_004554775.1, s__Gemmiger variabilis_B, 95.0, 82.17, 0.181; GCF_934561205.1, s__Gemmiger sp934561205, 95.0, 81.88, 0.157	66.08	11.0		
bin.63	k__Bacteria (UID203)	5449	103	57	1.75	0.0	0.0	343052	0	48	48	9303	9303	7146	7146	26904	26904	36.6	2.05	81.6	11	552	101	2	0	0	0	0	5.38	0.04	Neural Network (Specific Model)	11	0.816	9303	170.57789855072463	343052	0.37	552	48	26904		0	0	0.0	0.8240381	0.9999854	Unclassified Bacteria																		Insufficient number of amino acids in MSA (1.7%)
bin.64_sub	k__Bacteria (UID203)	5449	103	57	1.75	0.0	0.0	351789	0	40	40	9685	9685	8794	8794	31886	31886	37.1	1.93	83.0	11	470	101	2	0	0	0	0	10.13	0.01	Neural Network (Specific Model)	11	0.83	9685	208.41702127659573	351789	0.37	470	40	31886		1	2188	0.006219637339427896	1.1544236	0.99999434	Unclassified Bacteria																		Insufficient number of amino acids in MSA (1.7%)
bin.66_sub	k__Bacteria (UID203)	5449	104	58	3.45	0.0	0.0	249155	0	48	48	6039	6039	5190	5190	11118	11118	45.7	1.38	88.19	11	296	102	2	0	0	0	0	5.49	0.32	Neural Network (Specific Model)	11	0.882	6039	249.13513513513516	249155	0.46	296	48	11118		0	0	0.0	0.7876637	1.0	Unclassified Bacteria																		Insufficient number of amino acids in MSA (1.9%)
bin.7	f__Lachnospiraceae (UID1256)	33	333	171	56.23	2.63	0.0	1664756	0	88	88	25398	25398	18917	18917	81752	81752	43.7	1.61	86.71	11	2230	135	192	6	0	0	0	49.66	1.58	Gradient Boost (General Model)	11	0.867	25398	217.38744394618837	1664756	0.44	2230	88	81752		0	0	0.0	0.97984815	0.9999844	d__Bacteria;p__Bacillota_A;c__Clostridia;o__Lachnospirales;f__Lachnospiraceae;g__Ruminococcus_B;s__Ruminococcus_B gnavus	GCF_008121495.1	95.0	d__Bacteria;p__Bacillota_A;c__Clostridia;o__Lachnospirales;f__Lachnospiraceae;g__Ruminococcus_B;s__Ruminococcus_B gnavus	97.21	0.807	GCF_008121495.1	95.0	d__Bacteria;p__Bacillota_A;c__Clostridia;o__Lachnospirales;f__Lachnospiraceae;g__Ruminococcus_B;s__Ruminococcus_B gnavus	97.21	0.807	d__Bacteria;p__Bacillota_A;c__Clostridia;o__Lachnospirales;f__Lachnospiraceae;g__Ruminococcus_B;s__	taxonomic classification defined by topology and ANI	topological placement and ANI have congruent species assignments	GCA_900544395.1, s__Ruminococcus_B sp900544395, 95.0, 86.15, 0.431	42.46	11.0		
bin.86	o__Bacteroidales (UID2657)	160	492	269	98.88	0.07	0.0	4083147	0	18	18	356791	356791	226841	226841	857144	857144	45.8	2.57	89.66	11	3589	3	488	1	0	0	0	99.48	0.18	Neural Network (Specific Model)	11	0.897	356791	340.4945667316801	4083147	0.46	3589	18	857144		0	0	0.0	4.7094116	0.99999976	d__Bacteria;p__Bacteroidota;c__Bacteroidia;o__Bacteroidales;f__Bacteroidaceae;g__Bacteroides;s__Bacteroides stercoris	GCF_025147325.1	95.0	d__Bacteria;p__Bacteroidota;c__Bacteroidia;o__Bacteroidales;f__Bacteroidaceae;g__Bacteroides;s__Bacteroides stercoris	98.24	0.723	GCF_025147325.1	95.0	d__Bacteria;p__Bacteroidota;c__Bacteroidia;o__Bacteroidales;f__Bacteroidaceae;g__Bacteroides;s__Bacteroides stercoris	98.24	0.723	d__Bacteria;p__Bacteroidota;c__Bacteroidia;o__Bacteroidales;f__Bacteroidaceae;g__Bacteroides;s__	taxonomic classification defined by topology and ANI	topological placement and ANI have congruent species assignments	GCA_958432865.1, s__Bacteroides stercoris_A, 95.0, 98.9, 0.495; GCF_900129655.1, s__Bacteroides clarus, 95.0, 86.82, 0.488; GCF_018390535.1, s__Bacteroides propionicigenes, 95.0, 84.57, 0.345; GCF_025146565.1, s__Bacteroides eggerthii, 95.0, 84.37, 0.328; GCF_000374365.1, s__Bacteroides gallinarum, 95.0, 82.69, 0.274; GCF_910578895.1, s__Bacteroides sp910578895, 95.0, 82.62, 0.266	96.5	11.0		
bin.9_sub	root (UID1)	5656	56	24	0.0	0.0	0.0	375588	0	42	42	9393	9393	8942	8942	37711	37711	57.9	3.55	78.64	11	556	56	0	0	0	0	0	8.57	0.01	Neural Network (Specific Model)	11	0.786	9393	179.28057553956833	375588	0.58	556	42	37711		0	0	0.0	0.76783717	1.0	Unclassified Bacteria																		Insufficient number of amino acids in MSA (3.5%)
rosella_bin_102_sub	k__Bacteria (UID203)	5449	102	56	2.11	0.0	0.0	20796	0	4	4	5815	5815	5199	5199	6579	6579	51.2	6.06	83.54	11	29	98	4	0	0	0	0	2.93	0.0	Neural Network (Specific Model)	11	0.835	5815	202.06896551724137	20796	0.51	29	4	6579		0	0	0.0	0.9638925	1.0	Unclassified Bacteria																		Insufficient number of amino acids in MSA (0.7%)
rosella_bin_11_sub	g__Bacteroides (UID2691)	33	839	309	0.56	0.0	0.0	107518	0	11	11	25768	25768	9774	9774	30590	30590	43.6	4.73	88.92	11	111	829	10	0	0	0	0	4.82	0.08	Neural Network (Specific Model)	11	0.889	25768	287.93693693693695	107518	0.44	111	11	30590		0	0	0.0	1.8157848	1.0	Unclassified Bacteria																		Insufficient number of amino acids in MSA (2.3%)
rosella_bin_17_sub	k__Bacteria (UID203)	5449	102	56	21.43	0.0	0.0	791881	0	49	49	17285	17285	16160	16160	67751	67751	58.0	2.22	82.08	11	917	86	16	0	0	0	0	20.87	0.77	Neural Network (Specific Model)	11	0.821	17285	237.63249727371863	791881	0.58	917	49	67751		1	12183	0.015384887375754691	2.0015483	0.99997854	d__Bacteria;p__Bacillota_A;c__Clostridia;o__Oscillospirales;f__Ruminococcaceae;g__Faecalibacterium;s__						GCA_934518555.1	95.0	d__Bacteria;p__Bacillota_A;c__Clostridia;o__Oscillospirales;f__Ruminococcaceae;g__Faecalibacterium;s__Faecalibacterium sp934518555	83.04	0.224	d__Bacteria;p__Bacillota_A;c__Clostridia;o__Oscillospirales;f__Ruminococcaceae;g__Faecalibacterium;s__	taxonomic classification defined by topology and ANI	classification based on placement in class-level tree	GCF_010509575.1, s__Faecalibacterium duncaniae, 95.0, 93.98, 0.673; GCF_003324185.1, s__Faecalibacterium prausnitzii, 95.0, 90.19, 0.486; GCF_023347235.1, s__Faecalibacterium prausnitzii_A, 95.0, 89.25, 0.46; GCF_023347295.1, s__Faecalibacterium sp003449675, 95.0, 89.16, 0.468; GCF_003287405.1, s__Faecalibacterium prausnitzii_J, 95.0, 89.08, 0.441; GCA_934503275.1, s__Faecalibacterium sp934503275, 95.0, 88.91, 0.404; GCA_900772565.1, s__Faecalibacterium sp900772565, 95.0, 88.16, 0.376; GCA_934561555.1, s__Faecalibacterium sp934561555, 95.0, 87.88, 0.384; GCA_934524985.1, s__Faecalibacterium sp934524985, 95.0, 87.8, 0.39; GCA_934540955.1, s__Faecalibacterium sp934540955, 95.0, 87.68, 0.352; GCA_934525405.1, s__Faecalibacterium sp934525405, 95.0, 87.38, 0.325; GCF_002549775.1, s__Faecalibacterium prausnitzii_F, 95.0, 87.31, 0.359; GCF_019967995.1, s__Faecalibacterium prausnitzii_E, 95.0, 87.12, 0.389; GCA_934512105.1, s__Faecalibacterium sp934512105, 95.0, 86.98, 0.334; GCA_900765705.1, s__Faecalibacterium sp900765705, 95.0, 86.92, 0.317; GCA_934561115.1, s__Faecalibacterium sp934561115, 95.0, 86.92, 0.304; GCF_023347255.1, s__Faecalibacterium prausnitzii_D, 95.0, 86.83, 0.386; GCF_003287455.1, s__Faecalibacterium hattorii, 95.0, 86.82, 0.376; GCA_934532365.1, s__Faecalibacterium sp934532365, 95.0, 86.8, 0.356; GCF_023347535.1, s__Faecalibacterium sp900539885, 95.0, 86.72, 0.352; GCA_025757845.1, s__Faecalibacterium sp900539945, 95.0, 86.64, 0.38; GCF_020687245.1, s__Faecalibacterium longum, 95.0, 86.56, 0.34; GCA_937915335.1, s__Faecalibacterium sp937915335, 95.0, 86.36, 0.343; GCA_934539245.1, s__Faecalibacterium sp934539245, 95.0, 86.25, 0.323; GCF_023347275.1, s__Faecalibacterium sp900758465, 95.0, 86.24, 0.348; GCA_905215595.1, s__Faecalibacterium sp905215595, 95.0, 86.21, 0.28; GCA_934513205.1, s__Faecalibacterium sp934513205, 95.0, 86.02, 0.303; GCA_934525325.1, s__Faecalibacterium sp934525325, 95.0, 86.0, 0.297; GCA_900765105.1, s__Faecalibacterium sp900765105, 95.0, 85.76, 0.249; GCF_003287495.1, s__Faecalibacterium prausnitzii_I, 95.0, 85.42, 0.333; GCA_934547065.1, s__Faecalibacterium sp934547065, 95.0, 85.42, 0.245; GCA_934526125.1, s__Faecalibacterium sp934526125, 95.0, 85.26, 0.296; GCA_902463235.1, s__Faecalibacterium sp902463235, 95.0, 85.2, 0.192; GCA_934511465.1, s__Faecalibacterium sp934511465, 95.0, 85.1, 0.272; GCA_934553285.1, s__Faecalibacterium sp934553285, 95.0, 85.05, 0.283; GCA_934525845.1, s__Faecalibacterium sp934525845, 95.0, 84.87, 0.292; GCA_934514285.1, s__Faecalibacterium sp934514285, 95.0, 84.79, 0.297; GCA_902463905.1, s__Faecalibacterium sp902463905, 95.0, 84.75, 0.25; GCA_934561485.1, s__Faecalibacterium sp934561485, 95.0, 84.75, 0.225; GCA_934501115.1, s__Faecalibacterium sp934501115, 95.0, 84.56, 0.255; GCA_934525735.1, s__Faecalibacterium sp934525735, 95.0, 84.2, 0.206; GCA_004558805.1, s__Faecalibacterium prausnitzii_M, 95.0, 84.03, 0.249; GCA_934533135.1, s__Faecalibacterium sp934533135, 95.0, 83.43, 0.221; GCA_900551435.1, s__Faecalibacterium sp900551435, 95.0, 83.4, 0.245; GCA_014858325.1, s__Faecalibacterium sp014858325, 95.0, 83.35, 0.207; GCA_934548045.1, s__Faecalibacterium sp934548045, 95.0, 81.88, 0.174; GCA_002313795.1, s__Faecalibacterium prausnitzii_L, 95.0, 81.59, 0.157	17.56	11.0	0.99481	Genome not assigned to closest species as it falls outside its pre-defined ANI radius
rosella_bin_19_sub	o__Clostridiales (UID1212)	172	261	147	7.76	0.0	0.0	237277	0	21	21	15937	15937	11298	11298	41208	41208	59.5	1.77	81.97	11	309	237	24	0	0	0	0	8.21	0.0	Neural Network (Specific Model)	11	0.82	15937	211.1294498381877	237277	0.59	309	21	41208		0	0	0.0	1.5303317	0.9994142	Unclassified Bacteria																		Insufficient number of amino acids in MSA (7.0%)
rosella_bin_20_sub	o__Clostridiales (UID1226)	155	278	158	14.82	0.0	0.0	456781	0	18	18	30896	30896	25376	25376	76777	76777	44.1	1.11	83.62	11	528	224	54	0	0	0	0	14.44	0.16	Neural Network (Specific Model)	11	0.836	30896	242.6231060606061	456781	0.44	528	18	76777		0	0	0.0	1.1040596	1.0	d__Bacteria;p__Bacillota_A;c__Clostridia;o__Lachnospirales;f__Lachnospiraceae;g__Blautia_A;s__						GCA_934394595.1	95.0	d__Bacteria;p__Bacillota_A;c__Clostridia;o__Lachnospirales;f__Lachnospiraceae;g__Blautia_A;s__Blautia_A sp934394595			d__Bacteria;p__Bacillota_A;c__Clostridia;o__Lachnospirales;f__Lachnospiraceae;g__Blautia_A;s__	taxonomic classification defined by topology and ANI	classification based on placement in class-level tree	GCF_020554845.1, s__Blautia_A faecis, 95.0, 98.12, 0.354; GCF_020537505.1, s__Blautia_A sp905206915, 95.0, 89.24, 0.239; GCF_934371575.1, s__Blautia_A sp934371575, 95.0, 87.4, 0.156; GCA_934408705.1, s__Blautia_A sp934408705, 95.0, 85.54, 0.152	13.98	11.0	0.99393	
rosella_bin_27_sub	root (UID1)	5656	56	24	0.0	0.0	0.0	67025	0	7	7	10088	10088	9575	9575	24728	24728	58.2	3.99	82.3	11	82	56	0	0	0	0	0	4.4	0.0	Neural Network (Specific Model)	11	0.823	10088	225.1341463414634	67025	0.58	82	7	24728		0	0	0.0	1.2521542	1.0	Unclassified																		No bacterial or archaeal marker
rosella_bin_31_sub	k__Bacteria (UID203)	5449	104	58	3.45	0.0	0.0	86247	0	7	7	17225	17225	12321	12321	26227	26227	61.7	2.54	83.5	11	97	102	2	0	0	0	0	3.56	0.0	Neural Network (Specific Model)	11	0.835	17225	248.8041237113402	86247	0.62	97	7	26227		0	0	0.0	0.8153708	1.0	Unclassified Bacteria																		Insufficient number of amino acids in MSA (0.8%)
rosella_bin_32_sub	k__Bacteria (UID203)	5449	104	58	1.72	0.0	0.0	32369	0	5	5	7474	7474	6473	6473	12175	12175	62.4	2.54	84.77	11	48	101	3	0	0	0	0	2.69	0.0	Neural Network (Specific Model)	11	0.848	7474	192.45833333333331	32369	0.62	48	5	12175		0	0	0.0	0.575339	0.9998146	Unclassified Archaea																		Insufficient number of amino acids in MSA (1.0%)
rosella_bin_3_sub	k__Bacteria (UID203)	5449	102	56	18.93	0.0	0.0	675305	0	49	49	17118	17118	13781	13781	64662	64662	58.5	2.72	83.74	11	833	88	14	0	0	0	0	18.25	0.34	Neural Network (Specific Model)	11	0.837	17118	227.63985594237693	675305	0.58	833	49	64662		0	0	0.0	1.7582427	0.9999704	d__Bacteria;p__Bacillota_A;c__Clostridia;o__Oscillospirales;f__Ruminococcaceae;g__Faecalibacterium;s__											d__Bacteria;p__Bacillota_A;c__Clostridia;o__Oscillospirales;f__Ruminococcaceae;g__Faecalibacterium;s__	taxonomic classification defined by topology and ANI	classification based on placement in class-level tree	GCF_010509575.1, s__Faecalibacterium duncaniae, 95.0, 91.25, 0.607; GCF_003324185.1, s__Faecalibacterium prausnitzii, 95.0, 90.91, 0.49; GCA_934525325.1, s__Faecalibacterium sp934525325, 95.0, 89.93, 0.368; GCA_934503275.1, s__Faecalibacterium sp934503275, 95.0, 89.76, 0.452; GCA_934540955.1, s__Faecalibacterium sp934540955, 95.0, 89.57, 0.4; GCF_023347235.1, s__Faecalibacterium prausnitzii_A, 95.0, 89.53, 0.485; GCF_023347295.1, s__Faecalibacterium sp003449675, 95.0, 89.51, 0.466; GCA_934525405.1, s__Faecalibacterium sp934525405, 95.0, 89.46, 0.333; GCA_934561555.1, s__Faecalibacterium sp934561555, 95.0, 89.43, 0.445; GCF_003287405.1, s__Faecalibacterium prausnitzii_J, 95.0, 89.3, 0.464; GCA_934524985.1, s__Faecalibacterium sp934524985, 95.0, 89.21, 0.424; GCA_934561115.1, s__Faecalibacterium sp934561115, 95.0, 89.13, 0.398; GCA_900772565.1, s__Faecalibacterium sp900772565, 95.0, 88.94, 0.422; GCA_934532365.1, s__Faecalibacterium sp934532365, 95.0, 88.92, 0.423; GCA_905215595.1, s__Faecalibacterium sp905215595, 95.0, 88.74, 0.398; GCA_934512105.1, s__Faecalibacterium sp934512105, 95.0, 88.63, 0.386; GCA_934539245.1, s__Faecalibacterium sp934539245, 95.0, 88.26, 0.401; GCA_900765705.1, s__Faecalibacterium sp900765705, 95.0, 88.05, 0.388; GCF_023347535.1, s__Faecalibacterium sp900539885, 95.0, 87.03, 0.337; GCA_934513205.1, s__Faecalibacterium sp934513205, 95.0, 86.88, 0.308; GCF_019967995.1, s__Faecalibacterium prausnitzii_E, 95.0, 86.47, 0.354; GCF_023347255.1, s__Faecalibacterium prausnitzii_D, 95.0, 86.34, 0.346; GCA_025757845.1, s__Faecalibacterium sp900539945, 95.0, 86.32, 0.341; GCA_937915335.1, s__Faecalibacterium sp937915335, 95.0, 85.94, 0.31; GCF_002549775.1, s__Faecalibacterium prausnitzii_F, 95.0, 85.92, 0.33; GCA_934553285.1, s__Faecalibacterium sp934553285, 95.0, 85.82, 0.327; GCA_934526125.1, s__Faecalibacterium sp934526125, 95.0, 85.75, 0.33; GCA_934525845.1, s__Faecalibacterium sp934525845, 95.0, 85.46, 0.318; GCA_934501115.1, s__Faecalibacterium sp934501115, 95.0, 85.42, 0.249; GCA_900765105.1, s__Faecalibacterium sp900765105, 95.0, 85.18, 0.254; GCF_003287455.1, s__Faecalibacterium hattorii, 95.0, 84.99, 0.33; GCF_003287495.1, s__Faecalibacterium prausnitzii_I, 95.0, 84.97, 0.295; GCF_020687245.1, s__Faecalibacterium longum, 95.0, 84.96, 0.301; GCF_023347275.1, s__Faecalibacterium sp900758465, 95.0, 84.72, 0.279; GCA_902463235.1, s__Faecalibacterium sp902463235, 95.0, 84.69, 0.193; GCA_902463905.1, s__Faecalibacterium sp902463905, 95.0, 84.47, 0.263; GCA_934561485.1, s__Faecalibacterium sp934561485, 95.0, 84.34, 0.245; GCA_934514285.1, s__Faecalibacterium sp934514285, 95.0, 84.33, 0.269; GCA_900551435.1, s__Faecalibacterium sp900551435, 95.0, 84.2, 0.266; GCA_934547065.1, s__Faecalibacterium sp934547065, 95.0, 84.04, 0.221; GCA_934511465.1, s__Faecalibacterium sp934511465, 95.0, 84.04, 0.189; GCA_934518555.1, s__Faecalibacterium sp934518555, 95.0, 83.97, 0.2; GCA_014858325.1, s__Faecalibacterium sp014858325, 95.0, 83.75, 0.233; GCA_934525735.1, s__Faecalibacterium sp934525735, 95.0, 83.74, 0.244; GCA_004558805.1, s__Faecalibacterium prausnitzii_M, 95.0, 83.59, 0.255; GCA_002313795.1, s__Faecalibacterium prausnitzii_L, 95.0, 83.28, 0.178; GCA_934533135.1, s__Faecalibacterium sp934533135, 95.0, 82.27, 0.203; GCA_934548045.1, s__Faecalibacterium sp934548045, 95.0, 81.84, 0.172	12.12	11.0	0.99471	Genome not assigned to closest species as it falls outside its pre-defined ANI radius
rosella_bin_40_sub	k__Bacteria (UID203)	5449	103	57	2.39	0.0	0.0	31733	0	3	3	17942	17942	10577	10577	17942	17942	44.0	1.25	88.03	11	31	97	6	0	0	0	0	4.03	0.0	Neural Network (Specific Model)	11	0.88	17942	301.38709677419354	31733	0.44	31	3	17942		0	0	0.0	1.3439399	1.0	Unclassified Bacteria																		Insufficient number of amino acids in MSA (1.5%)
rosella_bin_43_sub	k__Bacteria (UID203)	5449	104	58	2.98	0.0	0.0	81783	0	10	10	8188	8188	8178	8178	16446	16446	42.6	3.03	83.69	11	103	95	9	0	0	0	0	4.28	0.01	Neural Network (Specific Model)	11	0.837	8188	222.4757281553398	81783	0.43	103	10	16446		0	0	0.0	1.8968123	1.0	Unclassified Bacteria																		Insufficient number of amino acids in MSA (3.9%)
rosella_bin_44_sub	k__Bacteria (UID203)	5449	103	57	3.51	0.0	0.0	61084	0	11	11	5607	5607	5553	5553	9215	9215	50.8	9.32	83.21	11	81	100	3	0	0	0	0	4.61	0.0	Neural Network (Specific Model)	11	0.832	5607	210.08641975308643	61084	0.51	81	11	9215		0	0	0.0	0.6518294	1.0	Unclassified Bacteria																		Insufficient number of amino acids in MSA (2.3%)
rosella_bin_50_sub	root (UID1)	5656	56	24	0.0	0.0	0.0	111891	0	14	14	8114	8114	7992	7992	33135	33135	39.2	2.74	82.52	11	156	56	0	0	0	0	0	4.19	0.0	Neural Network (Specific Model)	11	0.825	8114	198.5448717948718	111891	0.39	156	14	33135		0	0	0.0	1.3622382	1.0	Unclassified Bacteria																		Insufficient number of amino acids in MSA (2.6%)
rosella_bin_52_sub	k__Bacteria (UID203)	5449	102	56	3.57	0.0	0.0	33389	0	3	3	16715	16715	11129	11129	16715	16715	59.2	1.66	76.77	11	44	99	3	0	0	0	0	3.57	0.0	Neural Network (Specific Model)	11	0.768	16715	195.1818181818182	33389	0.59	44	3	16715		0	0	0.0	1.2354435	1.0	Unclassified Bacteria																		Insufficient number of amino acids in MSA (1.5%)
rosella_bin_69_sub	f__Lachnospiraceae (UID1255)	90	354	174	1.12	0.0	0.0	68898	0	9	9	6397	6397	7655	7655	22711	22711	44.1	5.08	83.41	11	98	320	34	0	0	0	0	24.89	0.01	Gradient Boost (General Model)	11	0.834	6397	196.48979591836732	68898	0.44	98	9	22711		0	0	0.0	1.1363382	1.0	d__Bacteria;p__Bacillota_A;c__Clostridia;o__Lachnospirales;f__Lachnospiraceae;g__Eubacterium_I;s__						GCF_000469345.1	95.0	d__Bacteria;p__Bacillota_A;c__Clostridia;o__Lachnospirales;f__Lachnospiraceae;g__Eubacterium_I;s__Eubacterium_I ramulus	99.32	0.394	d__Bacteria;p__Bacillota_A;c__Clostridia;o__Lachnospirales;f__Lachnospiraceae;g__Eubacterium_I;s__	taxonomic classification defined by topology and ANI	classification based on placement in class-level tree	GCF_934295145.1, s__Eubacterium_I sp934295145, 95.0, 94.72, 0.275; GCF_003122485.1, s__Eubacterium_I ramulus_A, 95.0, 94.36, 0.278	11.9	11.0	0.99999	Genome domain questionable ( 12.5% Bacterial, 7.5% Archaeal)
rosella_bin_6_sub	k__Bacteria (UID203)	5449	102	56	10.71	0.0	0.0	320395	0	30	30	15492	15492	10679	10679	40438	40438	59.0	2.18	84.31	11	375	95	7	0	0	0	0	8.75	0.03	Neural Network (Specific Model)	11	0.843	15492	241.61866666666663	320395	0.59	375	30	40438		0	0	0.0	1.4875822	1.0	Unclassified Bacteria																		Insufficient number of amino acids in MSA (6.7%)
rosella_bin_7_sub	k__Bacteria (UID203)	5449	102	56	16.07	0.0	0.0	410768	0	36	36	13466	13466	11410	11410	33030	33030	59.7	2.17	83.98	11	488	92	10	0	0	0	0	11.87	0.16	Neural Network (Specific Model)	11	0.84	13466	236.702868852459	410768	0.6	488	36	33030		0	0	0.0	1.6464137	1.0	Unclassified Bacteria																		Insufficient number of amino acids in MSA (6.3%)
rosella_bin_82_sub	k__Bacteria (UID203)	5449	104	58	3.13	0.0	0.0	34876	0	5	5	9287	9287	6975	6975	10420	10420	41.6	2.58	84.59	11	35	93	11	0	0	0	0	9.31	0.08	Gradient Boost (General Model)	11	0.846	9287	282.0285714285714	34876	0.42	35	5	10420		0	0	0.0	1.6982379	1.0	Unclassified Bacteria																		Insufficient number of amino acids in MSA (1.1%)
rosella_refined_0_10	f__Lachnospiraceae (UID1256)	33	333	171	70.45	0.58	0.0	2065163	0	26	26	123491	123491	79429	79429	279865	279865	41.7	3.87	87.48	11	2070	85	247	1	0	0	0	73.88	2.23	Gradient Boost (General Model)	11	0.875	123491	292.01980676328503	2065163	0.42	2070	26	279865		1	63177	0.030591774111777135	1.8352637	1.0	d__Bacteria;p__Bacillota_A;c__Clostridia;o__Lachnospirales;f__Lachnospiraceae;g__Mediterraneibacter;s__Mediterraneibacter torques	GCF_000153925.1	95.0	d__Bacteria;p__Bacillota_A;c__Clostridia;o__Lachnospirales;f__Lachnospiraceae;g__Mediterraneibacter;s__Mediterraneibacter torques	99.49	0.819	GCF_000153925.1	95.0	d__Bacteria;p__Bacillota_A;c__Clostridia;o__Lachnospirales;f__Lachnospiraceae;g__Mediterraneibacter;s__Mediterraneibacter torques	99.49	0.819	d__Bacteria;p__Bacillota_A;c__Clostridia;o__Lachnospirales;f__Lachnospiraceae;g__Mediterraneibacter;s__	taxonomic classification defined by topology and ANI	topological placement and ANI have congruent species assignments	GCA_905209865.1, s__Mediterraneibacter sp900752395, 95.0, 85.53, 0.324	69.77	11.0		
rosella_refined_0_11_sub	o__Clostridiales (UID1226)	155	278	158	11.71	0.0	0.0	738705	0	17	17	105867	105867	43453	43453	192386	192386	39.8	2.58	86.9	11	826	240	38	0	0	0	0	17.13	0.26	Neural Network (Specific Model)	11	0.869	105867	259.8220338983051	738705	0.4	826	17	192386		0	0	0.0	2.1263473	0.9999932	d__Bacteria;p__Bacillota_A;c__Clostridia;o__Lachnospirales;f__Lachnospiraceae;g__Blautia_A;s__						GCA_019116385.1	95.0	d__Bacteria;p__Bacillota_A;c__Clostridia;o__Lachnospirales;f__Lachnospiraceae;g__Blautia_A;s__Blautia_A faecigallinarum			d__Bacteria;p__Bacillota_A;c__Clostridia;o__Lachnospirales;f__Lachnospiraceae;g__Blautia_A;s__	taxonomic classification defined by topology and ANI	classification based on placement in class-level tree	GCF_025147765.1, s__Blautia_A obeum, 95.0, 94.06, 0.205	13.72	11.0	0.98782	
rosella_refined_0_25_sub	k__Bacteria (UID203)	5449	104	58	8.62	0.0	0.0	278961	0	9	9	41226	41226	30995	30995	53217	53217	41.1	0.97	83.51	11	279	99	5	0	0	0	0	7.29	0.01	Neural Network (Specific Model)	11	0.835	41226	279.2903225806452	278961	0.41	279	9	53217		2	68123	0.2442025946279229	2.3661163	1.0	Unclassified Bacteria																		Insufficient number of amino acids in MSA (3.8%)
rosella_refined_0_26_sub	k__Bacteria (UID203)	5449	103	57	7.02	0.0	0.0	1210189	0	39	39	52644	52644	31030	31030	140313	140313	39.8	2.63	84.84	11	1241	88	15	0	0	0	0	22.03	2.19	Neural Network (Specific Model)	11	0.848	52644	276.81627719580985	1210189	0.4	1241	39	140313		3	50453	0.041690182277313706	3.1997635	0.9999818	Unclassified Bacteria																		Insufficient number of amino acids in MSA (8.3%)
rosella_refined_0_3_sub	root (UID1)	5656	56	24	4.17	0.0	0.0	208536	0	20	20	12814	12814	10426	10426	25078	25078	61.3	1.93	81.85	11	274	55	1	0	0	0	0	4.83	0.0	Neural Network (Specific Model)	11	0.818	12814	209.87591240875912	208536	0.61	274	20	25078		0	0	0.0	1.2965729	1.0	Unclassified Bacteria																		Insufficient number of amino acids in MSA (4.3%)
rosella_refined_0_8_sub	k__Bacteria (UID203)	5449	104	58	2.59	0.0	0.0	127551	0	17	17	8193	8193	7503	7503	22005	22005	42.6	4.88	88.11	11	182	102	2	0	0	0	0	4.83	0.01	Neural Network (Specific Model)	11	0.881	8193	207.71978021978023	127551	0.43	182	17	22005		0	0	0.0	0.69434315	1.0	Unclassified Bacteria																		Insufficient number of amino acids in MSA (0.7%)
