Bin Id	Marker lineage	# genomes	# markers	# marker sets	Completeness (CheckM1)	Contamination (CheckM1)	Strain heterogeneity	Genome size (bp)	# ambiguous bases	# scaffolds	# contigs	N50 (scaffolds)	N50 (contigs)	Mean scaffold length (bp)	Mean contig length (bp)	Longest scaffold (bp)	Longest contig (bp)	GC	GC std (scaffolds > 1kbp)	Coding density	Translation table	# predicted genes	0	1	2	3	4	5+	Completeness (CheckM2)	Contamination (CheckM2)	Completeness_Model_Used	Translation_Table_Used	Coding_Density	Contig_N50	Average_Gene_Length	Genome_Size	GC_Content	Total_Coding_Sequences	Total_Contigs	Max_Contig_Length	Additional_Notes	Circular contigs	Circular bp	Circular fraction	mid_B010_final_merged.fastq Relative Abundance (%)	mid_B010_final_merged.fastq Covered Fraction	classification	closest_genome_reference	closest_genome_reference_radius	closest_genome_taxonomy	closest_genome_ani	closest_genome_af	closest_placement_reference	closest_placement_radius	closest_placement_taxonomy	closest_placement_ani	closest_placement_af	pplacer_taxonomy	classification_method	note	other_related_references(genome_id,species_name,radius,ANI,AF)	msa_percent	translation_table	red_value	warnings
1575_sub	root (UID1)	5656	56	24	0.0	0.0	0.0	30905	0	1	1	30905	30905	30905	30905	30905	30905	44.8	0.0	91.31	11	28	56	0	0	0	0	0	3.6	0.0	Neural Network (Specific Model)	11	0.913	30905	336.7142857142857	30905	0.45	28	1	30905		0	0	0.0	1.0471393	1.0	Unclassified Bacteria																		Insufficient number of amino acids in MSA (0.8%)
1589_sub	root (UID1)	5656	56	24	0.0	0.0	0.0	25655	0	1	1	25655	25655	25655	25655	25655	25655	35.8	0.0	77.06	11	33	56	0	0	0	0	0	2.5	0.0	Neural Network (Specific Model)	11	0.771	25655	200.72727272727272	25655	0.36	33	1	25655		0	0	0.0	1.6350045	1.0	Unclassified																		No bacterial or archaeal marker
2504_sub	f__Lachnospiraceae (UID1286)	57	420	207	5.8	0.0	0.0	449447	0	7	7	70164	70164	64206	64206	119939	119939	41.9	1.45	85.71	11	497	372	48	0	0	0	0	12.22	0.0	Neural Network (Specific Model)	11	0.857	70164	259.1066398390342	449447	0.42	497	7	119939		0	0	0.0	1.7019591	0.9999911	d__Bacteria;p__Bacillota_A;c__Clostridia;o__Lachnospirales;f__Lachnospiraceae;g__Roseburia;s__Roseburia inulinivorans	GCF_000174195.1	95.0	d__Bacteria;p__Bacillota_A;c__Clostridia;o__Lachnospirales;f__Lachnospiraceae;g__Roseburia;s__Roseburia inulinivorans	97.37	0.715	GCF_000174195.1	95.0	d__Bacteria;p__Bacillota_A;c__Clostridia;o__Lachnospirales;f__Lachnospiraceae;g__Roseburia;s__Roseburia inulinivorans	97.37	0.715	d__Bacteria;p__Bacillota_A;c__Clostridia;o__Lachnospirales;f__Lachnospiraceae;g__Roseburia;s__	taxonomic classification defined by topology and ANI	topological placement and ANI have congruent species assignments	GCA_019411365.1, s__Roseburia sp019411365, 95.0, 92.8, 0.199; GCA_900542495.1, s__Roseburia sp900542495, 95.0, 90.53, 0.443	19.19	11.0		
bin.10	f__Bifidobacteriaceae (UID1458)	77	464	220	83.54	2.29	33.33	2164148	0	93	93	37533	37533	23270	23270	169796	169796	59.3	2.14	82.81	11	2480	78	377	9	0	0	0	77.16	3.83	Gradient Boost (General Model)	11	0.828	37533	242.73870967741937	2164148	0.59	2480	93	169796		1	15624	0.0072194692784412155	0.91847676	0.9999995	d__Bacteria;p__Actinomycetota;c__Actinomycetes;o__Actinomycetales;f__Bifidobacteriaceae;g__Bifidobacterium;s__Bifidobacterium adolescentis	GCF_000010425.1	95.0	d__Bacteria;p__Actinomycetota;c__Actinomycetes;o__Actinomycetales;f__Bifidobacteriaceae;g__Bifidobacterium;s__Bifidobacterium adolescentis	97.54	0.814	GCF_000010425.1	95.0	d__Bacteria;p__Actinomycetota;c__Actinomycetes;o__Actinomycetales;f__Bifidobacteriaceae;g__Bifidobacterium;s__Bifidobacterium adolescentis	97.54	0.814	d__Bacteria;p__Actinomycetota;c__Actinomycetes;o__Actinomycetales;f__Bifidobacteriaceae;g__Bifidobacterium;s__	taxonomic classification defined by topology and ANI	topological placement and ANI have congruent species assignments	GCF_959020145.1, s__Bifidobacterium sp959020145, 95.0, 93.36, 0.587; GCF_959020155.1, s__Bifidobacterium sp959020155, 95.0, 92.61, 0.454; GCF_959028125.1, s__Bifidobacterium sp959028125, 95.0, 90.53, 0.524; GCF_000770925.1, s__Bifidobacterium ruminantium, 95.0, 89.01, 0.52; GCA_905207115.1, s__Bifidobacterium angulatum_A, 95.0, 88.6, 0.309; GCF_001025215.1, s__Bifidobacterium pseudocatenulatum, 95.0, 84.79, 0.283; GCF_000800455.1, s__Bifidobacterium kashiwanohense_A, 95.0, 84.37, 0.283; GCF_001042615.1, s__Bifidobacterium kashiwanohense, 95.06, 84.35, 0.285; GCF_001025195.1, s__Bifidobacterium catenulatum, 97.02, 84.34, 0.292; GCF_002742445.1, s__Bifidobacterium sp002742445, 95.06, 83.78, 0.252; GCF_002451435.1, s__Bifidobacterium sp002451435, 95.0, 83.04, 0.227; GCF_000522505.1, s__Bifidobacterium moukalabense, 95.0, 83.0, 0.226; GCF_001042595.1, s__Bifidobacterium dentium, 95.0, 82.66, 0.205	61.49	11.0		
bin.11_sub	f__Lachnospiraceae (UID1286)	57	420	207	8.12	0.81	66.67	2620292	0	358	358	9170	9170	7319	7319	45103	45103	35.6	2.63	83.75	11	3789	377	40	3	0	0	0	39.61	8.24	Neural Network (Specific Model)	11	0.837	9170	194.5294272895223	2620292	0.36	3789	358	45103		2	5198	0.001983748376135179	0.7867246	0.9995581	Unclassified Bacteria																		Insufficient number of amino acids in MSA (5.5%)
bin.130_sub	root (UID1)	5656	56	24	0.0	0.0	0.0	267838	0	31	31	13262	13262	8639	8639	19080	19080	46.6	1.83	83.01	11	372	56	0	0	0	0	0	7.25	0.0	Neural Network (Specific Model)	11	0.83	13262	200.8010752688172	267838	0.47	372	31	19080		0	0	0.0	0.6845437	0.99999255	Unclassified Bacteria																		Insufficient number of amino acids in MSA (4.1%)
bin.14_sub	root (UID1)	5656	56	24	4.17	0.0	0.0	409734	0	64	64	7900	7900	6402	6402	18492	18492	41.2	1.83	84.41	11	590	55	1	0	0	0	0	9.63	0.13	Neural Network (Specific Model)	11	0.844	7900	197.40169491525424	409734	0.41	590	64	18492		0	0	0.0	0.5229075	0.99996096	Unclassified Bacteria																		Insufficient number of amino acids in MSA (5.7%)
bin.15_sub	root (UID1)	5656	56	24	0.0	0.0	0.0	916413	0	118	118	11503	11503	7766	7766	57389	57389	38.8	3.1	85.85	11	1158	56	0	0	0	0	0	16.84	2.95	Neural Network (Specific Model)	11	0.858	11503	227.73747841105356	916413	0.39	1158	118	57389		2	19180	0.02092942810719621	1.0532538	0.99968135	Unclassified Bacteria																		Insufficient number of amino acids in MSA (1.3%)
bin.16_sub	o__Clostridiales (UID1226)	155	278	158	64.18	1.9	0.0	1881149	0	128	128	21790	21790	14696	14696	65353	65353	44.9	1.52	84.92	11	2203	121	154	3	0	0	0	62.64	2.36	Gradient Boost (General Model)	11	0.849	21790	243.1130276895143	1881149	0.45	2203	128	65353		1	1042	0.0005539167817116029	0.82247376	0.9999915	d__Bacteria;p__Bacillota_A;c__Clostridia;o__Lachnospirales;f__Lachnospiraceae;g__Oliverpabstia;s__Oliverpabstia intestinalis	GCF_009696065.1	95.0	d__Bacteria;p__Bacillota_A;c__Clostridia;o__Lachnospirales;f__Lachnospiraceae;g__Oliverpabstia;s__Oliverpabstia intestinalis	97.57	0.841	GCF_009696065.1	95.0	d__Bacteria;p__Bacillota_A;c__Clostridia;o__Lachnospirales;f__Lachnospiraceae;g__Oliverpabstia;s__Oliverpabstia intestinalis	97.57	0.841	d__Bacteria;p__Bacillota_A;c__Clostridia;o__Lachnospirales;f__Lachnospiraceae;g__Oliverpabstia;s__	taxonomic classification defined by topology and ANI	topological placement and ANI have congruent species assignments	GCA_019421285.1, s__Oliverpabstia tarda, 95.0, 96.59, 0.36; GCA_934359255.1, s__Oliverpabstia sp934359255, 95.0, 93.96, 0.762; GCF_004123145.1, s__Oliverpabstia faecicola, 95.0, 91.96, 0.712	47.31	11.0		
bin.17_sub	k__Bacteria (UID203)	5449	102	56	39.29	0.0	0.0	1097452	0	101	101	12547	12547	10865	10865	31951	31951	60.4	2.47	81.1	11	1366	72	30	0	0	0	0	27.83	0.22	Neural Network (Specific Model)	11	0.811	12547	218.6610541727672	1097452	0.6	1366	101	31951		0	0	0.0	0.73300785	0.9999927	d__Bacteria;p__Bacillota_A;c__Clostridia;o__Oscillospirales;f__Ruminococcaceae;g__Gemmiger;s__Gemmiger formicilis	GCF_900167555.1	95.0	d__Bacteria;p__Bacillota_A;c__Clostridia;o__Oscillospirales;f__Ruminococcaceae;g__Gemmiger;s__Gemmiger formicilis	97.4	0.839	GCF_900167555.1	95.0	d__Bacteria;p__Bacillota_A;c__Clostridia;o__Oscillospirales;f__Ruminococcaceae;g__Gemmiger;s__Gemmiger formicilis	97.4	0.839	d__Bacteria;p__Bacillota_A;c__Clostridia;o__Oscillospirales;f__Ruminococcaceae;g__Gemmiger;s__	taxonomic classification defined by topology and ANI	topological placement and ANI have congruent species assignments	GCF_018784445.1, s__Gemmiger sp900540775, 95.0, 87.01, 0.441; GCA_025757985.1, s__Gemmiger sp900540595, 95.0, 86.95, 0.439; GCA_934502625.1, s__Gemmiger sp934502625, 95.0, 86.4, 0.33; GCF_024462815.1, s__Gemmiger sp900554145, 95.0, 85.56, 0.328; GCA_004554775.1, s__Gemmiger variabilis_B, 95.0, 83.31, 0.189; GCF_934561205.1, s__Gemmiger sp934561205, 95.0, 82.67, 0.152; GCA_025758045.1, s__Gemmiger sp900539695, 95.0, 81.89, 0.168	19.9	11.0		
bin.19	f__Lachnospiraceae (UID1286)	57	420	207	79.43	3.21	45.45	2284024	0	136	136	25464	25464	16794	16794	91679	91679	41.3	1.57	87.2	11	2664	89	320	11	0	0	0	82.39	3.73	Gradient Boost (General Model)	11	0.872	25464	250.48836336336336	2284024	0.41	2664	136	91679		0	0	0.0	1.0525784	0.9999991	d__Bacteria;p__Bacillota_A;c__Clostridia;o__Lachnospirales;f__Lachnospiraceae;g__Roseburia_C;s__Roseburia_C amylophila	GCF_025567465.1	95.0	d__Bacteria;p__Bacillota_A;c__Clostridia;o__Lachnospirales;f__Lachnospiraceae;g__Roseburia_C;s__Roseburia_C amylophila	98.4	0.89	GCF_025567465.1	95.0	d__Bacteria;p__Bacillota_A;c__Clostridia;o__Lachnospirales;f__Lachnospiraceae;g__Roseburia_C;s__Roseburia_C amylophila	98.4	0.89	d__Bacteria;p__Bacillota_A;c__Clostridia;o__Lachnospirales;f__Lachnospiraceae;g__Roseburia_C;s__	taxonomic classification defined by topology and ANI	topological placement and ANI have congruent species assignments	GCA_900315735.1, s__Roseburia_C sp900315735, 95.0, 93.98, 0.777	65.78	11.0		
bin.1_sub	o__Clostridiales (UID1212)	172	263	149	61.53	12.72	36.59	2293605	0	251	251	11991	11991	9137	9137	33486	33486	36.5	1.95	83.17	11	3222	90	132	41	0	0	0	61.37	10.6	Neural Network (Specific Model)	11	0.832	11991	198.70297951582867	2293605	0.36	3222	251	33486		0	0	0.0	0.708078	0.9999812	d__Bacteria;p__Bacillota_A;c__Clostridia;o__Lachnospirales;f__Lachnospiraceae;g__Lachnospira;s__Lachnospira pectinoschiza_A	GCA_900112995.1	95.0	d__Bacteria;p__Bacillota_A;c__Clostridia;o__Lachnospirales;f__Lachnospiraceae;g__Lachnospira;s__Lachnospira pectinoschiza_A	96.81	0.651	GCA_900112995.1	95.0	d__Bacteria;p__Bacillota_A;c__Clostridia;o__Lachnospirales;f__Lachnospiraceae;g__Lachnospira;s__Lachnospira pectinoschiza_A	96.81	0.651	d__Bacteria;p__Bacillota_A;c__Clostridia;o__Lachnospirales;f__Lachnospiraceae;g__Lachnospira;s__	taxonomic classification defined by topology and ANI	topological placement and ANI have congruent species assignments	GCF_009680455.1, s__Lachnospira eligens_A, 95.58, 93.12, 0.319; GCF_000146185.1, s__Lachnospira eligens, 95.0, 90.07, 0.272; GCA_003464165.1, s__Lachnospira sp003451515, 95.0, 89.9, 0.247; GCF_003458705.1, s__Lachnospira sp003537285, 95.31, 89.87, 0.257; GCA_019424245.1, s__Lachnospira sp019424245, 95.0, 88.3, 0.166; GCA_030537195.1, s__Lachnospira sp030537195, 95.0, 87.1, 0.218; GCA_934343805.1, s__Lachnospira sp934343805, 95.0, 85.14, 0.157	38.71	11.0		Genome has more than 13.3% of markers with multiple hits
bin.20_sub	f__Lachnospiraceae (UID1286)	57	420	207	78.76	2.17	33.33	2587231	0	107	107	34008	34008	24179	24179	113655	113655	41.9	1.63	86.59	11	2758	102	312	6	0	0	0	72.21	0.68	Neural Network (Specific Model)	11	0.866	34008	271.9833212472806	2587231	0.42	2758	107	113655		0	0	0.0	1.3252189	0.99999344	d__Bacteria;p__Bacillota_A;c__Clostridia;o__Lachnospirales;f__Lachnospiraceae;g__Roseburia;s__Roseburia inulinivorans	GCF_000174195.1	95.0	d__Bacteria;p__Bacillota_A;c__Clostridia;o__Lachnospirales;f__Lachnospiraceae;g__Roseburia;s__Roseburia inulinivorans	97.69	0.778	GCF_000174195.1	95.0	d__Bacteria;p__Bacillota_A;c__Clostridia;o__Lachnospirales;f__Lachnospiraceae;g__Roseburia;s__Roseburia inulinivorans	97.69	0.778	d__Bacteria;p__Bacillota_A;c__Clostridia;o__Lachnospirales;f__Lachnospiraceae;g__Roseburia;s__	taxonomic classification defined by topology and ANI	topological placement and ANI have congruent species assignments	GCA_019411365.1, s__Roseburia sp019411365, 95.0, 94.97, 0.344; GCA_900542495.1, s__Roseburia sp900542495, 95.0, 90.21, 0.56	67.19	11.0		
bin.21	o__Bacteroidales (UID2654)	163	485	265	96.04	3.21	83.33	4770740	0	144	144	52798	52798	33130	33130	186351	186351	41.8	2.22	88.8	11	4164	15	456	12	2	0	0	99.8	2.6	Neural Network (Specific Model)	11	0.888	52798	339.8009125840538	4770740	0.42	4164	144	186351		0	0	0.0	1.92157	0.9997248	d__Bacteria;p__Bacteroidota;c__Bacteroidia;o__Bacteroidales;f__Bacteroidaceae;g__Phocaeicola;s__Phocaeicola vulgatus	GCF_000012825.1	95.08	d__Bacteria;p__Bacteroidota;c__Bacteroidia;o__Bacteroidales;f__Bacteroidaceae;g__Phocaeicola;s__Phocaeicola vulgatus	99.43	0.831	GCF_000012825.1	95.08	d__Bacteria;p__Bacteroidota;c__Bacteroidia;o__Bacteroidales;f__Bacteroidaceae;g__Phocaeicola;s__Phocaeicola vulgatus	99.43	0.831	d__Bacteria;p__Bacteroidota;c__Bacteroidia;o__Bacteroidales;f__Bacteroidaceae;g__Phocaeicola;s__	taxonomic classification defined by topology and ANI	topological placement and ANI have congruent species assignments	GCA_959599425.1, s__Phocaeicola sp959599425, 95.0, 98.89, 0.473; GCA_948566455.1, s__Phocaeicola sp948566455, 95.0, 97.67, 0.386; GCA_958434805.1, s__Phocaeicola sp958434805, 95.0, 97.52, 0.368; GCA_019414665.1, s__Phocaeicola sp019414665, 95.0, 97.32, 0.393; GCA_019414725.1, s__Phocaeicola sp019414725, 95.0, 97.0, 0.376; GCA_947574505.1, s__Phocaeicola sp947574505, 95.0, 96.32, 0.386; GCA_948579315.1, s__Phocaeicola sp948579315, 95.0, 96.11, 0.391; GCF_013009555.1, s__Phocaeicola dorei, 95.0, 95.52, 0.739; GCA_900760795.1, s__Phocaeicola sp900760795, 95.0, 93.87, 0.449; GCA_948956705.1, s__Phocaeicola sp948956705, 95.0, 90.98, 0.404; GCA_947072895.1, s__Phocaeicola sp011959205, 95.0, 90.06, 0.507; GCF_024622025.1, s__Phocaeicola sartorii, 95.0, 89.63, 0.53; GCA_947173895.1, s__Phocaeicola sp947173895, 95.0, 80.77, 0.172; GCA_902388365.1, s__Phocaeicola sp902388365, 95.0, 80.65, 0.162	94.78	11.0		
bin.22	o__Clostridiales (UID1226)	155	278	158	93.25	6.04	58.82	3368299	0	67	67	86337	86337	50273	50273	240557	240557	47.5	1.71	86.64	11	3172	18	243	17	0	0	0	97.15	5.37	Gradient Boost (General Model)	11	0.866	86337	307.515132408575	3368299	0.47	3172	67	240557		1	7422	0.0022034860919413627	1.6619378	0.99961406	d__Bacteria;p__Bacillota_A;c__Clostridia;o__Lachnospirales;f__Lachnospiraceae;g__Fusicatenibacter;s__Fusicatenibacter saccharivorans	GCF_027667425.1	95.0	d__Bacteria;p__Bacillota_A;c__Clostridia;o__Lachnospirales;f__Lachnospiraceae;g__Fusicatenibacter;s__Fusicatenibacter saccharivorans	97.46	0.754	GCF_027667425.1	95.0	d__Bacteria;p__Bacillota_A;c__Clostridia;o__Lachnospirales;f__Lachnospiraceae;g__Fusicatenibacter;s__Fusicatenibacter saccharivorans	97.46	0.754	d__Bacteria;p__Bacillota_A;c__Clostridia;o__Lachnospirales;f__Lachnospiraceae;g__Fusicatenibacter;s__	taxonomic classification defined by topology and ANI	topological placement and ANI have congruent species assignments	GCA_900772675.1, s__Fusicatenibacter sp900772675, 95.0, 90.87, 0.568	85.96	11.0		
bin.23	o__Clostridiales (UID1212)	172	261	147	88.38	0.25	100.0	2141405	0	100	100	34860	34860	21414	21414	129273	129273	58.3	1.94	84.24	11	2325	33	226	2	0	0	0	78.14	2.81	Neural Network (Specific Model)	11	0.842	34860	259.8864516129032	2141405	0.58	2325	100	129273		0	0	0.0	1.9677035	0.99999857	d__Bacteria;p__Bacillota_A;c__Clostridia;o__Oscillospirales;f__Ruminococcaceae;g__Faecalibacterium;s__Faecalibacterium prausnitzii	GCF_003324185.1	95.0	d__Bacteria;p__Bacillota_A;c__Clostridia;o__Oscillospirales;f__Ruminococcaceae;g__Faecalibacterium;s__Faecalibacterium prausnitzii	96.47	0.904						d__Bacteria;p__Bacillota_A;c__Clostridia;o__Oscillospirales;f__Ruminococcaceae;g__Faecalibacterium;s__	taxonomic classification defined by topology and ANI	topological placement and ANI have incongruent species assignments	GCF_003324185.1, s__Faecalibacterium prausnitzii, 95.0, 96.47, 0.904; GCF_023347235.1, s__Faecalibacterium prausnitzii_A, 95.0, 94.49, 0.858; GCF_023347295.1, s__Faecalibacterium sp003449675, 95.0, 94.38, 0.852; GCF_003287405.1, s__Faecalibacterium prausnitzii_J, 95.0, 94.3, 0.828; GCA_905215595.1, s__Faecalibacterium sp905215595, 95.0, 94.2, 0.682; GCA_934503275.1, s__Faecalibacterium sp934503275, 95.0, 94.05, 0.766; GCA_934525405.1, s__Faecalibacterium sp934525405, 95.0, 94.05, 0.686; GCA_934524985.1, s__Faecalibacterium sp934524985, 95.0, 94.0, 0.775; GCA_934561555.1, s__Faecalibacterium sp934561555, 95.0, 93.85, 0.773; GCA_900772565.1, s__Faecalibacterium sp900772565, 95.0, 93.85, 0.773; GCA_934540955.1, s__Faecalibacterium sp934540955, 95.0, 93.85, 0.714; GCA_934525325.1, s__Faecalibacterium sp934525325, 95.0, 93.84, 0.711; GCA_934539245.1, s__Faecalibacterium sp934539245, 95.0, 93.77, 0.727; GCA_934532365.1, s__Faecalibacterium sp934532365, 95.0, 93.71, 0.74; GCA_934561115.1, s__Faecalibacterium sp934561115, 95.0, 93.49, 0.718; GCA_934512105.1, s__Faecalibacterium sp934512105, 95.0, 93.35, 0.676; GCA_900765705.1, s__Faecalibacterium sp900765705, 95.0, 91.31, 0.623; GCA_902463235.1, s__Faecalibacterium sp902463235, 95.0, 90.5, 0.475; GCA_934513205.1, s__Faecalibacterium sp934513205, 95.0, 88.98, 0.511; GCA_934553285.1, s__Faecalibacterium sp934553285, 95.0, 88.29, 0.566; GCA_025757845.1, s__Faecalibacterium sp900539945, 95.0, 87.34, 0.48; GCF_023347535.1, s__Faecalibacterium sp900539885, 95.0, 86.98, 0.42; GCF_023347255.1, s__Faecalibacterium prausnitzii_D, 95.0, 86.89, 0.433; GCF_002549775.1, s__Faecalibacterium prausnitzii_F, 95.0, 86.77, 0.423; GCA_902463905.1, s__Faecalibacterium sp902463905, 95.0, 86.7, 0.356; GCA_900765105.1, s__Faecalibacterium sp900765105, 95.0, 86.52, 0.388; GCA_934525845.1, s__Faecalibacterium sp934525845, 95.0, 86.47, 0.409; GCA_934511465.1, s__Faecalibacterium sp934511465, 95.0, 85.85, 0.35; GCA_004558805.1, s__Faecalibacterium prausnitzii_M, 95.0, 85.47, 0.382; GCF_010509575.1, s__Faecalibacterium duncaniae, 95.0, 85.47, 0.321; GCA_934525735.1, s__Faecalibacterium sp934525735, 95.0, 85.27, 0.356; GCF_003287455.1, s__Faecalibacterium hattorii, 95.0, 85.15, 0.327; GCA_934501115.1, s__Faecalibacterium sp934501115, 95.0, 85.12, 0.343; GCF_020687245.1, s__Faecalibacterium longum, 95.0, 85.08, 0.301; GCA_934561485.1, s__Faecalibacterium sp934561485, 95.0, 84.99, 0.357; GCF_019967995.1, s__Faecalibacterium prausnitzii_E, 95.0, 84.76, 0.324; GCA_934518555.1, s__Faecalibacterium sp934518555, 95.0, 84.54, 0.35; GCF_023347275.1, s__Faecalibacterium sp900758465, 95.0, 84.51, 0.286; GCF_003287495.1, s__Faecalibacterium prausnitzii_I, 95.0, 84.24, 0.279; GCA_014858325.1, s__Faecalibacterium sp014858325, 95.0, 84.07, 0.217; GCA_937915335.1, s__Faecalibacterium sp937915335, 95.0, 84.07, 0.174; GCA_934547065.1, s__Faecalibacterium sp934547065, 95.0, 83.72, 0.247; GCA_934526125.1, s__Faecalibacterium sp934526125, 95.0, 83.46, 0.248; GCA_934514285.1, s__Faecalibacterium sp934514285, 95.0, 83.23, 0.247; GCA_934533135.1, s__Faecalibacterium sp934533135, 95.0, 82.84, 0.207; GCA_900551435.1, s__Faecalibacterium sp900551435, 95.0, 81.92, 0.201	73.9	11.0		
bin.24_sub	o__Clostridiales (UID1212)	172	261	147	50.09	8.56	32.0	1796167	0	254	254	8919	8919	7071	7071	27194	27194	59.9	2.54	81.59	11	2445	119	117	25	0	0	0	51.22	10.8	Gradient Boost (General Model)	11	0.816	8919	201.4	1796167	0.6	2445	254	27194		0	0	0.0	0.8876759	0.99997604	d__Bacteria;p__Bacillota_A;c__Clostridia;o__Oscillospirales;f__Ruminococcaceae;g__Faecalibacterium;s__						GCF_010509575.1	95.0	d__Bacteria;p__Bacillota_A;c__Clostridia;o__Oscillospirales;f__Ruminococcaceae;g__Faecalibacterium;s__Faecalibacterium duncaniae	92.96	0.589	d__Bacteria;p__Bacillota_A;c__Clostridia;o__Oscillospirales;f__Ruminococcaceae;g__Faecalibacterium;s__	taxonomic classification defined by topology and ANI	classification based on placement in class-level tree	GCA_025757845.1, s__Faecalibacterium sp900539945, 95.0, 90.63, 0.482; GCA_902463905.1, s__Faecalibacterium sp902463905, 95.0, 88.84, 0.336; GCA_934525845.1, s__Faecalibacterium sp934525845, 95.0, 86.51, 0.306; GCF_002549775.1, s__Faecalibacterium prausnitzii_F, 95.0, 86.45, 0.323; GCA_937915335.1, s__Faecalibacterium sp937915335, 95.0, 86.43, 0.308; GCF_023347255.1, s__Faecalibacterium prausnitzii_D, 95.0, 86.14, 0.305; GCF_020687245.1, s__Faecalibacterium longum, 95.0, 86.02, 0.269; GCA_934526125.1, s__Faecalibacterium sp934526125, 95.0, 85.99, 0.295; GCA_934547065.1, s__Faecalibacterium sp934547065, 95.0, 85.87, 0.265; GCA_900765105.1, s__Faecalibacterium sp900765105, 95.0, 85.82, 0.271; GCA_934514285.1, s__Faecalibacterium sp934514285, 95.0, 85.75, 0.252; GCF_023347535.1, s__Faecalibacterium sp900539885, 95.0, 85.74, 0.288; GCF_023347235.1, s__Faecalibacterium prausnitzii_A, 95.0, 85.7, 0.295; GCA_934503275.1, s__Faecalibacterium sp934503275, 95.0, 85.7, 0.273; GCF_019967995.1, s__Faecalibacterium prausnitzii_E, 95.0, 85.67, 0.329; GCF_023347295.1, s__Faecalibacterium sp003449675, 95.0, 85.58, 0.274; GCA_934525735.1, s__Faecalibacterium sp934525735, 95.0, 85.57, 0.228; GCF_003324185.1, s__Faecalibacterium prausnitzii, 95.0, 85.44, 0.276; GCA_934513205.1, s__Faecalibacterium sp934513205, 95.0, 85.44, 0.254; GCF_003287405.1, s__Faecalibacterium prausnitzii_J, 95.0, 85.41, 0.281; GCA_934561555.1, s__Faecalibacterium sp934561555, 95.0, 85.37, 0.258; GCA_934512105.1, s__Faecalibacterium sp934512105, 95.0, 85.34, 0.229; GCA_934511465.1, s__Faecalibacterium sp934511465, 95.0, 85.3, 0.238; GCF_003287455.1, s__Faecalibacterium hattorii, 95.0, 85.26, 0.307; GCA_900772565.1, s__Faecalibacterium sp900772565, 95.0, 85.22, 0.274; GCA_934540955.1, s__Faecalibacterium sp934540955, 95.0, 85.18, 0.246; GCA_934539245.1, s__Faecalibacterium sp934539245, 95.0, 85.1, 0.248; GCA_934524985.1, s__Faecalibacterium sp934524985, 95.0, 85.09, 0.273; GCA_934561115.1, s__Faecalibacterium sp934561115, 95.0, 85.07, 0.23; GCA_934561485.1, s__Faecalibacterium sp934561485, 95.0, 85.06, 0.271; GCF_023347275.1, s__Faecalibacterium sp900758465, 95.0, 84.83, 0.25; GCA_934525325.1, s__Faecalibacterium sp934525325, 95.0, 84.79, 0.21; GCA_934501115.1, s__Faecalibacterium sp934501115, 95.0, 84.68, 0.211; GCA_934532365.1, s__Faecalibacterium sp934532365, 95.0, 84.61, 0.244; GCA_934518555.1, s__Faecalibacterium sp934518555, 95.0, 84.51, 0.23; GCA_900765705.1, s__Faecalibacterium sp900765705, 95.0, 84.48, 0.223; GCF_003287495.1, s__Faecalibacterium prausnitzii_I, 95.0, 84.44, 0.255; GCA_934553285.1, s__Faecalibacterium sp934553285, 95.0, 84.33, 0.223; GCA_014858325.1, s__Faecalibacterium sp014858325, 95.0, 84.22, 0.177; GCA_004558805.1, s__Faecalibacterium prausnitzii_M, 95.0, 84.17, 0.228; GCA_902463235.1, s__Faecalibacterium sp902463235, 95.0, 84.17, 0.189; GCA_934525405.1, s__Faecalibacterium sp934525405, 95.0, 84.15, 0.203; GCA_905215595.1, s__Faecalibacterium sp905215595, 95.0, 84.04, 0.19; GCA_934533135.1, s__Faecalibacterium sp934533135, 95.0, 83.89, 0.186; GCA_900551435.1, s__Faecalibacterium sp900551435, 95.0, 83.72, 0.198	32.97	11.0	0.99866	Genome not assigned to closest species as it falls outside its pre-defined ANI radius;Genome has more than 10.8% of markers with multiple hits
bin.26_sub	root (UID1)	5656	56	24	12.5	0.0	0.0	614149	0	56	56	18257	18257	10966	10966	76736	76736	48.1	2.72	87.43	11	767	53	3	0	0	0	0	13.8	0.13	Neural Network (Specific Model)	11	0.874	18257	234.4876140808344	614149	0.48	767	56	76736		0	0	0.0	1.5607959	0.99998534	Unclassified Bacteria																		Insufficient number of amino acids in MSA (2.5%)
bin.27	k__Bacteria (UID2372)	131	177	106	72.09	0.94	100.0	2072094	0	145	145	19401	19401	14290	14290	63159	63159	29.2	1.61	87.14	11	2686	46	130	1	0	0	0	78.03	1.13	Gradient Boost (General Model)	11	0.871	19401	225.21891288160836	2072094	0.29	2686	145	63159		0	0	0.0	0.7906913	0.9999971	d__Bacteria;p__Bacillota_I;c__Bacilli_A;o__Erysipelotrichales;f__Coprobacillaceae;g__Faecalibacillus;s__Faecalibacillus intestinalis	GCF_003024685.1	95.0	d__Bacteria;p__Bacillota_I;c__Bacilli_A;o__Erysipelotrichales;f__Coprobacillaceae;g__Faecalibacillus;s__Faecalibacillus intestinalis	96.06	0.79	GCF_003024685.1	95.0	d__Bacteria;p__Bacillota_I;c__Bacilli_A;o__Erysipelotrichales;f__Coprobacillaceae;g__Faecalibacillus;s__Faecalibacillus intestinalis	96.06	0.79	d__Bacteria;p__Bacillota_I;c__Bacilli_A;o__Erysipelotrichales;f__Coprobacillaceae;g__Faecalibacillus;s__	taxonomic classification defined by topology and ANI	topological placement and ANI have congruent species assignments	GCA_958421935.1, s__Faecalibacillus sp900544435, 95.0, 92.85, 0.645; GCF_003024675.1, s__Faecalibacillus faecis, 95.0, 90.47, 0.586; GCA_030540195.1, s__Faecalibacillus sp030540195, 95.0, 89.35, 0.527	70.07	11.0		
bin.28_sub	k__Bacteria (UID203)	5449	103	57	1.75	0.0	0.0	846361	0	99	99	11212	11212	8549	8549	35214	35214	49.3	3.4	84.99	11	1118	101	2	0	0	0	0	15.13	3.91	Neural Network (Specific Model)	11	0.85	11212	216.11449016100175	846361	0.49	1118	99	35214		1	5768	0.006815058822417385	2.0660682	0.9999657	Unclassified Bacteria																		Insufficient number of amino acids in MSA (1.3%)
bin.29_sub	k__Bacteria (UID203)	5449	102	56	18.15	0.0	0.0	430844	0	71	71	7290	7290	6068	6068	15462	15462	59.4	2.09	80.78	11	589	89	13	0	0	0	0	12.0	0.01	Neural Network (Specific Model)	11	0.808	7290	198.17147707979623	430844	0.59	589	71	15462		0	0	0.0	0.7955609	0.9999397	d__Bacteria;p__Bacillota_A;c__Clostridia;o__Oscillospirales;f__Ruminococcaceae;g__Faecalibacterium;s__Faecalibacterium longum	GCF_020687245.1	95.0	d__Bacteria;p__Bacillota_A;c__Clostridia;o__Oscillospirales;f__Ruminococcaceae;g__Faecalibacterium;s__Faecalibacterium longum	97.75	0.949	GCF_020687245.1	95.0	d__Bacteria;p__Bacillota_A;c__Clostridia;o__Oscillospirales;f__Ruminococcaceae;g__Faecalibacterium;s__Faecalibacterium longum	97.75	0.949	d__Bacteria;p__Bacillota_A;c__Clostridia;o__Oscillospirales;f__Ruminococcaceae;g__Faecalibacterium;s__	taxonomic classification defined by topology and ANI	topological placement and ANI have congruent species assignments	GCA_934514285.1, s__Faecalibacterium sp934514285, 95.0, 96.03, 0.821; GCF_023347275.1, s__Faecalibacterium sp900758465, 95.0, 90.05, 0.679; GCA_002313795.1, s__Faecalibacterium prausnitzii_L, 95.0, 86.6, 0.365; GCF_019967995.1, s__Faecalibacterium prausnitzii_E, 95.0, 86.48, 0.269; GCA_900765705.1, s__Faecalibacterium sp900765705, 95.0, 85.86, 0.174; GCF_010509575.1, s__Faecalibacterium duncaniae, 95.0, 85.56, 0.213; GCF_003287495.1, s__Faecalibacterium prausnitzii_I, 95.0, 85.53, 0.324; GCA_934501115.1, s__Faecalibacterium sp934501115, 95.0, 85.45, 0.171; GCA_900551435.1, s__Faecalibacterium sp900551435, 95.0, 85.42, 0.173; GCF_002549775.1, s__Faecalibacterium prausnitzii_F, 95.0, 85.38, 0.276; GCA_934525845.1, s__Faecalibacterium sp934525845, 95.0, 85.37, 0.221; GCA_900772565.1, s__Faecalibacterium sp900772565, 95.0, 85.36, 0.189; GCF_003324185.1, s__Faecalibacterium prausnitzii, 95.0, 85.32, 0.229; GCF_003287405.1, s__Faecalibacterium prausnitzii_J, 95.0, 85.32, 0.219; GCF_023347255.1, s__Faecalibacterium prausnitzii_D, 95.0, 85.27, 0.253; GCA_025757845.1, s__Faecalibacterium sp900539945, 95.0, 85.19, 0.212; GCA_934532365.1, s__Faecalibacterium sp934532365, 95.0, 85.18, 0.152; GCF_003287455.1, s__Faecalibacterium hattorii, 95.0, 85.03, 0.259; GCF_023347235.1, s__Faecalibacterium prausnitzii_A, 95.0, 84.94, 0.234; GCA_934539245.1, s__Faecalibacterium sp934539245, 95.0, 84.94, 0.189; GCA_934503275.1, s__Faecalibacterium sp934503275, 95.0, 84.87, 0.198; GCA_934526125.1, s__Faecalibacterium sp934526125, 95.0, 84.81, 0.184; GCA_934533135.1, s__Faecalibacterium sp934533135, 95.0, 84.79, 0.194; GCA_937915335.1, s__Faecalibacterium sp937915335, 95.0, 84.67, 0.151; GCF_023347535.1, s__Faecalibacterium sp900539885, 95.0, 84.65, 0.234; GCA_934524985.1, s__Faecalibacterium sp934524985, 95.0, 84.64, 0.217; GCA_934561555.1, s__Faecalibacterium sp934561555, 95.0, 84.64, 0.205; GCA_934513205.1, s__Faecalibacterium sp934513205, 95.0, 84.55, 0.172; GCA_934540955.1, s__Faecalibacterium sp934540955, 95.0, 84.33, 0.169; GCA_934511465.1, s__Faecalibacterium sp934511465, 95.0, 84.29, 0.164; GCA_934548045.1, s__Faecalibacterium sp934548045, 95.0, 84.15, 0.181; GCF_023347295.1, s__Faecalibacterium sp003449675, 95.0, 84.0, 0.209; GCA_900765105.1, s__Faecalibacterium sp900765105, 95.0, 83.99, 0.184; GCA_014858325.1, s__Faecalibacterium sp014858325, 95.0, 83.94, 0.184; GCA_934561115.1, s__Faecalibacterium sp934561115, 95.0, 83.94, 0.167; GCA_934525735.1, s__Faecalibacterium sp934525735, 95.0, 83.85, 0.199; GCA_934561485.1, s__Faecalibacterium sp934561485, 95.0, 83.78, 0.151	10.84	11.0		
bin.31	o__Bacteroidales (UID2657)	160	491	268	72.49	1.63	33.33	2631150	0	253	253	13988	13988	10399	10399	45848	45848	44.8	2.77	89.95	11	2739	132	350	9	0	0	0	70.3	0.33	Neural Network (Specific Model)	11	0.899	13988	289.1000365096751	2631150	0.45	2739	253	45848		0	0	0.0	0.8983786	0.99999845	d__Bacteria;p__Bacteroidota;c__Bacteroidia;o__Bacteroidales;f__Bacteroidaceae;g__Phocaeicola;s__Phocaeicola plebeius_A	GCF_003437535.1	95.0	d__Bacteria;p__Bacteroidota;c__Bacteroidia;o__Bacteroidales;f__Bacteroidaceae;g__Phocaeicola;s__Phocaeicola plebeius_A	98.23	0.895	GCF_003437535.1	95.0	d__Bacteria;p__Bacteroidota;c__Bacteroidia;o__Bacteroidales;f__Bacteroidaceae;g__Phocaeicola;s__Phocaeicola plebeius_A	98.23	0.895	d__Bacteria;p__Bacteroidota;c__Bacteroidia;o__Bacteroidales;f__Bacteroidaceae;g__Phocaeicola;s__	taxonomic classification defined by topology and ANI	topological placement and ANI have congruent species assignments	GCA_945965395.1, s__Phocaeicola sp945965395, 95.0, 94.84, 0.723; GCF_000187895.1, s__Phocaeicola plebeius, 95.0, 93.8, 0.752; GCA_900557085.1, s__Phocaeicola sp900557085, 95.0, 93.68, 0.516; GCF_025567125.1, s__Phocaeicola fibrisolvens, 95.0, 84.63, 0.342; GCF_025993685.1, s__Phocaeicola mediterraneensis_A, 95.0, 84.51, 0.372; GCF_900128455.1, s__Phocaeicola mediterraneensis, 95.0, 83.9, 0.348; GCF_016900355.1, s__Phocaeicola sp900551065, 95.0, 83.64, 0.336; GCF_902472605.1, s__Phocaeicola sp902472605, 95.0, 83.64, 0.309; GCA_900551445.1, s__Phocaeicola sp900551445, 95.0, 83.62, 0.275; GCA_900552075.1, s__Phocaeicola sp900552075, 95.0, 83.32, 0.286	67.75	11.0		
bin.32	o__Clostridiales (UID1226)	155	278	158	52.17	1.29	66.67	1759481	0	161	161	14295	14295	10928	10928	40168	40168	44.4	2.07	84.09	11	2232	111	164	3	0	0	0	56.66	0.72	Gradient Boost (General Model)	11	0.841	14295	222.59229390681003	1759481	0.44	2232	161	40168		0	0	0.0	0.7746878	0.9999915	d__Bacteria;p__Bacillota_A;c__Clostridia;o__Lachnospirales;f__Lachnospiraceae;g__Hominisplanchenecus;s__Hominisplanchenecus faecis	GCF_020687205.1	95.0	d__Bacteria;p__Bacillota_A;c__Clostridia;o__Lachnospirales;f__Lachnospiraceae;g__Hominisplanchenecus;s__Hominisplanchenecus faecis	97.57	0.857	GCF_020687205.1	95.0	d__Bacteria;p__Bacillota_A;c__Clostridia;o__Lachnospirales;f__Lachnospiraceae;g__Hominisplanchenecus;s__Hominisplanchenecus faecis	97.57	0.857	d__Bacteria;p__Bacillota_A;c__Clostridia;o__Lachnospirales;f__Lachnospiraceae;g__Hominisplanchenecus;s__	taxonomic classification defined by topology and ANI	topological placement and ANI have congruent species assignments	GCA_900551235.1, s__Hominisplanchenecus sp900551235, 95.0, 87.89, 0.365; GCA_905214675.1, s__Hominisplanchenecus sp905214675, 95.0, 86.67, 0.27	50.57	11.0		
bin.34_sub	k__Bacteria (UID203)	5449	103	57	7.02	0.0	0.0	1008518	0	68	68	17070	17070	14831	14831	65583	65583	41.1	1.62	82.94	11	1221	96	7	0	0	0	0	19.13	0.43	Neural Network (Specific Model)	11	0.829	17070	229.56838656838656	1008518	0.41	1221	68	65583		0	0	0.0	1.069747	0.9998245	Unclassified Bacteria																		Insufficient number of amino acids in MSA (7.5%)
bin.35_sub	k__Bacteria (UID203)	5449	103	57	7.62	0.0	0.0	374317	0	50	50	8506	8506	7486	7486	21564	21564	43.7	4.05	84.72	11	526	89	14	0	0	0	0	14.74	0.0	Neural Network (Specific Model)	11	0.847	8506	202.5228136882129	374317	0.44	526	50	21564		0	0	0.0	0.5027436	1.0	Unclassified Bacteria																		Insufficient number of amino acids in MSA (8.5%)
bin.36_sub	root (UID1)	5656	56	24	4.17	0.0	0.0	999772	0	50	50	34907	34907	19995	19995	98663	98663	40.6	2.19	84.88	11	1172	55	1	0	0	0	0	20.66	2.79	Neural Network (Specific Model)	11	0.849	34907	242.53242320819112	999772	0.41	1172	50	98663		0	0	0.0	2.0540252	0.999945	Unclassified Bacteria																		Insufficient number of amino acids in MSA (5.8%)
bin.38_sub	root (UID1)	5656	56	24	0.0	0.0	0.0	373593	0	67	67	6244	6244	5576	5576	16650	16650	39.5	1.94	87.37	11	452	56	0	0	0	0	0	8.42	0.03	Neural Network (Specific Model)	11	0.874	6244	242.44026548672565	373593	0.39	452	67	16650		0	0	0.0	0.55117226	0.99999464	Unclassified Bacteria																		Insufficient number of amino acids in MSA (2.0%)
bin.39	o__Clostridiales (UID1212)	172	263	149	94.97	1.34	50.0	2884833	0	67	67	64311	64311	43057	43057	296909	296909	37.3	1.57	87.49	11	2920	9	252	2	0	0	0	96.45	1.55	Neural Network (Specific Model)	11	0.875	64311	288.8815068493151	2884833	0.37	2920	67	296909		0	0	0.0	1.3058268	0.9999858	d__Bacteria;p__Bacillota_A;c__Clostridia;o__Lachnospirales;f__Lachnospiraceae;g__Anaerostipes;s__Anaerostipes hadrus	GCF_030296915.1	95.0	d__Bacteria;p__Bacillota_A;c__Clostridia;o__Lachnospirales;f__Lachnospiraceae;g__Anaerostipes;s__Anaerostipes hadrus	98.18	0.792	GCF_030296915.1	95.0	d__Bacteria;p__Bacillota_A;c__Clostridia;o__Lachnospirales;f__Lachnospiraceae;g__Anaerostipes;s__Anaerostipes hadrus	98.18	0.792	d__Bacteria;p__Bacillota_A;c__Clostridia;o__Lachnospirales;f__Lachnospiraceae;g__Anaerostipes;s__	taxonomic classification defined by topology and ANI	topological placement and ANI have congruent species assignments	GCA_019423795.1, s__Anaerostipes sp019423795, 95.0, 94.26, 0.74; GCA_905215045.1, s__Anaerostipes sp905215045, 95.0, 93.04, 0.694; GCF_025567365.1, s__Anaerostipes amylophilus, 95.0, 88.91, 0.596; GCA_902362875.1, s__Anaerostipes sp900066705, 95.0, 88.57, 0.498	85.58	11.0		
bin.3_sub	o__Clostridiales (UID1212)	172	261	148	37.9	0.0	0.0	1107743	0	108	108	12394	12394	10256	10256	36831	36831	38.3	1.7	78.15	11	1403	150	111	0	0	0	0	35.72	0.91	Neural Network (Specific Model)	11	0.781	12394	207.03136136849608	1107743	0.38	1403	108	36831		0	0	0.0	0.62511235	0.99999636	d__Bacteria;p__Bacillota_A;c__Clostridia;o__Lachnospirales;f__Lachnospiraceae;g__Anaerobutyricum;s__Anaerobutyricum hallii	GCF_000173975.1	95.0	d__Bacteria;p__Bacillota_A;c__Clostridia;o__Lachnospirales;f__Lachnospiraceae;g__Anaerobutyricum;s__Anaerobutyricum hallii	98.46	0.85	GCF_000173975.1	95.0	d__Bacteria;p__Bacillota_A;c__Clostridia;o__Lachnospirales;f__Lachnospiraceae;g__Anaerobutyricum;s__Anaerobutyricum hallii	98.46	0.85	d__Bacteria;p__Bacillota_A;c__Clostridia;o__Lachnospirales;f__Lachnospiraceae;g__Anaerobutyricum;s__	taxonomic classification defined by topology and ANI	topological placement and ANI have congruent species assignments	GCF_934307085.1, s__Anaerobutyricum sp934307085, 95.0, 89.59, 0.435; GCF_900209925.1, s__Anaerobutyricum soehngenii, 95.0, 86.83, 0.311; GCA_934317185.1, s__Anaerobutyricum sp934317185, 95.0, 83.16, 0.167	33.72	11.0		
bin.4	k__Bacteria (UID203)	5449	104	58	3.45	0.0	0.0	220105	0	43	43	6282	6282	5118	5118	14668	14668	44.8	2.63	83.4	11	307	102	2	0	0	0	0	5.95	0.15	Neural Network (Specific Model)	11	0.834	6282	200.742671009772	220105	0.45	307	43	14668		0	0	0.0	0.49223277	1.0	Unclassified Bacteria																		Insufficient number of amino acids in MSA (2.0%)
bin.40	o__Clostridiales (UID1212)	172	263	149	49.39	11.95	2.7	1516768	0	177	177	10546	10546	8569	8569	40976	40976	26.7	1.71	81.28	11	2190	123	103	37	0	0	0	70.74	11.32	Gradient Boost (General Model)	11	0.813	10546	188.648401826484	1516768	0.27	2190	177	40976		2	6084	0.004011160573007869	0.6131154	0.99999934	d__Bacteria;p__Bacillota_A;c__Clostridia;o__TANB77;f__CAG-508;g__CAG-269;s__						GCA_003525075.1	95.3	d__Bacteria;p__Bacillota_A;c__Clostridia;o__TANB77;f__CAG-508;g__CAG-269;s__CAG-269 sp003525075	96.49	0.475	d__Bacteria;p__Bacillota_A;c__Clostridia;o__TANB77;f__CAG-508;g__CAG-269;s__	taxonomic classification defined by topology and ANI	classification based on placement in class-level tree	GCA_934120045.1, s__CAG-269 sp934120045, 95.0, 93.08, 0.363; GCA_934122085.1, s__CAG-269 sp934122085, 95.0, 92.77, 0.344; GCA_001915995.1, s__CAG-269 sp001915995, 95.0, 92.24, 0.361; GCA_934141555.1, s__CAG-269 sp934141555, 95.0, 91.63, 0.349; GCA_934129895.1, s__CAG-269 sp934129895, 95.0, 86.0, 0.178	33.11	11.0	0.99935	Genome has more than 15.8% of markers with multiple hits
bin.41_sub	root (UID1)	5656	56	24	0.0	0.0	0.0	730249	0	106	106	8674	8674	6889	6889	26989	26989	42.6	1.96	84.16	11	1021	56	0	0	0	0	0	13.68	0.14	Neural Network (Specific Model)	11	0.841	8674	202.41332027424093	730249	0.43	1021	106	26989		0	0	0.0	0.6181109	1.0	Unclassified Bacteria																		Insufficient number of amino acids in MSA (8.1%)
bin.43_sub	f__Lachnospiraceae (UID1286)	57	420	207	32.87	1.13	57.14	1402365	0	190	190	9868	9868	7380	7380	43149	43149	43.1	2.1	83.04	11	2150	285	128	7	0	0	0	28.17	2.23	Neural Network (Specific Model)	11	0.83	9868	182.52697674418604	1402365	0.43	2150	190	43149		0	0	0.0	0.67823994	0.99999714	d__Bacteria;p__Bacillota_A;c__Clostridia;o__Lachnospirales;f__Lachnospiraceae;g__Roseburia;s__Roseburia intestinalis	GCF_900537995.1	95.61	d__Bacteria;p__Bacillota_A;c__Clostridia;o__Lachnospirales;f__Lachnospiraceae;g__Roseburia;s__Roseburia intestinalis	98.21	0.825						d__Bacteria;p__Bacillota_A;c__Clostridia;o__Lachnospirales;f__Lachnospiraceae;g__Roseburia;s__	taxonomic classification defined by topology and ANI	topological placement and ANI have incongruent species assignments	GCF_900537995.1, s__Roseburia intestinalis, 95.61, 98.21, 0.825; GCA_019411365.1, s__Roseburia sp019411365, 95.0, 96.23, 0.446; GCA_934317215.1, s__Roseburia sp934317215, 95.0, 93.81, 0.629; GCF_014287515.2, s__Roseburia rectibacter, 95.0, 91.24, 0.613; GCA_003483745.1, s__Roseburia sp003483745, 95.0, 90.34, 0.524	18.97	11.0		
bin.44	f__Lachnospiraceae (UID1286)	57	420	207	79.54	3.33	10.0	2324582	0	157	157	21781	21781	14806	14806	130434	130434	42.0	2.15	85.28	11	3031	111	299	10	0	0	0	75.83	7.17	Gradient Boost (General Model)	11	0.853	21781	219.4147146156384	2324582	0.42	3031	157	130434		0	0	0.0	0.9111204	0.9999948	d__Bacteria;p__Bacillota_A;c__Clostridia;o__Lachnospirales;f__Lachnospiraceae;g__Agathobacter;s__Agathobacter rectalis	GCF_000020605.1	95.0	d__Bacteria;p__Bacillota_A;c__Clostridia;o__Lachnospirales;f__Lachnospiraceae;g__Agathobacter;s__Agathobacter rectalis	97.25	0.752	GCF_000020605.1	95.0	d__Bacteria;p__Bacillota_A;c__Clostridia;o__Lachnospirales;f__Lachnospiraceae;g__Agathobacter;s__Agathobacter rectalis	97.25	0.752	d__Bacteria;p__Bacillota_A;c__Clostridia;o__Lachnospirales;f__Lachnospiraceae;g__Agathobacter;s__	taxonomic classification defined by topology and ANI	topological placement and ANI have congruent species assignments	GCA_902786155.1, s__Agathobacter sp900317585, 95.0, 94.91, 0.63; GCA_937935345.1, s__Agathobacter sp900546625, 95.0, 94.23, 0.694; GCA_934365945.1, s__Agathobacter sp934365945, 95.0, 93.31, 0.522	52.51	11.0		
bin.46_sub	f__Lachnospiraceae (UID1256)	33	333	171	60.37	2.63	80.0	1842302	0	137	137	17411	17411	13447	13447	55692	55692	41.7	1.74	84.33	11	2479	144	184	5	0	0	0	59.17	2.35	Gradient Boost (General Model)	11	0.843	17411	210.46107301331185	1842302	0.42	2479	137	55692		0	0	0.0	0.95521635	0.99997234	d__Bacteria;p__Bacillota_A;c__Clostridia;o__Lachnospirales;f__Lachnospiraceae;g__Dorea_A;s__Dorea_A longicatena	GCF_025150085.1	95.0	d__Bacteria;p__Bacillota_A;c__Clostridia;o__Lachnospirales;f__Lachnospiraceae;g__Dorea_A;s__Dorea_A longicatena	97.65	0.856	GCF_025150085.1	95.0	d__Bacteria;p__Bacillota_A;c__Clostridia;o__Lachnospirales;f__Lachnospiraceae;g__Dorea_A;s__Dorea_A longicatena	97.65	0.856	d__Bacteria;p__Bacillota_A;c__Clostridia;o__Lachnospirales;f__Lachnospiraceae;g__Dorea_A;s__	taxonomic classification defined by topology and ANI	topological placement and ANI have congruent species assignments	GCF_025567265.1, s__Dorea_A amylophila, 95.0, 91.16, 0.58; GCA_019421265.1, s__Dorea_A sp019421265, 95.0, 89.96, 0.231; GCA_900550865.1, s__Dorea_A sp900550865, 95.0, 89.84, 0.533; GCA_934309195.1, s__Dorea_A sp934309195, 95.0, 89.67, 0.525; GCA_934295165.1, s__Dorea_A sp934295165, 95.0, 86.82, 0.321; GCF_934294775.1, s__Dorea_A sp934294775, 95.0, 85.03, 0.296	40.02	11.0		
bin.48	k__Bacteria (UID203)	5449	104	58	21.9	0.0	0.0	1106145	0	167	167	8412	8412	6623	6623	28152	28152	53.4	4.21	82.48	11	1586	80	24	0	0	0	0	26.45	1.03	Neural Network (Specific Model)	11	0.825	8412	193.28688524590163	1106145	0.53	1586	167	28152		0	0	0.0	0.70439714	0.9997234	d__Bacteria;p__Bacteroidota;c__Bacteroidia;o__Bacteroidales;f__Rikenellaceae;g__Alistipes;s__Alistipes putredinis	GCF_000154465.1	95.0	d__Bacteria;p__Bacteroidota;c__Bacteroidia;o__Bacteroidales;f__Rikenellaceae;g__Alistipes;s__Alistipes putredinis	98.07	0.671	GCF_000154465.1	95.0	d__Bacteria;p__Bacteroidota;c__Bacteroidia;o__Bacteroidales;f__Rikenellaceae;g__Alistipes;s__Alistipes putredinis	98.07	0.671	d__Bacteria;p__Bacteroidota;c__Bacteroidia;o__Bacteroidales;f__Rikenellaceae;g__Alistipes;s__	taxonomic classification defined by topology and ANI	topological placement and ANI have congruent species assignments		15.95	11.0		
bin.50_sub	k__Bacteria (UID203)	5449	104	58	6.9	0.0	0.0	147780	0	25	25	7055	7055	5911	5911	23325	23325	44.3	1.79	83.71	11	210	99	5	0	0	0	0	5.51	0.0	Neural Network (Specific Model)	11	0.837	7055	198.36666666666667	147780	0.44	210	25	23325		0	0	0.0	0.58203226	1.0	Unclassified Bacteria																		Insufficient number of amino acids in MSA (5.7%)
bin.52_sub	root (UID1)	5656	56	24	0.0	0.0	0.0	490640	0	60	60	11185	11185	8177	8177	27032	27032	48.3	2.09	82.69	11	690	56	0	0	0	0	0	14.45	0.56	Neural Network (Specific Model)	11	0.827	11185	197.7159420289855	490640	0.48	690	60	27032		0	0	0.0	0.54577947	0.99998575	Unclassified Bacteria																		Insufficient number of amino acids in MSA (9.4%)
bin.53_sub	k__Bacteria (UID203)	5449	104	58	13.1	0.0	0.0	602626	0	62	62	11996	11996	9719	9719	29404	29404	40.0	2.03	83.01	11	968	91	13	0	0	0	0	13.49	0.04	Neural Network (Specific Model)	11	0.83	11996	174.50929752066116	602626	0.4	968	62	29404		0	0	0.0	0.56406313	0.99999666	Unclassified Bacteria																		Insufficient number of amino acids in MSA (8.7%)
bin.54	o__Bacteroidales (UID2657)	160	492	269	90.27	0.76	40.0	4101861	0	190	190	30011	30011	21588	21588	221711	221711	46.4	2.79	90.58	11	3696	46	441	5	0	0	0	88.11	3.11	Neural Network (Specific Model)	11	0.906	30011	335.80465367965365	4101861	0.46	3696	190	221711		0	0	0.0	1.3475256	0.99986273	d__Bacteria;p__Bacteroidota;c__Bacteroidia;o__Bacteroidales;f__Bacteroidaceae;g__Bacteroides;s__Bacteroides uniformis	GCF_025147485.1	95.0	d__Bacteria;p__Bacteroidota;c__Bacteroidia;o__Bacteroidales;f__Bacteroidaceae;g__Bacteroides;s__Bacteroides uniformis	98.13	0.777	GCF_025147485.1	95.0	d__Bacteria;p__Bacteroidota;c__Bacteroidia;o__Bacteroidales;f__Bacteroidaceae;g__Bacteroides;s__Bacteroides uniformis	98.13	0.777	d__Bacteria;p__Bacteroidota;c__Bacteroidia;o__Bacteroidales;f__Bacteroidaceae;g__Bacteroides;s__	taxonomic classification defined by topology and ANI	topological placement and ANI have congruent species assignments	GCF_000614125.1, s__Bacteroides rodentium, 95.0, 94.55, 0.616; GCF_004793475.1, s__Bacteroides muris, 95.0, 91.43, 0.522; GCA_905197435.1, s__Bacteroides sp905197435, 95.0, 87.92, 0.482	85.56	11.0		
bin.57_sub	k__Bacteria (UID203)	5449	103	57	15.55	0.0	0.0	692592	0	105	105	8051	8051	6596	6596	24936	24936	42.3	1.52	80.26	11	990	90	13	0	0	0	0	15.93	0.11	Neural Network (Specific Model)	11	0.802	8051	188.7676767676768	692592	0.42	990	105	24936		0	0	0.0	0.68451	0.99998844	Unclassified Bacteria																		Insufficient number of amino acids in MSA (9.9%)
bin.59	o__Clostridiales (UID1212)	172	263	149	30.34	0.0	0.0	765056	0	95	95	9220	9220	8053	8053	24896	24896	46.3	2.06	82.76	11	1008	175	88	0	0	0	0	24.59	0.81	Neural Network (Specific Model)	11	0.827	9220	210.9811507936508	765056	0.46	1008	95	24896		0	0	0.0	0.60846984	0.99998957	d__Bacteria;p__Bacillota_A;c__Clostridia;o__Oscillospirales;f__Ruminococcaceae;g__Ruminococcus_C;s__Ruminococcus_C sp000433635	GCA_000433635.1	95.0	d__Bacteria;p__Bacillota_A;c__Clostridia;o__Oscillospirales;f__Ruminococcaceae;g__Ruminococcus_C;s__Ruminococcus_C sp000433635	97.6	0.835	GCA_000433635.1	95.0	d__Bacteria;p__Bacillota_A;c__Clostridia;o__Oscillospirales;f__Ruminococcaceae;g__Ruminococcus_C;s__Ruminococcus_C sp000433635	97.6	0.835	d__Bacteria;p__Bacillota_A;c__Clostridia;o__Oscillospirales;f__Ruminococcaceae;g__Ruminococcus_C;s__	taxonomic classification defined by topology and ANI	topological placement and ANI have congruent species assignments	GCA_902464115.1, s__Ruminococcus_C sp902464115, 95.0, 94.33, 0.725	24.03	11.0		
bin.6	o__Clostridiales (UID1226)	155	278	158	82.25	1.58	0.0	2456024	0	184	184	19844	19844	13347	13347	60904	60904	45.1	1.82	84.99	11	2826	56	217	5	0	0	0	75.44	1.04	Neural Network (Specific Model)	11	0.85	19844	247.4150743099788	2456024	0.45	2826	184	60904		1	43092	0.01754543115213858	1.1814368	0.9999939	d__Bacteria;p__Bacillota_A;c__Clostridia;o__Lachnospirales;f__Lachnospiraceae;g__Blautia_A;s__Blautia_A fusiformis	GCF_020687435.1	95.0	d__Bacteria;p__Bacillota_A;c__Clostridia;o__Lachnospirales;f__Lachnospiraceae;g__Blautia_A;s__Blautia_A fusiformis	98.0	0.917	GCF_020687435.1	95.0	d__Bacteria;p__Bacillota_A;c__Clostridia;o__Lachnospirales;f__Lachnospiraceae;g__Blautia_A;s__Blautia_A fusiformis	98.0	0.917	d__Bacteria;p__Bacillota_A;c__Clostridia;o__Lachnospirales;f__Lachnospiraceae;g__Blautia_A;s__	taxonomic classification defined by topology and ANI	topological placement and ANI have congruent species assignments	GCA_900751995.1, s__Blautia_A sp900751995, 95.0, 94.76, 0.528; GCA_958454115.1, s__Blautia_A wexlerae_C, 95.0, 92.85, 0.351; GCF_013304735.1, s__Blautia_A sp900066205, 95.0, 90.58, 0.644; GCF_003461955.1, s__Blautia_A sp900066335, 95.0, 90.41, 0.646; GCF_013304825.1, s__Blautia_A schinkii_B, 95.0, 88.81, 0.531; GCF_003474435.1, s__Blautia_A sp003474435, 95.22, 88.67, 0.525; GCA_900764225.1, s__Blautia_A sp900764225, 95.0, 86.07, 0.319; GCA_934373235.1, s__Blautia_A sp934373235, 95.0, 84.05, 0.184	64.75	11.0		
bin.70	o__Clostridiales (UID1212)	172	261	147	43.65	0.0	0.0	1498311	0	130	130	16127	16127	11525	11525	51157	51157	56.4	2.43	78.88	11	1800	144	117	0	0	0	0	45.46	0.91	Neural Network (Specific Model)	11	0.789	16127	220.39944444444444	1498311	0.56	1800	130	51157		0	0	0.0	0.7249739	0.9999973	d__Bacteria;p__Bacillota_A;c__Clostridia;o__Oscillospirales;f__Ruminococcaceae;g__Gemmiger;s__Gemmiger qucibialis	GCA_004000625.1	95.0	d__Bacteria;p__Bacillota_A;c__Clostridia;o__Oscillospirales;f__Ruminococcaceae;g__Gemmiger;s__Gemmiger qucibialis	97.84	0.868	GCA_004000625.1	95.0	d__Bacteria;p__Bacillota_A;c__Clostridia;o__Oscillospirales;f__Ruminococcaceae;g__Gemmiger;s__Gemmiger qucibialis	97.84	0.868	d__Bacteria;p__Bacillota_A;c__Clostridia;o__Oscillospirales;f__Ruminococcaceae;g__Gemmiger;s__	taxonomic classification defined by topology and ANI	topological placement and ANI have congruent species assignments		38.33	11.0		
bin.71	o__Clostridiales (UID1212)	172	263	149	23.0	0.0	0.0	686918	0	72	72	12096	12096	9540	9540	47548	47548	51.2	2.96	81.78	11	962	190	73	0	0	0	0	21.91	0.92	Neural Network (Specific Model)	11	0.818	12096	196.34719334719333	686918	0.51	962	72	47548		0	0	0.0	0.5243844	0.99999416	d__Bacteria;p__Bacillota_A;c__Clostridia;o__Oscillospirales;f__Acutalibacteraceae;g__Fimivicinus;s__Fimivicinus sp900544375	GCA_900544375.1	95.0	d__Bacteria;p__Bacillota_A;c__Clostridia;o__Oscillospirales;f__Acutalibacteraceae;g__Fimivicinus;s__Fimivicinus sp900544375	98.8	0.747	GCA_900544375.1	95.0	d__Bacteria;p__Bacillota_A;c__Clostridia;o__Oscillospirales;f__Acutalibacteraceae;g__Fimivicinus;s__Fimivicinus sp900544375	98.8	0.747	d__Bacteria;p__Bacillota_A;c__Clostridia;o__Oscillospirales;f__Acutalibacteraceae;g__Fimivicinus;s__	taxonomic classification defined by topology and ANI	topological placement and ANI have congruent species assignments	GCA_900544715.1, s__Fimivicinus sp900544715, 95.0, 89.65, 0.543; GCA_900549825.1, s__Fimivicinus sp900549825, 95.0, 82.42, 0.181	22.2	11.0		
bin.73	o__Clostridiales (UID1212)	172	260	146	94.08	0.0	0.0	2730705	0	63	63	67589	67589	43344	43344	195468	195468	42.7	2.06	86.7	11	2717	13	247	0	0	0	0	97.54	4.87	Neural Network (Specific Model)	11	0.867	67589	291.29407434670594	2730705	0.43	2717	63	195468		0	0	0.0	1.8008149	0.999922	d__Bacteria;p__Bacillota_A;c__Clostridia;o__Oscillospirales;f__Ruminococcaceae;g__Hominimerdicola;s__Hominimerdicola aceti	GCF_025567495.1	95.0	d__Bacteria;p__Bacillota_A;c__Clostridia;o__Oscillospirales;f__Ruminococcaceae;g__Hominimerdicola;s__Hominimerdicola aceti	97.61	0.843	GCF_025567495.1	95.0	d__Bacteria;p__Bacillota_A;c__Clostridia;o__Oscillospirales;f__Ruminococcaceae;g__Hominimerdicola;s__Hominimerdicola aceti	97.61	0.843	d__Bacteria;p__Bacillota_A;c__Clostridia;o__Oscillospirales;f__Ruminococcaceae;g__Hominimerdicola;s__	taxonomic classification defined by topology and ANI	topological placement and ANI have congruent species assignments	GCA_934435205.1, s__Hominimerdicola sp934435205, 95.0, 94.93, 0.794; GCA_937898375.1, s__Hominimerdicola sp937898375, 95.0, 91.42, 0.667; GCF_900539095.1, s__Hominimerdicola sp900539095, 95.0, 90.0, 0.704; GCF_019423705.1, s__Hominimerdicola sp019423705, 95.0, 82.03, 0.203	87.53	11.0		
bin.74	k__Bacteria (UID203)	5449	103	57	7.66	0.0	0.0	501074	0	51	51	10884	10884	9824	9824	27654	27654	42.3	1.21	84.54	11	692	95	8	0	0	0	0	15.9	0.26	Neural Network (Specific Model)	11	0.845	10884	205.7630057803468	501074	0.42	692	51	27654		0	0	0.0	0.79993945	1.0	Unclassified Bacteria																		Insufficient number of amino acids in MSA (8.3%)
bin.77	o__Thermoanaerobacterales (UID1420)	32	488	209	12.54	0.48	0.0	510153	0	64	64	10464	10464	7971	7971	37283	37283	57.4	3.69	81.26	11	684	416	71	1	0	0	0	12.52	0.08	Neural Network (Specific Model)	11	0.813	10464	203.94005847953213	510153	0.57	684	64	37283		0	0	0.0	0.52209544	0.99999803	d__Bacteria;p__Bacillota_A;c__Clostridia;o__Christensenellales;f__Aristaeellaceae;g__UBA11524;s__UBA11524 sp000437595	GCA_000437595.1	95.0	d__Bacteria;p__Bacillota_A;c__Clostridia;o__Christensenellales;f__Aristaeellaceae;g__UBA11524;s__UBA11524 sp000437595	96.78	0.785	GCA_000437595.1	95.0	d__Bacteria;p__Bacillota_A;c__Clostridia;o__Christensenellales;f__Aristaeellaceae;g__UBA11524;s__UBA11524 sp000437595	96.78	0.785	d__Bacteria;p__Bacillota_A;c__Clostridia;o__Christensenellales;f__Aristaeellaceae;g__UBA11524;s__	taxonomic classification defined by topology and ANI	topological placement and ANI have congruent species assignments		15.09	11.0		
bin.78	f__Lachnospiraceae (UID1286)	57	420	207	98.33	4.35	9.09	3382919	0	21	21	239566	239566	161091	161091	540667	540667	43.1	1.25	88.28	11	3349	7	402	11	0	0	0	96.91	0.91	Neural Network (Specific Model)	11	0.883	239566	298.11764705882354	3382919	0.43	3349	21	540667		0	0	0.0	4.1320896	1.0	d__Bacteria;p__Bacillota_A;c__Clostridia;o__Lachnospirales;f__Lachnospiraceae;g__Agathobacter;s__Agathobacter faecis	GCF_001406815.1	95.0	d__Bacteria;p__Bacillota_A;c__Clostridia;o__Lachnospirales;f__Lachnospiraceae;g__Agathobacter;s__Agathobacter faecis	98.34	0.824	GCF_001406815.1	95.0	d__Bacteria;p__Bacillota_A;c__Clostridia;o__Lachnospirales;f__Lachnospiraceae;g__Agathobacter;s__Agathobacter faecis	98.34	0.824	d__Bacteria;p__Bacillota_A;c__Clostridia;o__Lachnospirales;f__Lachnospiraceae;g__Agathobacter;s__	taxonomic classification defined by topology and ANI	topological placement and ANI have congruent species assignments	GCA_002474415.1, s__Agathobacter sp002474415, 95.0, 91.48, 0.635	87.75	11.0		
bin.8	f__Lachnospiraceae (UID1286)	57	420	207	60.55	3.52	25.0	2202628	0	232	232	11450	11450	9494	9494	55718	55718	47.5	1.98	85.75	11	2771	172	238	9	1	0	0	51.14	2.29	Gradient Boost (General Model)	11	0.857	11450	228.89029231324432	2202628	0.47	2771	232	55718		0	0	0.0	0.73037386	0.99999774	d__Bacteria;p__Bacillota_A;c__Clostridia;o__Lachnospirales;f__Lachnospiraceae;g__Acetatifactor;s__Acetatifactor acetigignens	GCF_025567015.1	95.0	d__Bacteria;p__Bacillota_A;c__Clostridia;o__Lachnospirales;f__Lachnospiraceae;g__Acetatifactor;s__Acetatifactor acetigignens	98.11	0.902	GCF_025567015.1	95.0	d__Bacteria;p__Bacillota_A;c__Clostridia;o__Lachnospirales;f__Lachnospiraceae;g__Acetatifactor;s__Acetatifactor acetigignens	98.11	0.902	d__Bacteria;p__Bacillota_A;c__Clostridia;o__Lachnospirales;f__Lachnospiraceae;g__Acetatifactor;s__	taxonomic classification defined by topology and ANI	topological placement and ANI have congruent species assignments	GCA_900772845.1, s__Acetatifactor sp900772845, 95.0, 89.88, 0.547; GCF_009695995.1, s__Acetatifactor intestinalis, 95.0, 88.94, 0.471; GCA_945929965.1, s__Acetatifactor sp945929965, 95.0, 88.85, 0.476; GCA_003447295.1, s__Acetatifactor sp003447295, 95.0, 88.76, 0.378; GCA_900771995.1, s__Acetatifactor sp900771995, 95.0, 88.61, 0.524; GCA_934436435.1, s__Acetatifactor sp934436435, 95.0, 88.53, 0.471; GCA_934394815.1, s__Acetatifactor sp934394815, 95.0, 88.36, 0.48; GCA_934436245.1, s__Acetatifactor sp934436245, 95.0, 87.99, 0.406; GCA_002431915.1, s__Acetatifactor sp002431915, 95.0, 86.63, 0.403; GCA_900766575.1, s__Acetatifactor sp900766575, 95.0, 86.36, 0.297; GCA_934394665.1, s__Acetatifactor sp934394665, 95.0, 86.25, 0.286; GCA_934394515.1, s__Acetatifactor sp934394515, 95.0, 85.22, 0.262	40.66	11.0		
bin.9	o__Clostridiales (UID1212)	172	263	149	67.15	0.69	50.0	1751400	0	164	164	13805	13805	10679	10679	58381	58381	53.0	2.94	84.24	11	2138	81	180	2	0	0	0	63.74	0.26	Neural Network (Specific Model)	11	0.842	13805	231.3199251637044	1751400	0.53	2138	164	58381		0	0	0.0	0.71153915	0.99998975	d__Bacteria;p__Bacillota_A;c__Clostridia;o__Oscillospirales;f__Acutalibacteraceae;g__Hominenteromicrobium;s__Hominenteromicrobium mulieris	GCF_020687165.1	95.0	d__Bacteria;p__Bacillota_A;c__Clostridia;o__Oscillospirales;f__Acutalibacteraceae;g__Hominenteromicrobium;s__Hominenteromicrobium mulieris	97.47	0.888	GCF_020687165.1	95.0	d__Bacteria;p__Bacillota_A;c__Clostridia;o__Oscillospirales;f__Acutalibacteraceae;g__Hominenteromicrobium;s__Hominenteromicrobium mulieris	97.47	0.888	d__Bacteria;p__Bacillota_A;c__Clostridia;o__Oscillospirales;f__Acutalibacteraceae;g__Hominenteromicrobium;s__	taxonomic classification defined by topology and ANI	topological placement and ANI have congruent species assignments	GCA_934643185.1, s__Hominenteromicrobium sp934643185, 95.0, 94.39, 0.717	58.33	11.0		
bin.93	o__Clostridiales (UID1212)	172	263	149	97.99	0.34	0.0	2327685	0	5	5	705929	705929	465537	465537	949098	949098	39.1	0.67	85.98	11	2214	3	259	1	0	0	0	98.35	2.82	Neural Network (Specific Model)	11	0.86	705929	301.9159891598916	2327685	0.39	2214	5	949098		0	0	0.0	3.0080554	0.99996394	d__Bacteria;p__Bacillota_A;c__Clostridia;o__Oscillospirales;f__Acutalibacteraceae;g__Ruminococcus_E;s__Ruminococcus_E intestinalis	GCF_014288065.1	95.0	d__Bacteria;p__Bacillota_A;c__Clostridia;o__Oscillospirales;f__Acutalibacteraceae;g__Ruminococcus_E;s__Ruminococcus_E intestinalis	98.21	0.796	GCF_014288065.1	95.0	d__Bacteria;p__Bacillota_A;c__Clostridia;o__Oscillospirales;f__Acutalibacteraceae;g__Ruminococcus_E;s__Ruminococcus_E intestinalis	98.21	0.796	d__Bacteria;p__Bacillota_A;c__Clostridia;o__Oscillospirales;f__Acutalibacteraceae;g__Ruminococcus_E;s__	taxonomic classification defined by topology and ANI	topological placement and ANI have congruent species assignments	GCF_003438075.1, s__Ruminococcus_E sp003438075, 95.0, 90.93, 0.64; GCA_900755995.1, s__Ruminococcus_E sp900755995, 95.0, 82.44, 0.181	93.78	11.0		
rosella_bin_137_sub	root (UID1)	5656	56	24	0.0	0.0	0.0	64661	0	7	7	10907	10907	9237	9237	29635	29635	42.2	5.66	72.58	11	87	56	0	0	0	0	0	2.88	0.01	Neural Network (Specific Model)	11	0.726	10907	181.5977011494253	64661	0.42	87	7	29635		0	0	0.0	0.5492916	0.99998456	Unclassified Bacteria																		Insufficient number of amino acids in MSA (0.7%)
rosella_bin_146_sub	g__Bacteroides (UID2691)	33	839	309	1.03	0.0	0.0	104115	0	8	8	12775	12775	13014	13014	32452	32452	42.9	8.79	91.05	11	127	813	26	0	0	0	0	3.68	0.01	Neural Network (Specific Model)	11	0.91	12775	249.51181102362204	104115	0.43	127	8	32452		0	0	0.0	1.0873686	1.0	d__Bacteria;p__Bacteroidota;c__Bacteroidia;o__Bacteroidales;f__Bacteroidaceae;g__Bacteroides;s__						GCF_958387885.1	95.0	d__Bacteria;p__Bacteroidota;c__Bacteroidia;o__Bacteroidales;f__Bacteroidaceae;g__Bacteroides;s__Bacteroides sp019412865			d__Bacteria;p__Bacteroidota;c__Bacteroidia;o__Bacteroidales;f__Bacteroidaceae;g__Bacteroides;s__	taxonomic classification defined by topology and ANI	classification based on placement in class-level tree	GCF_002222615.2, s__Bacteroides caccae, 95.0, 97.16, 0.167	10.63	11.0	0.99999	Genome domain questionable ( 10.8% Bacterial, 5.7% Archaeal)
rosella_bin_15_sub	k__Bacteria (UID203)	5449	104	58	1.72	0.0	0.0	334863	0	21	21	24353	24353	15945	15945	53454	53454	45.4	2.43	72.25	11	334	102	2	0	0	0	0	6.19	0.04	Neural Network (Specific Model)	11	0.722	24353	242.25149700598803	334863	0.45	334	21	53454		0	0	0.0	2.5730815	0.9997491	Unclassified Bacteria																		Insufficient number of amino acids in MSA (0.8%)
rosella_bin_180_sub	root (UID1)	5656	56	24	0.0	0.0	0.0	66092	0	6	6	14224	14224	11015	11015	16849	16849	43.8	2.84	83.47	11	86	56	0	0	0	0	0	3.02	0.0	Neural Network (Specific Model)	11	0.835	14224	215.7325581395349	66092	0.44	86	6	16849		0	0	0.0	0.5833356	1.0	Unclassified																		No bacterial or archaeal marker
rosella_bin_207_sub	k__Bacteria (UID203)	5449	104	58	0.78	0.0	0.0	213035	0	20	20	12782	12782	10651	10651	27042	27042	47.7	6.32	84.55	11	258	99	5	0	0	0	0	7.59	0.0	Neural Network (Specific Model)	11	0.845	12782	234.45348837209303	213035	0.48	258	20	27042		0	0	0.0	1.3722756	0.9999953	Unclassified Bacteria																		Insufficient number of amino acids in MSA (3.0%)
rosella_bin_248_sub	root (UID1)	5656	56	24	0.0	0.0	0.0	82546	0	9	9	13784	13784	9171	9171	17932	17932	42.9	6.57	57.31	11	102	56	0	0	0	0	0	4.97	0.59	Neural Network (Specific Model)	11	0.573	13784	156.0196078431373	82546	0.43	102	9	17932		0	0	0.0	0.947373	0.9999031	Unclassified Bacteria																		Insufficient number of amino acids in MSA (2.8%)
rosella_bin_251_sub	root (UID1)	5656	56	24	0.0	0.0	0.0	55410	0	5	5	12540	12540	11082	11082	22060	22060	45.4	6.74	77.07	11	79	56	0	0	0	0	0	4.64	0.0	Neural Network (Specific Model)	11	0.771	12540	181.8987341772152	55410	0.45	79	5	22060		0	0	0.0	0.4677838	1.0	Unclassified Bacteria																		Insufficient number of amino acids in MSA (0.4%)
rosella_bin_25_sub	k__Bacteria (UID203)	5449	103	57	3.51	0.0	0.0	163462	0	31	31	5339	5339	5272	5272	14618	14618	43.6	6.19	84.32	11	231	101	2	0	0	0	0	3.35	0.01	Neural Network (Specific Model)	11	0.843	5339	200.82683982683983	163462	0.44	231	31	14618		0	0	0.0	0.56414324	0.99999386	Unclassified Bacteria																		Insufficient number of amino acids in MSA (2.6%)
rosella_bin_263_sub	root (UID1)	5656	56	24	0.0	0.0	0.0	162939	0	23	23	10682	10682	7084	7084	16868	16868	41.2	2.28	83.22	11	236	56	0	0	0	0	0	3.99	0.08	Neural Network (Specific Model)	11	0.832	10682	193.6652542372881	162939	0.41	236	23	16868		0	0	0.0	0.7381461	0.9999816	Unclassified Bacteria																		Insufficient number of amino acids in MSA (0.8%)
rosella_bin_265_sub	o__Clostridiales (UID1226)	155	278	158	5.46	0.0	0.0	271448	0	30	30	13755	13755	9048	9048	30206	30206	38.4	3.35	86.19	11	320	248	30	0	0	0	0	8.05	0.07	Neural Network (Specific Model)	11	0.862	13755	244.6375	271448	0.38	320	30	30206		0	0	0.0	0.94849116	1.0	Unclassified Bacteria																		Insufficient number of amino acids in MSA (9.7%)
rosella_bin_269_sub	k__Bacteria (UID203)	5449	103	57	2.07	0.0	0.0	28098	0	4	4	7154	7154	7024	7024	8999	8999	45.5	1.86	83.63	11	34	99	4	0	0	0	0	3.39	0.03	Neural Network (Specific Model)	11	0.836	7154	230.52941176470588	28098	0.45	34	4	8999		1	9000	0.3203074951953876	1.6767033	1.0	Unclassified Bacteria																		Insufficient number of amino acids in MSA (0.8%)
rosella_bin_28_sub	root (UID1)	5656	56	24	0.0	0.0	0.0	222361	0	8	8	51614	51614	27795	27795	65939	65939	31.5	3.65	87.99	11	243	56	0	0	0	0	0	7.78	0.43	Neural Network (Specific Model)	11	0.88	51614	269.46090534979425	222361	0.31	243	8	65939		1	25860	0.11629737229100427	1.3066205	1.0	Unclassified Bacteria																		Insufficient number of amino acids in MSA (9.4%)
rosella_bin_70_sub	o__Clostridiales (UID1212)	172	263	149	15.32	0.0	0.0	575307	0	53	53	13256	13256	10854	10854	40637	40637	41.7	6.52	84.3	11	725	215	48	0	0	0	0	13.24	0.94	Neural Network (Specific Model)	11	0.843	13256	224.72413793103448	575307	0.42	725	53	40637		0	0	0.0	0.7268346	0.9999913	d__Bacteria;p__Bacillota_A;c__Clostridia;o__Lachnospirales;f__Lachnospiraceae;g__Mediterraneibacter;s__											d__Bacteria;p__Bacillota_A;c__Clostridia;o__Lachnospirales;f__Lachnospiraceae;g__Mediterraneibacter;s__	taxonomic classification defined by topology and ANI	classification based on placement in class-level tree	GCA_001312505.1, s__Mediterraneibacter faecis, 95.0, 94.39, 0.2; GCF_934309345.1, s__Mediterraneibacter sp934309345, 95.0, 91.62, 0.173	18.69	11.0	0.98441	
rosella_bin_92_sub	k__Bacteria (UID203)	5449	103	57	1.44	0.0	0.0	102559	0	20	20	6227	6227	5127	5127	9393	9393	41.1	9.12	83.3	11	135	94	9	0	0	0	0	5.37	0.0	Neural Network (Specific Model)	11	0.833	6227	212.8148148148148	102559	0.41	135	20	9393		0	0	0.0	1.1191258	1.0	Unclassified Bacteria																		Insufficient number of amino acids in MSA (3.3%)
rosella_bin_9_sub	root (UID1)	5656	56	24	0.0	0.0	0.0	85979	0	7	7	15496	15496	12282	12282	29730	29730	40.1	1.72	85.69	11	93	56	0	0	0	0	0	3.34	0.0	Neural Network (Specific Model)	11	0.857	15496	265.4623655913978	85979	0.4	93	7	29730		0	0	0.0	1.3430847	1.0	Unclassified Bacteria																		Insufficient number of amino acids in MSA (0.8%)
rosella_refined_0_35_sub	k__Bacteria (UID203)	5449	103	58	1.72	0.0	0.0	158279	0	21	21	8178	8178	7537	7537	20656	20656	43.1	3.2	83.4	11	261	102	1	0	0	0	0	5.3	0.0	Neural Network (Specific Model)	11	0.834	8178	171.18007662835248	158279	0.43	261	21	20656		0	0	0.0	0.50503063	0.99991786	Unclassified Bacteria																		Insufficient number of amino acids in MSA (0.7%)
rosella_refined_0_41_sub	root (UID1)	5656	56	24	0.0	0.0	0.0	227492	0	44	44	5257	5257	5170	5170	11043	11043	41.5	4.98	78.96	11	401	56	0	0	0	0	0	6.01	0.0	Neural Network (Specific Model)	11	0.789	5257	151.38403990024938	227492	0.41	401	44	11043		1	6905	0.030352715699892743	0.88925725	0.99019307	Unclassified Bacteria																		Insufficient number of amino acids in MSA (0.8%)
rosella_refined_0_51_sub	root (UID1)	5656	56	24	0.0	0.0	0.0	56390	0	12	12	5119	5119	4699	4699	8418	8418	40.6	2.43	79.62	11	83	56	0	0	0	0	0	3.99	0.0	Neural Network (Specific Model)	11	0.796	5119	181.9277108433735	56390	0.41	83	12	8418		0	0	0.0	0.72602326	1.0	Unclassified Bacteria																		Insufficient number of amino acids in MSA (1.6%)
rosella_refined_0_61_sub	k__Bacteria (UID203)	5449	103	57	2.55	0.0	0.0	57356	0	5	5	15503	15503	11471	11471	16355	16355	42.4	4.45	81.36	11	85	96	7	0	0	0	0	5.72	0.0	Neural Network (Specific Model)	11	0.813	15503	184.9882352941177	57356	0.42	85	5	16355		0	0	0.0	0.9059217	1.0	Unclassified Bacteria																		Insufficient number of amino acids in MSA (0.5%)
