Bin Id	Marker lineage	# genomes	# markers	# marker sets	Completeness (CheckM1)	Contamination (CheckM1)	Strain heterogeneity	Genome size (bp)	# ambiguous bases	# scaffolds	# contigs	N50 (scaffolds)	N50 (contigs)	Mean scaffold length (bp)	Mean contig length (bp)	Longest scaffold (bp)	Longest contig (bp)	GC	GC std (scaffolds > 1kbp)	Coding density	Translation table	# predicted genes	0	1	2	3	4	5+	Completeness (CheckM2)	Contamination (CheckM2)	Completeness_Model_Used	Translation_Table_Used	Coding_Density	Contig_N50	Average_Gene_Length	Genome_Size	GC_Content	Total_Coding_Sequences	Total_Contigs	Max_Contig_Length	Additional_Notes	Circular contigs	Circular bp	Circular fraction	off_AT041_final.fastq Relative Abundance (%)	off_AT041_final.fastq Covered Fraction	classification	closest_genome_reference	closest_genome_reference_radius	closest_genome_taxonomy	closest_genome_ani	closest_genome_af	closest_placement_reference	closest_placement_radius	closest_placement_taxonomy	closest_placement_ani	closest_placement_af	pplacer_taxonomy	classification_method	note	other_related_references(genome_id,species_name,radius,ANI,AF)	msa_percent	translation_table	red_value	warnings
1068_sub	f__Lachnospiraceae (UID1256)	33	333	171	30.46	0.0	0.0	1094349	0	11	11	141614	141614	99486	99486	429288	429288	41.0	1.0	85.04	11	1298	204	129	0	0	0	0	28.11	0.1	Neural Network (Specific Model)	11	0.85	141614	240.38828967642527	1094349	0.41	1298	11	429288		0	0	0.0	1.2441326	0.99997896	d__Bacteria;p__Bacillota_A;c__Clostridia;o__Lachnospirales;f__Lachnospiraceae;g__Mediterraneibacter;s__Mediterraneibacter faecis	GCA_001312505.1	95.0	d__Bacteria;p__Bacillota_A;c__Clostridia;o__Lachnospirales;f__Lachnospiraceae;g__Mediterraneibacter;s__Mediterraneibacter faecis	97.19	0.776	GCA_001312505.1	95.0	d__Bacteria;p__Bacillota_A;c__Clostridia;o__Lachnospirales;f__Lachnospiraceae;g__Mediterraneibacter;s__Mediterraneibacter faecis	97.19	0.776	d__Bacteria;p__Bacillota_A;c__Clostridia;o__Lachnospirales;f__Lachnospiraceae;g__Mediterraneibacter;s__	taxonomic classification defined by topology and ANI	topological placement and ANI have congruent species assignments	GCF_934309345.1, s__Mediterraneibacter sp934309345, 95.0, 94.06, 0.646	29.28	11.0		
1092_sub	root (UID1)	5656	56	24	0.0	0.0	0.0	258563	0	1	1	258563	258563	258563	258563	258563	258563	43.2	0.0	87.08	11	194	56	0	0	0	0	0	8.01	0.0	Neural Network (Specific Model)	11	0.871	258563	387.340206185567	258563	0.43	194	1	258563		0	0	0.0	2.0509386	1.0	Unclassified Bacteria																		Insufficient number of amino acids in MSA (1.6%)
1153	k__Bacteria (UID203)	5449	102	56	8.93	0.0	0.0	244962	0	9	9	37299	37299	27218	27218	47547	47547	58.3	0.77	80.58	11	281	94	8	0	0	0	0	5.43	0.05	Neural Network (Specific Model)	11	0.806	37299	235.55871886121	244962	0.58	281	9	47547		0	0	0.0	0.7041388	0.99999183	Unclassified Bacteria																		Insufficient number of amino acids in MSA (5.0%)
1237_sub	k__Bacteria (UID203)	5449	104	58	9.22	0.0	0.0	264380	0	25	25	12804	12804	10575	10575	25354	25354	42.9	1.43	80.2	11	394	94	10	0	0	0	0	9.8	0.0	Neural Network (Specific Model)	11	0.802	12804	181.5279187817259	264380	0.43	394	25	25354		0	0	0.0	0.41070843	0.9999811	d__Bacteria;p__Bacillota_A;c__Clostridia;o__Lachnospirales;f__Lachnospiraceae;g__Mediterraneibacter;s__Mediterraneibacter torques	GCF_000153925.1	95.0	d__Bacteria;p__Bacillota_A;c__Clostridia;o__Lachnospirales;f__Lachnospiraceae;g__Mediterraneibacter;s__Mediterraneibacter torques	98.84	0.93	GCF_000153925.1	95.0	d__Bacteria;p__Bacillota_A;c__Clostridia;o__Lachnospirales;f__Lachnospiraceae;g__Mediterraneibacter;s__Mediterraneibacter torques	98.84	0.93	d__Bacteria;p__Bacillota_A;c__Clostridia;o__Lachnospirales;f__Lachnospiraceae;g__Mediterraneibacter;s__	taxonomic classification defined by topology and ANI	topological placement and ANI have congruent species assignments	GCA_905209865.1, s__Mediterraneibacter sp900752395, 95.0, 85.05, 0.434	10.03	11.0		Genome domain questionable ( 11.7% Bacterial, 1.9% Archaeal)
1508	k__Bacteria (UID203)	5449	104	58	8.62	0.0	0.0	288291	0	3	3	91550	91550	96097	96097	110487	110487	43.2	0.17	89.64	11	211	99	5	0	0	0	0	8.63	0.0	Neural Network (Specific Model)	11	0.896	91550	408.5071090047393	288291	0.43	211	3	110487		0	0	0.0	2.071599	1.0	d__Bacteria;p__Bacteroidota;c__Bacteroidia;o__Bacteroidales;f__Bacteroidaceae;g__Phocaeicola;s__Phocaeicola vulgatus	GCF_000012825.1	95.08	d__Bacteria;p__Bacteroidota;c__Bacteroidia;o__Bacteroidales;f__Bacteroidaceae;g__Phocaeicola;s__Phocaeicola vulgatus	99.17	0.973	GCF_000012825.1	95.08	d__Bacteria;p__Bacteroidota;c__Bacteroidia;o__Bacteroidales;f__Bacteroidaceae;g__Phocaeicola;s__Phocaeicola vulgatus	99.17	0.973	d__Bacteria;p__Bacteroidota;c__Bacteroidia;o__Bacteroidales;f__Bacteroidaceae;g__Phocaeicola;s__	taxonomic classification defined by topology and ANI	topological placement and ANI have congruent species assignments	GCA_947574505.1, s__Phocaeicola sp947574505, 95.0, 99.83, 0.194; GCA_948566455.1, s__Phocaeicola sp948566455, 95.0, 99.81, 0.194; GCA_959599425.1, s__Phocaeicola sp959599425, 95.0, 99.58, 0.236; GCA_019414725.1, s__Phocaeicola sp019414725, 95.0, 96.38, 0.465; GCA_948956705.1, s__Phocaeicola sp948956705, 95.0, 95.62, 0.256; GCF_013009555.1, s__Phocaeicola dorei, 95.0, 94.91, 0.871; GCA_948579315.1, s__Phocaeicola sp948579315, 95.0, 93.88, 0.233; GCA_900760795.1, s__Phocaeicola sp900760795, 95.0, 93.79, 0.396; GCF_024622025.1, s__Phocaeicola sartorii, 95.0, 90.89, 0.69; GCA_947072895.1, s__Phocaeicola sp011959205, 95.0, 89.49, 0.491; GCA_902388365.1, s__Phocaeicola sp902388365, 95.0, 80.82, 0.161	10.72	11.0		
311_sub	o__Clostridiales (UID1212)	172	263	149	93.4	3.69	33.33	2809380	0	54	54	82996	82996	52025	52025	174132	174132	37.4	1.41	87.07	11	3232	17	240	6	0	0	0	85.8	5.26	Neural Network (Specific Model)	11	0.871	82996	253.5120668316832	2809380	0.37	3232	54	174132		0	0	0.0	0.84719884	1.0	d__Bacteria;p__Bacillota_A;c__Clostridia;o__Lachnospirales;f__Lachnospiraceae;g__Lachnospira;s__Lachnospira eligens_A	GCF_009680455.1	95.58	d__Bacteria;p__Bacillota_A;c__Clostridia;o__Lachnospirales;f__Lachnospiraceae;g__Lachnospira;s__Lachnospira eligens_A	98.45	0.845	GCF_009680455.1	95.58	d__Bacteria;p__Bacillota_A;c__Clostridia;o__Lachnospirales;f__Lachnospiraceae;g__Lachnospira;s__Lachnospira eligens_A	98.45	0.845	d__Bacteria;p__Bacillota_A;c__Clostridia;o__Lachnospirales;f__Lachnospiraceae;g__Lachnospira;s__	taxonomic classification defined by topology and ANI	topological placement and ANI have congruent species assignments	GCF_000146185.1, s__Lachnospira eligens, 95.0, 95.13, 0.702; GCA_003464165.1, s__Lachnospira sp003451515, 95.0, 94.67, 0.678; GCF_003458705.1, s__Lachnospira sp003537285, 95.31, 94.15, 0.665; GCA_019424245.1, s__Lachnospira sp019424245, 95.0, 93.89, 0.456; GCA_030537195.1, s__Lachnospira sp030537195, 95.0, 89.77, 0.608; GCA_934343805.1, s__Lachnospira sp934343805, 95.0, 87.86, 0.436; GCA_945910225.1, s__Lachnospira sp945910225, 95.0, 86.66, 0.408; GCA_945939115.1, s__Lachnospira sp945939115, 95.0, 80.72, 0.178	70.47	11.0		Genome has more than 10.8% of markers with multiple hits
523_sub	k__Bacteria (UID203)	5449	104	58	35.34	1.72	0.0	904803	0	53	53	19517	19517	17071	17071	41244	41244	62.6	2.11	81.21	11	1314	82	21	1	0	0	0	23.08	0.24	Neural Network (Specific Model)	11	0.812	19517	188.0875190258752	904803	0.63	1314	53	41244		0	0	0.0	0.6521283	0.9999801	d__Bacteria;p__Bacillota_A;c__Clostridia;o__Oscillospirales;f__Oscillospiraceae;g__Vescimonas;s__Vescimonas cirricatena	GCF_020687045.1	95.0	d__Bacteria;p__Bacillota_A;c__Clostridia;o__Oscillospirales;f__Oscillospiraceae;g__Vescimonas;s__Vescimonas cirricatena	96.54	0.906	GCF_020687045.1	95.0	d__Bacteria;p__Bacillota_A;c__Clostridia;o__Oscillospirales;f__Oscillospiraceae;g__Vescimonas;s__Vescimonas cirricatena	96.54	0.906	d__Bacteria;p__Bacillota_A;c__Clostridia;o__Oscillospirales;f__Oscillospiraceae;g__Vescimonas;s__	taxonomic classification defined by topology and ANI	topological placement and ANI have congruent species assignments	GCA_000435975.1, s__Vescimonas sp000435975, 95.0, 89.51, 0.581	21.59	11.0		
627_sub	root (UID1)	5656	56	24	0.0	0.0	0.0	11655	0	1	1	11655	11655	11655	11655	11655	11655	55.3	0.0	78.26	11	17	56	0	0	0	0	0	5.96	0.0	Gradient Boost (General Model)	11	0.782	11655	178.94117647058823	11655	0.55	17	1	11655		0	0	0.0	0.3218928	1.0	Unclassified																		No bacterial or archaeal marker
669_sub	k__Bacteria (UID203)	5449	104	58	18.97	0.0	0.0	511549	0	43	43	12781	12781	11896	11896	50500	50500	39.6	2.96	82.34	11	798	87	17	0	0	0	0	15.67	0.54	Neural Network (Specific Model)	11	0.823	12781	177.234335839599	511549	0.4	798	43	50500		0	0	0.0	0.44210103	1.0	d__Bacteria;p__Bacillota_A;c__Clostridia;o__Oscillospirales;f__Ruminococcaceae;g__Porcipelethomonas;s__Porcipelethomonas sp900538575	GCA_900538575.1	95.0	d__Bacteria;p__Bacillota_A;c__Clostridia;o__Oscillospirales;f__Ruminococcaceae;g__Porcipelethomonas;s__Porcipelethomonas sp900538575	98.75	0.867	GCA_900538575.1	95.0	d__Bacteria;p__Bacillota_A;c__Clostridia;o__Oscillospirales;f__Ruminococcaceae;g__Porcipelethomonas;s__Porcipelethomonas sp900538575	98.75	0.867	d__Bacteria;p__Bacillota_A;c__Clostridia;o__Oscillospirales;f__Ruminococcaceae;g__Porcipelethomonas;s__	taxonomic classification defined by topology and ANI	topological placement and ANI have congruent species assignments		13.35	11.0		
836_sub	o__Bacteroidales (UID2654)	163	485	265	43.02	7.64	40.0	3103571	0	41	41	136515	136515	75696	75696	362499	362499	42.6	2.02	87.8	11	2996	247	207	29	2	0	0	51.83	8.21	Neural Network (Specific Model)	11	0.878	136515	304.0160213618158	3103571	0.43	2996	41	362499		2	109875	0.035402766683926355	3.0113766	0.9981795	d__Bacteria;p__Bacteroidota;c__Bacteroidia;o__Bacteroidales;f__Bacteroidaceae;g__Phocaeicola;s__											d__Bacteria;p__Bacteroidota;c__Bacteroidia;o__Bacteroidales;f__Bacteroidaceae;g__Phocaeicola;s__	taxonomic classification defined by topology and ANI	classification based on placement in class-level tree	GCA_958434805.1, s__Phocaeicola sp958434805, 95.0, 98.36, 0.158; GCF_000012825.1, s__Phocaeicola vulgatus, 95.08, 98.32, 0.465; GCA_947574505.1, s__Phocaeicola sp947574505, 95.0, 97.06, 0.23; GCA_959599425.1, s__Phocaeicola sp959599425, 95.0, 97.04, 0.229; GCA_948566455.1, s__Phocaeicola sp948566455, 95.0, 97.03, 0.221; GCA_019414665.1, s__Phocaeicola sp019414665, 95.0, 96.79, 0.173; GCA_900760795.1, s__Phocaeicola sp900760795, 95.0, 96.03, 0.271; GCA_948579315.1, s__Phocaeicola sp948579315, 95.0, 95.74, 0.214; GCF_013009555.1, s__Phocaeicola dorei, 95.0, 95.31, 0.445; GCA_948956705.1, s__Phocaeicola sp948956705, 95.0, 90.86, 0.18; GCF_024622025.1, s__Phocaeicola sartorii, 95.0, 89.33, 0.299; GCA_947072895.1, s__Phocaeicola sp011959205, 95.0, 89.13, 0.255	48.56	11.0	0.98488	
846_sub	root (UID1)	5656	56	24	12.5	0.0	0.0	345986	0	19	19	24244	24244	18209	18209	53291	53291	59.1	1.25	80.81	11	459	53	3	0	0	0	0	11.81	0.0	Neural Network (Specific Model)	11	0.808	24244	204.44444444444449	345986	0.59	459	19	53291		0	0	0.0	0.7435022	0.9999162	Unclassified Bacteria																		Insufficient number of amino acids in MSA (6.4%)
881_sub	root (UID1)	5656	56	24	0.0	0.0	0.0	108433	0	4	4	57104	57104	27108	27108	57104	57104	49.4	1.82	83.75	11	119	56	0	0	0	0	0	3.65	0.0	Neural Network (Specific Model)	11	0.837	57104	255.96638655462183	108433	0.49	119	4	57104		0	0	0.0	5.5351877	0.9985429	Unclassified																		No bacterial or archaeal marker
907_sub	k__Bacteria (UID203)	5449	104	58	53.45	0.0	0.0	2605248	0	18	18	210311	210311	144736	144736	395688	395688	41.8	1.31	89.52	11	2184	69	35	0	0	0	0	53.4	1.97	Neural Network (Specific Model)	11	0.895	210311	356.54990842490844	2605248	0.42	2184	18	395688		0	0	0.0	2.0459845	0.9999121	d__Bacteria;p__Bacteroidota;c__Bacteroidia;o__Bacteroidales;f__Bacteroidaceae;g__Phocaeicola;s__Phocaeicola vulgatus	GCF_000012825.1	95.08	d__Bacteria;p__Bacteroidota;c__Bacteroidia;o__Bacteroidales;f__Bacteroidaceae;g__Phocaeicola;s__Phocaeicola vulgatus	98.51	0.795	GCF_000012825.1	95.08	d__Bacteria;p__Bacteroidota;c__Bacteroidia;o__Bacteroidales;f__Bacteroidaceae;g__Phocaeicola;s__Phocaeicola vulgatus	98.51	0.795	d__Bacteria;p__Bacteroidota;c__Bacteroidia;o__Bacteroidales;f__Bacteroidaceae;g__Phocaeicola;s__	taxonomic classification defined by topology and ANI	topological placement and ANI have congruent species assignments	GCA_959599425.1, s__Phocaeicola sp959599425, 95.0, 98.08, 0.281; GCA_019414725.1, s__Phocaeicola sp019414725, 95.0, 98.01, 0.26; GCA_019414665.1, s__Phocaeicola sp019414665, 95.0, 97.06, 0.173; GCF_013009555.1, s__Phocaeicola dorei, 95.0, 94.98, 0.736; GCA_958434805.1, s__Phocaeicola sp958434805, 95.0, 94.78, 0.182; GCA_948579315.1, s__Phocaeicola sp948579315, 95.0, 94.58, 0.215; GCA_948566455.1, s__Phocaeicola sp948566455, 95.0, 94.41, 0.195; GCA_947574505.1, s__Phocaeicola sp947574505, 95.0, 93.85, 0.179; GCA_900760795.1, s__Phocaeicola sp900760795, 95.0, 92.34, 0.353; GCA_948956705.1, s__Phocaeicola sp948956705, 95.0, 91.81, 0.283; GCF_024622025.1, s__Phocaeicola sartorii, 95.0, 89.79, 0.567; GCA_947072895.1, s__Phocaeicola sp011959205, 95.0, 88.81, 0.41; GCF_000382445.1, s__Phocaeicola massiliensis, 95.0, 84.69, 0.18; GCA_902388365.1, s__Phocaeicola sp902388365, 95.0, 80.68, 0.186	41.99	11.0		
bin.0_sub	k__Bacteria (UID203)	5449	103	57	36.28	3.51	0.0	934421	0	93	93	12578	12578	10047	10047	30916	30916	43.4	1.5	80.52	11	1537	75	25	3	0	0	0	21.57	2.69	Neural Network (Specific Model)	11	0.805	12578	165.16135328562137	934421	0.43	1537	93	30916		0	0	0.0	0.5038195	0.99956656	d__Bacteria;p__Bacillota_A;c__Clostridia;o__Lachnospirales;f__Lachnospiraceae;g__Bariatricus;s__Bariatricus comes	GCF_025149785.1	95.0	d__Bacteria;p__Bacillota_A;c__Clostridia;o__Lachnospirales;f__Lachnospiraceae;g__Bariatricus;s__Bariatricus comes	97.94	0.559						d__Bacteria;p__Bacillota_A;c__Clostridia;o__Lachnospirales;f__Lachnospiraceae;g__Bariatricus;s__	taxonomic classification defined by topology and ANI	topological placement and ANI have incongruent species assignments	GCF_025149785.1, s__Bariatricus comes, 95.0, 97.94, 0.559; GCF_013300725.1, s__Bariatricus comes_A, 95.0, 94.45, 0.51; GCA_934320645.1, s__Bariatricus sp934320645, 95.0, 92.46, 0.445	14.94	11.0		
bin.10_sub	k__Bacteria (UID203)	5449	104	58	8.62	0.0	0.0	600914	0	49	49	16729	16729	12263	12263	37862	37862	55.8	2.58	81.8	11	757	98	6	0	0	0	0	16.16	0.11	Neural Network (Specific Model)	11	0.818	16729	218.9128137384412	600914	0.56	757	49	37862		1	17153	0.028544850011815334	0.43822467	0.9963139	Unclassified Bacteria																		Insufficient number of amino acids in MSA (9.2%)
bin.11	o__Clostridiales (UID1212)	172	261	147	62.62	0.0	0.0	1509637	0	103	103	20011	20011	14656	14656	54084	54084	60.1	2.06	82.0	11	1711	110	151	0	0	0	0	54.94	0.16	Neural Network (Specific Model)	11	0.82	20011	242.2530683810637	1509637	0.6	1711	103	54084		0	0	0.0	0.692742	0.9991362	d__Bacteria;p__Bacillota_A;c__Clostridia;o__Oscillospirales;f__Ruminococcaceae;g__Faecalibacterium;s__Faecalibacterium longum	GCF_020687245.1	95.0	d__Bacteria;p__Bacillota_A;c__Clostridia;o__Oscillospirales;f__Ruminococcaceae;g__Faecalibacterium;s__Faecalibacterium longum	96.92	0.87						d__Bacteria;p__Bacillota_A;c__Clostridia;o__Oscillospirales;f__Ruminococcaceae;g__Faecalibacterium;s__	taxonomic classification defined by topology and ANI	topological placement and ANI have incongruent species assignments	GCF_020687245.1, s__Faecalibacterium longum, 95.0, 96.92, 0.87; GCA_934514285.1, s__Faecalibacterium sp934514285, 95.0, 95.93, 0.823; GCF_023347275.1, s__Faecalibacterium sp900758465, 95.0, 90.8, 0.737; GCA_002313795.1, s__Faecalibacterium prausnitzii_L, 95.0, 86.19, 0.4; GCF_003287455.1, s__Faecalibacterium hattorii, 95.0, 85.0, 0.343; GCF_019967995.1, s__Faecalibacterium prausnitzii_E, 95.0, 84.95, 0.344; GCF_003287495.1, s__Faecalibacterium prausnitzii_I, 95.0, 84.7, 0.354; GCA_025757845.1, s__Faecalibacterium sp900539945, 95.0, 84.3, 0.297; GCA_014858325.1, s__Faecalibacterium sp014858325, 95.0, 83.78, 0.253; GCF_010509575.1, s__Faecalibacterium duncaniae, 95.0, 83.57, 0.294; GCF_023347535.1, s__Faecalibacterium sp900539885, 95.0, 83.56, 0.256; GCF_002549775.1, s__Faecalibacterium prausnitzii_F, 95.0, 83.53, 0.292; GCA_934525845.1, s__Faecalibacterium sp934525845, 95.0, 83.49, 0.259; GCA_934533135.1, s__Faecalibacterium sp934533135, 95.0, 83.46, 0.267; GCA_937915335.1, s__Faecalibacterium sp937915335, 95.0, 83.45, 0.196; GCF_023347255.1, s__Faecalibacterium prausnitzii_D, 95.0, 83.43, 0.268; GCF_023347295.1, s__Faecalibacterium sp003449675, 95.0, 83.43, 0.234; GCA_900551435.1, s__Faecalibacterium sp900551435, 95.0, 83.41, 0.247; GCA_902463905.1, s__Faecalibacterium sp902463905, 95.0, 83.37, 0.163; GCA_900765705.1, s__Faecalibacterium sp900765705, 95.0, 83.32, 0.179; GCF_023347235.1, s__Faecalibacterium prausnitzii_A, 95.0, 83.28, 0.219; GCA_934526125.1, s__Faecalibacterium sp934526125, 95.0, 83.24, 0.244; GCF_003287405.1, s__Faecalibacterium prausnitzii_J, 95.0, 83.17, 0.221; GCA_934548045.1, s__Faecalibacterium sp934548045, 95.0, 82.98, 0.257; GCA_934511465.1, s__Faecalibacterium sp934511465, 95.0, 82.94, 0.195; GCA_934512105.1, s__Faecalibacterium sp934512105, 95.0, 82.91, 0.172; GCA_934524985.1, s__Faecalibacterium sp934524985, 95.0, 82.86, 0.194; GCF_003324185.1, s__Faecalibacterium prausnitzii, 95.0, 82.8, 0.21; GCA_934513205.1, s__Faecalibacterium sp934513205, 95.0, 82.65, 0.217; GCA_900772565.1, s__Faecalibacterium sp900772565, 95.0, 82.64, 0.191; GCA_934525735.1, s__Faecalibacterium sp934525735, 95.0, 82.61, 0.203; GCA_934547065.1, s__Faecalibacterium sp934547065, 95.0, 82.55, 0.192; GCA_934539245.1, s__Faecalibacterium sp934539245, 95.0, 82.55, 0.181; GCA_934561555.1, s__Faecalibacterium sp934561555, 95.0, 82.51, 0.206; GCA_934540955.1, s__Faecalibacterium sp934540955, 95.0, 82.49, 0.18; GCA_934503275.1, s__Faecalibacterium sp934503275, 95.0, 82.39, 0.193; GCA_900765105.1, s__Faecalibacterium sp900765105, 95.0, 82.36, 0.217; GCA_934532365.1, s__Faecalibacterium sp934532365, 95.0, 82.25, 0.178; GCA_934501115.1, s__Faecalibacterium sp934501115, 95.0, 82.16, 0.172; GCA_934561115.1, s__Faecalibacterium sp934561115, 95.0, 82.09, 0.175; GCA_934525325.1, s__Faecalibacterium sp934525325, 95.0, 81.77, 0.153; GCA_934561485.1, s__Faecalibacterium sp934561485, 95.0, 81.73, 0.179; GCA_004558805.1, s__Faecalibacterium prausnitzii_M, 95.0, 81.55, 0.169; GCA_934553285.1, s__Faecalibacterium sp934553285, 95.0, 81.43, 0.168	46.51	11.0		
bin.13	o__Clostridiales (UID1212)	172	263	149	94.3	0.67	0.0	2963225	0	22	22	229703	229703	134692	134692	385824	385824	36.1	1.31	85.58	11	2792	11	251	1	0	0	0	94.21	1.47	Neural Network (Specific Model)	11	0.856	229703	303.4831661891117	2963225	0.36	2792	22	385824		0	0	0.0	1.515365	0.99999964	d__Bacteria;p__Bacillota_A;c__Clostridia;o__Lachnospirales;f__Lachnospiraceae;g__Lachnospira;s__Lachnospira sp000436475	GCA_000436475.1	95.0	d__Bacteria;p__Bacillota_A;c__Clostridia;o__Lachnospirales;f__Lachnospiraceae;g__Lachnospira;s__Lachnospira sp000436475	98.88	0.889	GCA_000436475.1	95.0	d__Bacteria;p__Bacillota_A;c__Clostridia;o__Lachnospirales;f__Lachnospiraceae;g__Lachnospira;s__Lachnospira sp000436475	98.88	0.889	d__Bacteria;p__Bacillota_A;c__Clostridia;o__Lachnospirales;f__Lachnospiraceae;g__Lachnospira;s__	taxonomic classification defined by topology and ANI	topological placement and ANI have congruent species assignments	GCA_019424245.1, s__Lachnospira sp019424245, 95.0, 93.99, 0.435; GCA_934358235.1, s__Lachnospira sp934358235, 95.0, 86.91, 0.309; GCA_000436535.1, s__Lachnospira sp000436535, 95.0, 84.91, 0.278; GCA_937902625.1, s__Lachnospira sp002435585, 95.0, 84.67, 0.282; GCA_900112995.1, s__Lachnospira pectinoschiza_A, 95.0, 83.66, 0.157	87.92	11.0		
bin.135_sub	k__Bacteria (UID203)	5449	102	56	3.57	0.0	0.0	101415	0	3	3	71385	71385	33805	33805	71385	71385	55.7	1.43	76.54	11	109	99	3	0	0	0	0	4.4	0.0	Neural Network (Specific Model)	11	0.765	71385	238.5871559633028	101415	0.56	109	3	71385		0	0	0.0	1.1900896	1.0	Unclassified Bacteria																		Insufficient number of amino acids in MSA (4.0%)
bin.14_sub	o__Clostridiales (UID1212)	172	261	147	7.42	0.0	0.0	1808460	0	113	113	25976	25976	16004	16004	107407	107407	51.7	2.54	84.45	11	2130	236	25	0	0	0	0	25.41	4.55	Neural Network (Specific Model)	11	0.844	25976	240.34788732394367	1808460	0.52	2130	113	107407		1	1172	0.0006480652046492596	1.045117	0.9988659	Unclassified Bacteria																		Insufficient number of amino acids in MSA (6.3%)
bin.15_sub	k__Bacteria (UID2982)	88	229	147	43.68	0.04	0.0	1283218	0	93	93	19873	19873	13798	13798	78777	78777	55.2	2.94	81.8	11	1811	130	98	1	0	0	0	34.26	2.27	Neural Network (Specific Model)	11	0.818	19873	195.46493649917173	1283218	0.55	1811	93	78777		1	1664	0.0012967399148079283	0.47636434	0.99998987	d__Bacteria;p__Verrucomicrobiota;c__Verrucomicrobiae;o__Verrucomicrobiales;f__Akkermansiaceae;g__Akkermansia;s__Akkermansia muciniphila	GCF_000020225.1	95.0	d__Bacteria;p__Verrucomicrobiota;c__Verrucomicrobiae;o__Verrucomicrobiales;f__Akkermansiaceae;g__Akkermansia;s__Akkermansia muciniphila	96.18	0.839	GCF_000020225.1	95.0	d__Bacteria;p__Verrucomicrobiota;c__Verrucomicrobiae;o__Verrucomicrobiales;f__Akkermansiaceae;g__Akkermansia;s__Akkermansia muciniphila	96.18	0.839	d__Bacteria;p__Verrucomicrobiota;c__Verrucomicrobiae;o__Verrucomicrobiales;f__Akkermansiaceae;g__Akkermansia;s__	taxonomic classification defined by topology and ANI	topological placement and ANI have congruent species assignments	GCA_905200945.1, s__Akkermansia sp905200945, 95.0, 93.95, 0.803; GCF_030848305.1, s__Akkermansia muciniphila_A, 95.0, 93.66, 0.772; GCF_023516715.1, s__Akkermansia massiliensis, 95.0, 87.35, 0.553; GCA_947624785.1, s__Akkermansia muciniphila_F, 95.0, 87.1, 0.543; GCF_018709685.1, s__Akkermansia muciniphila_E, 95.0, 85.58, 0.459; GCF_002884975.1, s__Akkermansia muciniphila_C, 95.0, 85.44, 0.453; GCF_020860705.1, s__Akkermansia sp020860705, 95.0, 84.67, 0.415; GCF_026072915.1, s__Akkermansia biwaensis, 95.0, 82.25, 0.274; GCF_004167605.1, s__Akkermansia sp004167605, 95.0, 81.92, 0.277; GCA_021202525.1, s__Akkermansia sp021202525, 95.0, 81.78, 0.254	30.96	11.0		
bin.16	o__Clostridiales (UID1212)	172	263	149	49.92	0.0	0.0	1502420	0	119	119	16027	16027	12625	12625	56506	56506	44.5	2.03	80.77	11	2025	125	138	0	0	0	0	52.37	2.99	Gradient Boost (General Model)	11	0.808	16027	201.22222222222223	1502420	0.45	2025	119	56506		1	3784	0.0025186033199771037	0.51888335	0.99999666	d__Bacteria;p__Bacillota_A;c__Clostridia;o__Oscillospirales;f__Ruminococcaceae;g__Ruminiclostridium_E;s__Ruminiclostridium_E siraeum	GCA_025150425.1	95.0	d__Bacteria;p__Bacillota_A;c__Clostridia;o__Oscillospirales;f__Ruminococcaceae;g__Ruminiclostridium_E;s__Ruminiclostridium_E siraeum	96.58	0.838	GCA_025150425.1	95.0	d__Bacteria;p__Bacillota_A;c__Clostridia;o__Oscillospirales;f__Ruminococcaceae;g__Ruminiclostridium_E;s__Ruminiclostridium_E siraeum	96.58	0.838	d__Bacteria;p__Bacillota_A;c__Clostridia;o__Oscillospirales;f__Ruminococcaceae;g__Ruminiclostridium_E;s__	taxonomic classification defined by topology and ANI	topological placement and ANI have congruent species assignments	GCA_900539195.1, s__Ruminiclostridium_E sp900539195, 95.0, 92.54, 0.613; GCA_003512525.1, s__Ruminiclostridium_E sp003512525, 95.0, 88.41, 0.457; GCA_902490585.1, s__Ruminiclostridium_E sp902490585, 95.0, 88.27, 0.508; GCA_017935365.1, s__Ruminiclostridium_E sp017935365, 95.0, 86.97, 0.464; GCA_934490165.1, s__Ruminiclostridium_E sp934490165, 95.0, 86.82, 0.444; GCA_002437415.1, s__Ruminiclostridium_E sp002437415, 95.0, 85.44, 0.385	39.78	11.0		
bin.17_sub	k__Bacteria (UID203)	5449	103	57	33.33	0.0	0.0	1139950	0	42	42	38696	38696	27141	27141	99752	99752	34.2	2.03	85.81	11	1216	77	26	0	0	0	0	39.03	0.3	Neural Network (Specific Model)	11	0.858	38696	269.31332236842104	1139950	0.34	1216	42	99752		1	6964	0.0061090398701697446	0.9853198	0.99999297	d__Bacteria;p__Bacillota_I;c__Bacilli_A;o__Erysipelotrichales;f__Erysipelotrichaceae;g__Holdemanella;s__Holdemanella biformis	GCF_000156655.1	95.0	d__Bacteria;p__Bacillota_I;c__Bacilli_A;o__Erysipelotrichales;f__Erysipelotrichaceae;g__Holdemanella;s__Holdemanella biformis	95.03	0.643	GCF_000156655.1	95.0	d__Bacteria;p__Bacillota_I;c__Bacilli_A;o__Erysipelotrichales;f__Erysipelotrichaceae;g__Holdemanella;s__Holdemanella biformis	95.03	0.643	d__Bacteria;p__Bacillota_I;c__Bacilli_A;o__Erysipelotrichales;f__Erysipelotrichaceae;g__Holdemanella;s__	taxonomic classification defined by topology and ANI	topological placement and ANI have congruent species assignments	GCA_938036765.1, s__Holdemanella sp900547815, 95.0, 91.87, 0.577; GCF_934754935.1, s__Holdemanella sp934754935, 95.0, 90.89, 0.58; GCF_024460475.1, s__Holdemanella sp900556915, 95.0, 90.28, 0.534; GCA_003436425.1, s__Holdemanella sp003436425, 95.0, 90.23, 0.552; GCF_014306155.1, s__Holdemanella hominis, 95.0, 90.05, 0.53; GCF_009696075.1, s__Holdemanella porci, 95.95, 89.85, 0.515; GCF_934772795.1, s__Holdemanella sp934772795, 95.0, 88.81, 0.496; GCF_003458715.1, s__Holdemanella sp003458715, 95.0, 88.66, 0.489; GCF_900754615.1, s__Holdemanella sp900754615, 95.0, 88.23, 0.445	27.55	11.0		
bin.18_sub	k__Bacteria (UID203)	5449	102	56	18.1	0.0	0.0	753099	0	60	60	16522	16522	12551	12551	52836	52836	60.8	2.18	80.04	11	971	84	18	0	0	0	0	23.85	0.04	Neural Network (Specific Model)	11	0.8	16522	208.40061791967045	753099	0.61	971	60	52836		0	0	0.0	0.54096866	0.9999867	d__Bacteria;p__Bacillota_A;c__Clostridia;o__Oscillospirales;f__Ruminococcaceae;g__Gemmiger;s__Gemmiger formicilis	GCF_900167555.1	95.0	d__Bacteria;p__Bacillota_A;c__Clostridia;o__Oscillospirales;f__Ruminococcaceae;g__Gemmiger;s__Gemmiger formicilis	97.39	0.894	GCF_900167555.1	95.0	d__Bacteria;p__Bacillota_A;c__Clostridia;o__Oscillospirales;f__Ruminococcaceae;g__Gemmiger;s__Gemmiger formicilis	97.39	0.894	d__Bacteria;p__Bacillota_A;c__Clostridia;o__Oscillospirales;f__Ruminococcaceae;g__Gemmiger;s__	taxonomic classification defined by topology and ANI	topological placement and ANI have congruent species assignments	GCA_934502625.1, s__Gemmiger sp934502625, 95.0, 86.86, 0.313; GCF_018784445.1, s__Gemmiger sp900540775, 95.0, 86.81, 0.484; GCA_025757985.1, s__Gemmiger sp900540595, 95.0, 86.7, 0.452; GCF_024462815.1, s__Gemmiger sp900554145, 95.0, 84.66, 0.343; GCA_025758045.1, s__Gemmiger sp900539695, 95.0, 82.01, 0.163; GCA_004554775.1, s__Gemmiger variabilis_B, 95.0, 81.76, 0.157	14.82	11.0		
bin.1_sub	p__Bacteroidetes (UID2605)	350	314	208	29.41	0.03	0.0	1088025	0	83	83	15437	15437	13108	13108	64652	64652	59.2	3.95	83.43	11	1299	208	105	1	0	0	0	28.08	0.35	Neural Network (Specific Model)	11	0.834	15437	234.53348729792148	1088025	0.59	1299	83	64652		0	0	0.0	0.42771336	0.99995035	d__Bacteria;p__Bacteroidota;c__Bacteroidia;o__Bacteroidales;f__Rikenellaceae;g__Alistipes;s__Alistipes shahii	GCF_025145845.1	95.0	d__Bacteria;p__Bacteroidota;c__Bacteroidia;o__Bacteroidales;f__Rikenellaceae;g__Alistipes;s__Alistipes shahii	98.83	0.95	GCF_025145845.1	95.0	d__Bacteria;p__Bacteroidota;c__Bacteroidia;o__Bacteroidales;f__Rikenellaceae;g__Alistipes;s__Alistipes shahii	98.83	0.95	d__Bacteria;p__Bacteroidota;c__Bacteroidia;o__Bacteroidales;f__Rikenellaceae;g__Alistipes;s__	taxonomic classification defined by topology and ANI	topological placement and ANI have congruent species assignments	GCF_900541585.1, s__Alistipes sp900541585, 95.0, 93.41, 0.67; GCF_020026455.1, s__Alistipes sp020026455, 95.0, 89.5, 0.488; GCF_018362775.1, s__Alistipes montrealensis, 95.0, 87.59, 0.498; GCA_023443765.1, s__Alistipes sp023443765, 95.0, 87.59, 0.457; GCF_025145645.1, s__Alistipes senegalensis, 95.0, 87.16, 0.388; GCF_900107675.1, s__Alistipes timonensis, 95.0, 87.03, 0.362; GCF_900083545.1, s__Alistipes provencensis, 95.0, 86.78, 0.362; GCA_001941065.1, s__Alistipes sp001941065, 95.0, 86.67, 0.329; GCA_949840605.1, s__Alistipes sp949840605, 95.0, 85.81, 0.307; GCF_000265365.1, s__Alistipes finegoldii, 95.0, 84.82, 0.27; GCF_025145285.1, s__Alistipes onderdonkii, 95.0, 83.5, 0.22; GCF_006542685.1, s__Alistipes dispar, 95.0, 83.33, 0.18; GCF_949296715.1, s__Alistipes sp949296715, 95.0, 82.98, 0.186; GCA_019119845.1, s__Alistipes merdavium, 95.0, 82.93, 0.203; GCF_021204515.1, s__Alistipes sp021204515, 95.0, 82.82, 0.189; GCA_019115075.1, s__Alistipes avistercoris, 95.0, 82.34, 0.154; GCF_902388705.1, s__Alistipes sp902388705, 95.0, 81.75, 0.155; GCF_900604385.1, s__Alistipes megaguti, 95.0, 81.67, 0.154	23.42	11.0		
bin.20_sub	o__Selenomonadales (UID1024)	64	334	167	47.34	0.9	0.0	1232656	0	80	80	19610	19610	15408	15408	56189	56189	43.4	3.4	84.01	11	1728	179	152	3	0	0	0	45.24	0.44	Gradient Boost (General Model)	11	0.84	19610	201.35243055555557	1232656	0.43	1728	80	56189		0	0	0.0	0.47204354	0.99999756	d__Bacteria;p__Bacillota_C;c__Negativicutes;o__Acidaminococcales;f__Acidaminococcaceae;g__Phascolarctobacterium;s__Phascolarctobacterium faecium	GCF_003269275.1	95.0	d__Bacteria;p__Bacillota_C;c__Negativicutes;o__Acidaminococcales;f__Acidaminococcaceae;g__Phascolarctobacterium;s__Phascolarctobacterium faecium	97.72	0.864	GCF_003269275.1	95.0	d__Bacteria;p__Bacillota_C;c__Negativicutes;o__Acidaminococcales;f__Acidaminococcaceae;g__Phascolarctobacterium;s__Phascolarctobacterium faecium	97.72	0.864	d__Bacteria;p__Bacillota_C;c__Negativicutes;o__Acidaminococcales;f__Acidaminococcaceae;g__Phascolarctobacterium;s__	taxonomic classification defined by topology and ANI	topological placement and ANI have congruent species assignments	GCA_900551745.1, s__Phascolarctobacterium sp900551745, 95.0, 93.81, 0.511; GCF_900545535.1, s__Phascolarctobacterium sp900545535, 95.0, 85.57, 0.502; GCF_900544795.1, s__Phascolarctobacterium sp900544795, 95.0, 81.76, 0.264	37.97	11.0		
bin.21	p__Actinobacteria (UID2112)	31	211	124	56.08	1.15	0.0	1718326	0	86	86	29485	29485	19980	19980	103645	103645	60.2	2.49	82.3	11	1947	91	117	3	0	0	0	58.87	0.77	Neural Network (Specific Model)	11	0.823	29485	243.52285567539803	1718326	0.6	1947	86	103645		0	0	0.0	0.5541322	0.9999988	d__Bacteria;p__Actinomycetota;c__Coriobacteriia;o__Coriobacteriales;f__Coriobacteriaceae;g__Collinsella;s__						GCA_902494245.1	95.0	d__Bacteria;p__Actinomycetota;c__Coriobacteriia;o__Coriobacteriales;f__Coriobacteriaceae;g__Collinsella;s__Collinsella sp902494245	94.02	0.72	d__Bacteria;p__Actinomycetota;c__Coriobacteriia;o__Coriobacteriales;f__Coriobacteriaceae;g__Collinsella;s__	taxonomic classification defined by topology and ANI	classification based on placement in class-level tree	GCA_937982065.1, s__Collinsella sp937982065, 95.0, 94.55, 0.793; GCF_019131995.1, s__Collinsella aerofaciens_S, 95.0, 94.28, 0.79; GCA_900544645.1, s__Collinsella sp900544645, 95.0, 94.28, 0.732; GCA_958403395.1, s__Collinsella sp958403395, 95.0, 94.14, 0.769; GCA_902462065.1, s__Collinsella sp902462065, 95.0, 94.02, 0.729; GCA_959599095.1, s__Collinsella sp959599095, 95.0, 94.01, 0.783; GCF_005845035.1, s__Collinsella aerofaciens_I, 95.0, 94.01, 0.761; GCA_902494565.1, s__Collinsella sp902494565, 95.0, 94.01, 0.76; GCA_938005465.1, s__Collinsella sp938005465, 95.0, 94.01, 0.76; GCA_902494195.1, s__Collinsella sp902494195, 95.0, 93.92, 0.757; GCA_958445065.1, s__Collinsella sp958445065, 95.0, 93.87, 0.781; GCA_959021215.1, s__Collinsella sp959021215, 95.0, 93.84, 0.758; GCA_902489225.1, s__Collinsella sp902489225, 95.0, 93.83, 0.678; GCA_905204365.1, s__Collinsella sp905204365, 95.0, 93.72, 0.712; GCA_902496375.1, s__Collinsella sp902496375, 95.0, 93.6, 0.658; GCA_902494685.1, s__Collinsella sp902494685, 95.0, 93.59, 0.65; GCA_014871605.1, s__Collinsella sp014871605, 95.0, 93.5, 0.687; GCA_905199455.1, s__Collinsella aerofaciens_AW, 95.0, 93.5, 0.676; GCA_959020715.1, s__Collinsella sp959020715, 95.0, 93.47, 0.774; GCA_900542315.1, s__Collinsella sp900542315, 95.0, 93.47, 0.742; GCF_002736145.1, s__Collinsella aerofaciens_A, 95.0, 93.33, 0.755; GCF_003462685.1, s__Collinsella sp003462685, 95.0, 93.33, 0.746; GCA_019419455.1, s__Collinsella sp019419455, 95.0, 93.33, 0.731; GCA_019419525.1, s__Collinsella sp019419525, 95.0, 93.33, 0.72; GCA_900541645.1, s__Collinsella sp900541645, 95.0, 93.33, 0.705; GCF_003459245.1, s__Collinsella sp003459245, 95.0, 93.22, 0.736; GCF_028209395.1, s__Collinsella aerofaciens_AZ, 95.0, 93.21, 0.735; GCF_902364945.1, s__Collinsella aerofaciens_O, 95.0, 93.14, 0.735; GCA_900549715.1, s__Collinsella sp900549715, 95.0, 93.13, 0.616; GCA_900547505.1, s__Collinsella sp900547505, 95.0, 93.12, 0.644; GCF_015554145.1, s__Collinsella aerofaciens_AA, 95.0, 93.11, 0.757; GCA_902364975.1, s__Collinsella sp902364975, 95.0, 93.11, 0.732; GCA_019419605.1, s__Collinsella sp019419605, 95.0, 93.11, 0.728; GCA_900768435.1, s__Collinsella sp900768435, 95.0, 93.11, 0.722; GCA_019414025.1, s__Collinsella sp019414025, 95.0, 93.11, 0.716; GCA_947001705.1, s__Collinsella sp947001705, 95.0, 93.11, 0.702; GCA_958413765.1, s__Collinsella sp958413765, 95.0, 93.11, 0.697; GCA_905215445.1, s__Collinsella sp905215445, 95.0, 93.11, 0.688; GCA_019414205.1, s__Collinsella sp019414205, 95.0, 93.1, 0.74; GCA_905214525.1, s__Collinsella sp905214525, 95.0, 93.1, 0.737; GCF_902364885.1, s__Collinsella aerofaciens_AT, 95.0, 93.1, 0.729; GCA_902475525.1, s__Collinsella sp902475525, 95.04, 93.1, 0.725; GCA_900548515.1, s__Collinsella sp900548515, 95.0, 93.05, 0.724; GCA_959606495.1, s__Collinsella sp959606495, 95.0, 92.99, 0.746; GCA_905214945.1, s__Collinsella sp905214945, 95.0, 92.99, 0.733; GCA_027663555.1, s__Collinsella sp027663555, 95.0, 92.99, 0.728; GCA_959599915.1, s__Collinsella sp959599915, 95.0, 92.99, 0.711; GCA_019414425.1, s__Collinsella sp019414425, 95.0, 92.99, 0.7; GCF_028209625.1, s__Collinsella aerofaciens_AM, 95.0, 92.98, 0.726; GCA_027673765.1, s__Collinsella sp027673765, 95.0, 92.97, 0.72; GCA_958354105.1, s__Collinsella sp958354105, 95.0, 92.97, 0.694; GCA_905215365.1, s__Collinsella sp905215365, 95.0, 92.94, 0.733; GCA_900544115.1, s__Collinsella sp900544115, 95.0, 92.91, 0.723; GCA_900762325.1, s__Collinsella sp900762325, 95.0, 92.91, 0.71; GCA_900549245.1, s__Collinsella sp900549245, 95.0, 92.9, 0.643; GCA_019424985.1, s__Collinsella sp019424985, 95.0, 92.89, 0.737; GCF_015561195.1, s__Collinsella aerofaciens_AC, 95.0, 92.89, 0.729; GCA_959606035.1, s__Collinsella sp959606035, 95.06, 92.89, 0.727; GCA_905214465.1, s__Collinsella sp905214465, 95.0, 92.86, 0.709; GCA_900540855.1, s__Collinsella sp900540855, 95.0, 92.85, 0.727; GCA_900550185.1, s__Collinsella sp900550185, 95.0, 92.8, 0.689; GCA_900756945.1, s__Collinsella sp900756945, 95.0, 92.76, 0.653; GCF_003470665.1, s__Collinsella sp003470665, 95.0, 92.75, 0.72; GCF_003437035.1, s__Collinsella sp003437035, 95.0, 92.75, 0.707; GCA_900757615.1, s__Collinsella sp900757615, 95.0, 92.75, 0.706; GCA_958351385.1, s__Collinsella sp958351385, 95.0, 92.75, 0.703; GCA_902405995.1, s__Collinsella sp902405995, 95.02, 92.75, 0.693; GCF_003465485.1, s__Collinsella sp003465485, 95.05, 92.69, 0.703; GCA_905202925.1, s__Collinsella sp905202925, 95.06, 92.65, 0.714; GCA_027687465.1, s__Collinsella sp027687465, 95.0, 92.63, 0.712; GCA_938023705.1, s__Collinsella sp938023705, 95.0, 92.63, 0.707; GCA_905215065.1, s__Collinsella sp905215065, 95.0, 92.63, 0.681; GCA_959600835.1, s__Collinsella sp959600835, 95.0, 92.63, 0.675; GCA_958372075.1, s__Collinsella sp958372075, 95.0, 92.6, 0.709; GCF_002232035.1, s__Collinsella sp002232035, 95.0, 92.59, 0.723; GCA_900542275.1, s__Collinsella sp900542275, 95.0, 92.49, 0.693; GCA_958412345.1, s__Collinsella sp958412345, 95.0, 92.39, 0.734; GCF_015557435.1, s__Collinsella aerofaciens_Z, 95.0, 92.39, 0.734; GCA_021639365.1, s__Collinsella aerofaciens_AH, 95.0, 92.39, 0.711; GCF_003475325.1, s__Collinsella sp003475325, 95.0, 92.39, 0.702; GCA_902469435.1, s__Collinsella sp902469435, 95.0, 92.39, 0.654; GCA_900551195.1, s__Collinsella sp900551195, 95.0, 92.39, 0.563; GCA_905194675.1, s__Collinsella sp905194675, 95.0, 92.22, 0.672; GCA_947642445.1, s__Collinsella sp947642445, 95.0, 92.22, 0.668; GCA_900546775.1, s__Collinsella sp900546775, 95.05, 91.93, 0.609; GCA_902461405.1, s__Collinsella sp902461405, 95.0, 91.86, 0.662; GCA_900544065.1, s__Collinsella sp900544065, 95.0, 91.83, 0.688; GCA_958445895.1, s__Collinsella sp958445895, 95.0, 91.82, 0.648; GCA_019419405.1, s__Collinsella sp019419405, 95.0, 91.8, 0.66; GCA_902388545.1, s__Collinsella sp902388545, 95.0, 91.73, 0.63; GCA_021641225.1, s__Collinsella aerofaciens_AJ, 95.0, 91.63, 0.594; GCA_905202145.1, s__Collinsella sp905202145, 95.0, 91.58, 0.688; GCA_959599615.1, s__Collinsella sp959599615, 95.0, 91.51, 0.635; GCA_900757385.1, s__Collinsella sp900757385, 95.0, 91.5, 0.597; GCA_905214905.1, s__Collinsella sp905214905, 95.0, 91.49, 0.657; GCA_902494945.1, s__Collinsella sp902494945, 95.0, 91.37, 0.661; GCA_900547235.1, s__Collinsella sp900547235, 95.0, 91.35, 0.594; GCA_900546085.1, s__Collinsella sp900546085, 95.0, 91.3, 0.621; GCA_900544755.1, s__Collinsella sp900544755, 95.0, 90.83, 0.647	44.09	11.0	0.998	Genome not assigned to closest species as it falls outside its pre-defined ANI radius
bin.23_sub	f__Lachnospiraceae (UID1256)	33	333	171	67.23	0.0	0.0	2064561	0	87	87	33501	33501	23730	23730	142124	142124	41.7	1.34	84.49	11	2780	118	215	0	0	0	0	61.94	0.74	Neural Network (Specific Model)	11	0.845	33501	210.83309352517983	2064561	0.42	2780	87	142124		0	0	0.0	0.8031564	0.9999312	d__Bacteria;p__Bacillota_A;c__Clostridia;o__Lachnospirales;f__Lachnospiraceae;g__Dorea_A;s__Dorea_A longicatena	GCF_025150085.1	95.0	d__Bacteria;p__Bacillota_A;c__Clostridia;o__Lachnospirales;f__Lachnospiraceae;g__Dorea_A;s__Dorea_A longicatena	97.99	0.873	GCF_025150085.1	95.0	d__Bacteria;p__Bacillota_A;c__Clostridia;o__Lachnospirales;f__Lachnospiraceae;g__Dorea_A;s__Dorea_A longicatena	97.99	0.873	d__Bacteria;p__Bacillota_A;c__Clostridia;o__Lachnospirales;f__Lachnospiraceae;g__Dorea_A;s__	taxonomic classification defined by topology and ANI	topological placement and ANI have congruent species assignments	GCF_025567265.1, s__Dorea_A amylophila, 95.0, 90.89, 0.605; GCA_900550865.1, s__Dorea_A sp900550865, 95.0, 89.44, 0.526; GCA_934309195.1, s__Dorea_A sp934309195, 95.0, 88.8, 0.517; GCA_019421265.1, s__Dorea_A sp019421265, 95.0, 86.75, 0.239; GCF_934294775.1, s__Dorea_A sp934294775, 95.0, 85.55, 0.321; GCA_934295165.1, s__Dorea_A sp934295165, 95.0, 85.51, 0.336	49.1	11.0		
bin.24	o__Clostridiales (UID1226)	155	278	158	94.3	3.8	66.67	3817751	0	107	107	69099	69099	35679	35679	223746	223746	41.6	1.49	84.46	11	3658	12	260	6	0	0	0	89.47	6.61	Neural Network (Specific Model)	11	0.845	69099	294.6503553854565	3817751	0.42	3658	107	223746		1	16897	0.004425904151423181	1.767561	0.9998405	d__Bacteria;p__Bacillota_A;c__Clostridia;o__Lachnospirales;f__Lachnospiraceae;g__Blautia_A;s__Blautia_A wexlerae	GCF_025148125.1	95.0	d__Bacteria;p__Bacillota_A;c__Clostridia;o__Lachnospirales;f__Lachnospiraceae;g__Blautia_A;s__Blautia_A wexlerae	98.15	0.775	GCF_025148125.1	95.0	d__Bacteria;p__Bacillota_A;c__Clostridia;o__Lachnospirales;f__Lachnospiraceae;g__Blautia_A;s__Blautia_A wexlerae	98.15	0.775	d__Bacteria;p__Bacillota_A;c__Clostridia;o__Lachnospirales;f__Lachnospiraceae;g__Blautia_A;s__	taxonomic classification defined by topology and ANI	topological placement and ANI have congruent species assignments	GCF_013300825.1, s__Blautia_A wexlerae_B, 95.0, 94.32, 0.647; GCA_958454115.1, s__Blautia_A wexlerae_C, 95.0, 93.95, 0.419; GCA_019419095.1, s__Blautia_A sp019419095, 95.0, 90.83, 0.337; GCF_018919065.1, s__Blautia_A sp018919065, 95.0, 88.76, 0.329; GCA_003471165.1, s__Blautia_A sp003471165, 95.0, 88.72, 0.383; GCF_014297245.1, s__Blautia_A difficilis, 95.0, 88.25, 0.289; GCF_009707925.1, s__Blautia_A luti, 95.0, 86.96, 0.266; GCA_934437695.1, s__Blautia_A sp934437695, 95.0, 86.62, 0.438; GCA_003477525.1, s__Blautia_A sp003477525, 95.0, 86.11, 0.273; GCA_905209435.1, s__Blautia_A sp905209435, 95.0, 85.02, 0.236; GCA_934426285.1, s__Blautia_A sp934426285, 95.0, 84.72, 0.189	87.27	11.0		
bin.25_sub	root (UID1)	5656	56	24	0.0	0.0	0.0	1732766	0	210	210	11515	11515	8251	8251	36621	36621	36.9	2.66	80.6	11	2540	56	0	0	0	0	0	24.93	4.33	Neural Network (Specific Model)	11	0.806	11515	184.7051181102362	1732766	0.37	2540	210	36621		2	22827	0.01317373494170592	0.6607465	0.9971554	Unclassified Bacteria																		Insufficient number of amino acids in MSA (3.8%)
bin.28	o__Bacteroidales (UID2657)	160	492	269	89.78	5.95	20.0	3393849	0	20	20	258589	258589	169692	169692	614840	614840	42.2	1.35	88.7	11	2887	44	428	20	0	0	0	84.4	3.65	Neural Network (Specific Model)	11	0.887	258589	348.1479043990301	3393849	0.42	2887	20	614840		0	0	0.0	1.8374959	0.99988127	d__Bacteria;p__Bacteroidota;c__Bacteroidia;o__Bacteroidales;f__Bacteroidaceae;g__Phocaeicola;s__Phocaeicola massiliensis	GCF_000382445.1	95.0	d__Bacteria;p__Bacteroidota;c__Bacteroidia;o__Bacteroidales;f__Bacteroidaceae;g__Phocaeicola;s__Phocaeicola massiliensis	99.01	0.858	GCF_000382445.1	95.0	d__Bacteria;p__Bacteroidota;c__Bacteroidia;o__Bacteroidales;f__Bacteroidaceae;g__Phocaeicola;s__Phocaeicola massiliensis	99.01	0.858	d__Bacteria;p__Bacteroidota;c__Bacteroidia;o__Bacteroidales;f__Bacteroidaceae;g__Phocaeicola;s__	taxonomic classification defined by topology and ANI	topological placement and ANI have congruent species assignments	GCA_900760795.1, s__Phocaeicola sp900760795, 95.0, 93.85, 0.502; GCF_021730445.1, s__Phocaeicola faecalis, 95.0, 89.83, 0.684; GCA_948956705.1, s__Phocaeicola sp948956705, 95.0, 88.28, 0.289	88.2	11.0		
bin.29	k__Bacteria (UID2372)	131	177	106	50.0	3.87	30.77	1073543	0	104	104	13312	13312	10322	10322	55529	55529	33.7	1.53	87.4	11	1360	69	95	13	0	0	0	51.45	2.67	Gradient Boost (General Model)	11	0.874	13312	231.27867647058824	1073543	0.34	1360	104	55529		0	0	0.0	0.64003545	1.0	d__Bacteria;p__Bacillota_I;c__Bacilli_A;o__Erysipelotrichales;f__Erysipelotrichaceae;g__Holdemanella;s__Holdemanella biformis	GCF_000156655.1	95.0	d__Bacteria;p__Bacillota_I;c__Bacilli_A;o__Erysipelotrichales;f__Erysipelotrichaceae;g__Holdemanella;s__Holdemanella biformis	96.1	0.729	GCF_000156655.1	95.0	d__Bacteria;p__Bacillota_I;c__Bacilli_A;o__Erysipelotrichales;f__Erysipelotrichaceae;g__Holdemanella;s__Holdemanella biformis	96.1	0.729	d__Bacteria;p__Bacillota_I;c__Bacilli_A;o__Erysipelotrichales;f__Erysipelotrichaceae;g__Holdemanella;s__	taxonomic classification defined by topology and ANI	topological placement and ANI have congruent species assignments	GCA_938036765.1, s__Holdemanella sp900547815, 95.0, 91.85, 0.683; GCF_934754935.1, s__Holdemanella sp934754935, 95.0, 91.67, 0.685; GCF_024460475.1, s__Holdemanella sp900556915, 95.0, 90.73, 0.648; GCF_014306155.1, s__Holdemanella hominis, 95.0, 90.62, 0.613; GCF_009696075.1, s__Holdemanella porci, 95.95, 90.59, 0.595; GCA_003436425.1, s__Holdemanella sp003436425, 95.0, 90.46, 0.624; GCF_934772795.1, s__Holdemanella sp934772795, 95.0, 90.16, 0.625; GCF_003458715.1, s__Holdemanella sp003458715, 95.0, 89.45, 0.601; GCF_900754615.1, s__Holdemanella sp900754615, 95.0, 88.49, 0.505	44.75	11.0		
bin.31	f__Lachnospiraceae (UID1286)	57	420	207	47.79	5.14	21.05	2331505	0	183	183	17488	17488	12740	12740	53735	53735	43.0	1.81	83.53	11	3294	223	178	19	0	0	0	49.79	7.55	Neural Network (Specific Model)	11	0.835	17488	198.9605343047966	2331505	0.43	3294	183	53735		0	0	0.0	0.5661726	0.999997	d__Bacteria;p__Bacillota_A;c__Clostridia;o__Lachnospirales;f__Lachnospiraceae;g__Roseburia;s__Roseburia intestinalis	GCF_900537995.1	95.61	d__Bacteria;p__Bacillota_A;c__Clostridia;o__Lachnospirales;f__Lachnospiraceae;g__Roseburia;s__Roseburia intestinalis	97.87	0.754	GCF_900537995.1	95.61	d__Bacteria;p__Bacillota_A;c__Clostridia;o__Lachnospirales;f__Lachnospiraceae;g__Roseburia;s__Roseburia intestinalis	97.87	0.754	d__Bacteria;p__Bacillota_A;c__Clostridia;o__Lachnospirales;f__Lachnospiraceae;g__Roseburia;s__	taxonomic classification defined by topology and ANI	topological placement and ANI have congruent species assignments	GCA_019411365.1, s__Roseburia sp019411365, 95.0, 95.31, 0.417; GCA_934317215.1, s__Roseburia sp934317215, 95.0, 93.62, 0.575; GCA_003483745.1, s__Roseburia sp003483745, 95.0, 90.45, 0.483; GCF_014287515.2, s__Roseburia rectibacter, 95.0, 90.36, 0.558; GCF_000174195.1, s__Roseburia inulinivorans, 95.0, 87.9, 0.168	35.67	11.0		Genome has more than 12.5% of markers with multiple hits
bin.35	k__Bacteria (UID203)	5449	104	58	51.33	0.0	0.0	2169264	0	66	66	57568	57568	32867	32867	151330	151330	47.2	2.18	88.77	11	2107	65	39	0	0	0	0	54.52	0.08	Neural Network (Specific Model)	11	0.888	57568	305.53061224489795	2169264	0.47	2107	66	151330		0	0	0.0	0.91966325	0.9991195	d__Bacteria;p__Bacteroidota;c__Bacteroidia;o__Bacteroidales;f__Bacteroidaceae;g__Bacteroides;s__Bacteroides stercoris	GCF_025147325.1	95.0	d__Bacteria;p__Bacteroidota;c__Bacteroidia;o__Bacteroidales;f__Bacteroidaceae;g__Bacteroides;s__Bacteroides stercoris	97.65	0.805	GCF_025147325.1	95.0	d__Bacteria;p__Bacteroidota;c__Bacteroidia;o__Bacteroidales;f__Bacteroidaceae;g__Bacteroides;s__Bacteroides stercoris	97.65	0.805	d__Bacteria;p__Bacteroidota;c__Bacteroidia;o__Bacteroidales;f__Bacteroidaceae;g__Bacteroides;s__	taxonomic classification defined by topology and ANI	topological placement and ANI have congruent species assignments	GCA_958432865.1, s__Bacteroides stercoris_A, 95.0, 97.77, 0.399; GCF_900129655.1, s__Bacteroides clarus, 95.0, 86.78, 0.515; GCF_018390535.1, s__Bacteroides propionicigenes, 95.0, 84.38, 0.378; GCF_025146565.1, s__Bacteroides eggerthii, 95.0, 83.4, 0.329; GCF_000374365.1, s__Bacteroides gallinarum, 95.0, 82.34, 0.288; GCF_910578895.1, s__Bacteroides sp910578895, 95.0, 82.3, 0.232	43.65	11.0		
bin.36_sub	root (UID1)	5656	56	24	0.0	0.0	0.0	462336	0	31	31	26282	26282	14914	14914	40618	40618	42.3	1.58	85.56	11	571	56	0	0	0	0	0	8.77	0.0	Neural Network (Specific Model)	11	0.856	26282	232.17513134851137	462336	0.42	571	31	40618		1	6053	0.013092209994462901	0.8548116	0.99336195	Unclassified Bacteria																		Insufficient number of amino acids in MSA (4.9%)
bin.37_sub	root (UID1)	5656	56	24	0.0	0.0	0.0	591878	0	56	56	13978	13978	10569	10569	50660	50660	37.6	2.05	84.05	11	718	56	0	0	0	0	0	10.95	0.33	Neural Network (Specific Model)	11	0.84	13978	232.14066852367688	591878	0.38	718	56	50660		4	42121	0.0711650035987146	0.8919064	0.9947658	Unclassified																		No bacterial or archaeal marker
bin.38_sub	k__Bacteria (UID203)	5449	103	57	8.13	0.0	0.0	324337	0	30	30	15054	15054	10811	10811	44902	44902	47.4	2.06	81.89	11	502	92	11	0	0	0	0	8.31	0.0	Neural Network (Specific Model)	11	0.819	15054	178.08764940239044	324337	0.47	502	30	44902		0	0	0.0	0.42463958	1.0	Unclassified Bacteria																		Insufficient number of amino acids in MSA (2.0%)
bin.39	f__Bifidobacteriaceae (UID1462)	65	476	217	88.44	1.15	0.0	2298944	0	55	55	72994	72994	41798	41798	171390	171390	60.1	1.59	83.86	11	2494	49	424	3	0	0	0	82.89	1.28	Neural Network (Specific Model)	11	0.839	72994	259.26583801122695	2298944	0.6	2494	55	171390		0	0	0.0	0.8543491	0.99999523	d__Bacteria;p__Actinomycetota;c__Actinomycetes;o__Actinomycetales;f__Bifidobacteriaceae;g__Bifidobacterium;s__Bifidobacterium longum	GCF_000196555.1	95.0	d__Bacteria;p__Actinomycetota;c__Actinomycetes;o__Actinomycetales;f__Bifidobacteriaceae;g__Bifidobacterium;s__Bifidobacterium longum	98.4	0.8	GCF_000196555.1	95.0	d__Bacteria;p__Actinomycetota;c__Actinomycetes;o__Actinomycetales;f__Bifidobacteriaceae;g__Bifidobacterium;s__Bifidobacterium longum	98.4	0.8	d__Bacteria;p__Actinomycetota;c__Actinomycetes;o__Actinomycetales;f__Bifidobacteriaceae;g__Bifidobacterium;s__	taxonomic classification defined by topology and ANI	topological placement and ANI have congruent species assignments	GCF_000269965.1, s__Bifidobacterium infantis, 95.0, 94.78, 0.648; GCA_905202265.1, s__Bifidobacterium longum_D, 95.0, 94.31, 0.582; GCA_022739095.1, s__Bifidobacterium sp022739095, 95.0, 93.84, 0.571; GCF_959020155.1, s__Bifidobacterium sp959020155, 95.0, 91.71, 0.49; GCF_001025175.1, s__Bifidobacterium breve, 95.0, 86.46, 0.331; GCF_019331675.1, s__Bifidobacterium miconisargentati, 95.0, 83.52, 0.227; GCF_003129905.1, s__Bifidobacterium callitrichidarum, 95.0, 83.23, 0.21; GCF_002259745.1, s__Bifidobacterium myosotis, 95.0, 82.42, 0.16; GCF_000741695.1, s__Bifidobacterium reuteri, 95.0, 82.23, 0.16; GCF_009193305.1, s__Bifidobacterium cebidarum, 95.0, 81.87, 0.171; GCF_018555455.1, s__Bifidobacterium colobi, 95.0, 81.85, 0.157; GCF_002802915.1, s__Bifidobacterium felsineum, 95.0, 81.75, 0.157	75.87	11.0		
bin.40_sub	k__Bacteria (UID203)	5449	103	57	15.79	1.59	30.0	521426	0	54	54	11343	11343	9656	9656	26875	26875	44.0	1.2	80.61	11	815	82	11	10	0	0	0	11.61	0.46	Neural Network (Specific Model)	11	0.806	11343	174.03067484662577	521426	0.44	815	54	26875		0	0	0.0	0.5020802	0.99225396	Unclassified Bacteria																		Insufficient number of amino acids in MSA (6.4%)
bin.42	g__Bacteroides (UID2691)	33	839	309	93.29	1.56	69.23	6350054	0	120	120	91097	91097	52917	52917	466270	466270	41.4	1.87	89.27	11	5719	48	778	13	0	0	0	91.54	3.67	Neural Network (Specific Model)	11	0.893	91097	331.3570554292709	6350054	0.41	5719	120	466270		0	0	0.0	1.1676828	0.99990976	d__Bacteria;p__Bacteroidota;c__Bacteroidia;o__Bacteroidales;f__Bacteroidaceae;g__Bacteroides;s__Bacteroides ovatus	GCF_001314995.1	95.19	d__Bacteria;p__Bacteroidota;c__Bacteroidia;o__Bacteroidales;f__Bacteroidaceae;g__Bacteroides;s__Bacteroides ovatus	96.56	0.702	GCF_001314995.1	95.19	d__Bacteria;p__Bacteroidota;c__Bacteroidia;o__Bacteroidales;f__Bacteroidaceae;g__Bacteroides;s__Bacteroides ovatus	96.56	0.702	d__Bacteria;p__Bacteroidota;c__Bacteroidia;o__Bacteroidales;f__Bacteroidaceae;g__Bacteroides;s__	taxonomic classification defined by topology and ANI	topological placement and ANI have congruent species assignments	GCF_958387885.1, s__Bacteroides sp019412865, 95.0, 94.84, 0.688; GCA_019117555.1, s__Bacteroides intestinigallinarum, 95.0, 93.22, 0.634; GCA_900755095.1, s__Bacteroides sp900755095, 95.0, 93.14, 0.503; GCA_902362375.1, s__Bacteroides sp902362375, 95.0, 91.99, 0.586; GCA_948436425.1, s__Bacteroides sp948436425, 95.0, 91.35, 0.587; GCF_000210075.1, s__Bacteroides xylanisolvens, 95.0, 91.16, 0.588; GCF_009193295.2, s__Bacteroides luhongzhouii, 95.0, 90.3, 0.583; GCA_948742525.1, s__Bacteroides caecimuris_A, 95.0, 89.71, 0.467; GCF_001688725.2, s__Bacteroides caecimuris, 95.0, 87.75, 0.434; GCA_959606905.1, s__Bacteroides sp959606905, 95.0, 85.94, 0.221; GCF_024623065.1, s__Bacteroides acidifaciens, 95.0, 84.86, 0.294; GCA_030295565.1, s__Bacteroides finegoldii, 95.57, 84.61, 0.306; GCF_009193325.2, s__Bacteroides zhangwenhongii, 95.0, 84.11, 0.292; GCF_012113595.1, s__Bacteroides faecium, 95.0, 83.8, 0.285; GCA_900556625.1, s__Bacteroides sp900556625, 95.0, 83.64, 0.275; GCA_947038155.1, s__Bacteroides sp947038155, 95.0, 83.54, 0.271; GCF_900130125.1, s__Bacteroides congonensis, 95.0, 83.43, 0.289; GCF_903181435.1, s__Bacteroides sp900765785, 95.0, 83.26, 0.301; GCF_014750685.1, s__Bacteroides sp014750685, 95.0, 83.22, 0.296; GCF_902491285.1, s__Bacteroides sp902491285, 95.0, 82.68, 0.26; GCF_900761785.1, s__Bacteroides sp900761785, 95.0, 82.46, 0.255; GCF_002222615.2, s__Bacteroides caccae, 95.0, 81.9, 0.255; GCA_948847595.1, s__Bacteroides sp948847595, 95.0, 81.69, 0.222; GCF_000011065.1, s__Bacteroides thetaiotaomicron, 95.0, 81.62, 0.162; GCA_019412825.1, s__Bacteroides thetaiotaomicron_A, 95.0, 81.25, 0.158; GCF_900547205.1, s__Bacteroides sp900547205, 95.0, 81.11, 0.165; GCF_900106755.1, s__Bacteroides faecis, 95.0, 81.02, 0.165	86.95	11.0		
bin.44	o__Clostridiales (UID1226)	155	278	158	74.78	0.32	0.0	2617164	0	102	102	39304	39304	25658	25658	112437	112437	48.0	2.39	83.87	11	3436	60	217	1	0	0	0	72.75	4.0	Gradient Boost (General Model)	11	0.839	39304	214.7930733410943	2617164	0.48	3436	102	112437		0	0	0.0	0.7695797	0.99988234	d__Bacteria;p__Bacillota_A;c__Clostridia;o__Lachnospirales;f__Lachnospiraceae;g__Fusicatenibacter;s__Fusicatenibacter saccharivorans	GCF_027667425.1	95.0	d__Bacteria;p__Bacillota_A;c__Clostridia;o__Lachnospirales;f__Lachnospiraceae;g__Fusicatenibacter;s__Fusicatenibacter saccharivorans	97.38	0.836	GCF_027667425.1	95.0	d__Bacteria;p__Bacillota_A;c__Clostridia;o__Lachnospirales;f__Lachnospiraceae;g__Fusicatenibacter;s__Fusicatenibacter saccharivorans	97.38	0.836	d__Bacteria;p__Bacillota_A;c__Clostridia;o__Lachnospirales;f__Lachnospiraceae;g__Fusicatenibacter;s__	taxonomic classification defined by topology and ANI	topological placement and ANI have congruent species assignments	GCA_900772675.1, s__Fusicatenibacter sp900772675, 95.0, 90.56, 0.478	58.75	11.0		
bin.46_sub	k__Bacteria (UID203)	5449	104	58	33.23	0.0	0.0	1054157	0	74	74	18052	18052	14245	14245	70523	70523	55.2	3.0	81.76	11	1363	80	24	0	0	0	0	29.61	1.3	Neural Network (Specific Model)	11	0.818	18052	212.73000733675715	1054157	0.55	1363	74	70523		0	0	0.0	0.447882	1.0	d__Bacteria;p__Pseudomonadota;c__Gammaproteobacteria;o__Burkholderiales;f__Burkholderiaceae;g__Sutterella;s__Sutterella wadsworthensis	GCF_003315195.1	95.0	d__Bacteria;p__Pseudomonadota;c__Gammaproteobacteria;o__Burkholderiales;f__Burkholderiaceae;g__Sutterella;s__Sutterella wadsworthensis	98.23	0.93	GCF_003315195.1	95.0	d__Bacteria;p__Pseudomonadota;c__Gammaproteobacteria;o__Burkholderiales;f__Burkholderiaceae;g__Sutterella;s__Sutterella wadsworthensis	98.23	0.93	d__Bacteria;p__Pseudomonadota;c__Gammaproteobacteria;o__Burkholderiales;f__Burkholderiaceae;g__Sutterella;s__	taxonomic classification defined by topology and ANI	topological placement and ANI have congruent species assignments		22.16	11.0		
bin.47	o__Clostridiales (UID1212)	172	261	148	39.41	0.68	0.0	1177294	0	74	74	20479	20479	15909	15909	72032	72032	42.5	1.91	82.63	11	1614	141	119	1	0	0	0	34.39	0.92	Neural Network (Specific Model)	11	0.826	20479	202.92317224287484	1177294	0.42	1614	74	72032		0	0	0.0	0.46436933	0.99938846	d__Bacteria;p__Bacillota_A;c__Clostridia;o__Lachnospirales;f__Lachnospiraceae;g__Butyribacter;s__Butyribacter sp003529475	GCF_003478335.1	95.0	d__Bacteria;p__Bacillota_A;c__Clostridia;o__Lachnospirales;f__Lachnospiraceae;g__Butyribacter;s__Butyribacter sp003529475	98.17	0.923	GCF_003478335.1	95.0	d__Bacteria;p__Bacillota_A;c__Clostridia;o__Lachnospirales;f__Lachnospiraceae;g__Butyribacter;s__Butyribacter sp003529475	98.17	0.923	d__Bacteria;p__Bacillota_A;c__Clostridia;o__Lachnospirales;f__Lachnospiraceae;g__Butyribacter;s__	taxonomic classification defined by topology and ANI	topological placement and ANI have congruent species assignments		39.66	11.0		
bin.48_sub	root (UID1)	5656	56	24	0.0	0.0	0.0	1399119	0	70	70	23717	23717	19987	19987	95154	95154	39.1	2.18	81.87	11	1646	56	0	0	0	0	0	24.96	5.36	Neural Network (Specific Model)	11	0.819	23717	233.08140947752128	1399119	0.39	1646	70	95154		0	0	0.0	1.8266279	0.9994618	Unclassified Bacteria																		Insufficient number of amino acids in MSA (0.8%)
bin.52	k__Bacteria (UID203)	5449	103	57	7.02	0.0	0.0	414557	0	22	22	30667	30667	18843	18843	44986	44986	42.2	1.5	83.9	11	525	99	4	0	0	0	0	10.39	0.2	Neural Network (Specific Model)	11	0.839	30667	222.02285714285716	414557	0.42	525	22	44986		0	0	0.0	0.9965061	0.9991123	Unclassified Bacteria																		Insufficient number of amino acids in MSA (3.3%)
bin.53_sub	f__Lachnospiraceae (UID1256)	33	333	171	65.74	2.22	33.33	2124121	0	39	39	146677	146677	54464	54464	319628	319628	40.6	1.58	85.14	11	2427	106	215	12	0	0	0	61.02	3.53	Neural Network (Specific Model)	11	0.851	146677	249.86402966625465	2124121	0.41	2427	39	319628		0	0	0.0	1.3032498	0.99999577	d__Bacteria;p__Bacillota_A;c__Clostridia;o__Lachnospirales;f__Lachnospiraceae;g__Mediterraneibacter;s__Mediterraneibacter faecis	GCA_001312505.1	95.0	d__Bacteria;p__Bacillota_A;c__Clostridia;o__Lachnospirales;f__Lachnospiraceae;g__Mediterraneibacter;s__Mediterraneibacter faecis	96.85	0.672	GCA_001312505.1	95.0	d__Bacteria;p__Bacillota_A;c__Clostridia;o__Lachnospirales;f__Lachnospiraceae;g__Mediterraneibacter;s__Mediterraneibacter faecis	96.85	0.672	d__Bacteria;p__Bacillota_A;c__Clostridia;o__Lachnospirales;f__Lachnospiraceae;g__Mediterraneibacter;s__	taxonomic classification defined by topology and ANI	topological placement and ANI have congruent species assignments	GCF_934309345.1, s__Mediterraneibacter sp934309345, 95.0, 93.66, 0.598	55.61	11.0		
bin.55_sub	f__Bifidobacteriaceae (UID1462)	65	476	217	36.34	0.31	100.0	993231	0	78	78	17757	17757	12733	12733	45301	45301	62.5	2.03	80.83	11	1355	284	190	2	0	0	0	33.72	0.32	Neural Network (Specific Model)	11	0.808	17757	199.3749077490775	993231	0.63	1355	78	45301		0	0	0.0	0.44251105	0.9999668	d__Bacteria;p__Actinomycetota;c__Actinomycetes;o__Actinomycetales;f__Bifidobacteriaceae;g__Bifidobacterium;s__Bifidobacterium bifidum	GCF_001025135.1	95.0	d__Bacteria;p__Actinomycetota;c__Actinomycetes;o__Actinomycetales;f__Bifidobacteriaceae;g__Bifidobacterium;s__Bifidobacterium bifidum	98.6	0.77	GCF_001025135.1	95.0	d__Bacteria;p__Actinomycetota;c__Actinomycetes;o__Actinomycetales;f__Bifidobacteriaceae;g__Bifidobacterium;s__Bifidobacterium bifidum	98.6	0.77	d__Bacteria;p__Actinomycetota;c__Actinomycetes;o__Actinomycetales;f__Bifidobacteriaceae;g__Bifidobacterium;s__	taxonomic classification defined by topology and ANI	topological placement and ANI have congruent species assignments	GCF_009193355.1, s__Bifidobacterium leontopitheci, 95.0, 83.4, 0.166	32.19	11.0		
bin.56_sub	root (UID1)	5656	56	24	0.0	0.0	0.0	148928	0	20	20	9672	9672	7446	7446	20433	20433	50.9	2.55	78.8	11	194	56	0	0	0	0	0	7.16	0.0	Neural Network (Specific Model)	11	0.788	9672	202.81443298969072	148928	0.51	194	20	20433		0	0	0.0	0.51289684	1.0	Unclassified Bacteria																		Insufficient number of amino acids in MSA (1.6%)
bin.57	f__Lachnospiraceae (UID1286)	57	420	207	85.96	0.97	66.67	2580680	0	75	75	83581	83581	34409	34409	153553	153553	41.7	2.22	86.57	11	2702	50	367	3	0	0	0	81.88	2.98	Neural Network (Specific Model)	11	0.866	83581	276.4700222057735	2580680	0.42	2702	75	153553		0	0	0.0	0.84107536	0.9994323	d__Bacteria;p__Bacillota_A;c__Clostridia;o__Lachnospirales;f__Lachnospiraceae;g__Agathobacter;s__Agathobacter rectalis	GCF_000020605.1	95.0	d__Bacteria;p__Bacillota_A;c__Clostridia;o__Lachnospirales;f__Lachnospiraceae;g__Agathobacter;s__Agathobacter rectalis	97.99	0.826	GCF_000020605.1	95.0	d__Bacteria;p__Bacillota_A;c__Clostridia;o__Lachnospirales;f__Lachnospiraceae;g__Agathobacter;s__Agathobacter rectalis	97.99	0.826	d__Bacteria;p__Bacillota_A;c__Clostridia;o__Lachnospirales;f__Lachnospiraceae;g__Agathobacter;s__	taxonomic classification defined by topology and ANI	topological placement and ANI have congruent species assignments	GCA_902786155.1, s__Agathobacter sp900317585, 95.0, 94.67, 0.627; GCA_937935345.1, s__Agathobacter sp900546625, 95.0, 94.44, 0.736; GCA_934365945.1, s__Agathobacter sp934365945, 95.0, 93.15, 0.572	78.61	11.0		
bin.58	o__Clostridiales (UID1212)	172	263	149	96.38	3.02	50.0	2679524	0	68	68	92311	92311	39404	39404	187800	187800	37.3	1.44	87.23	11	2943	19	238	6	0	0	0	88.12	7.33	Neural Network (Specific Model)	11	0.872	92311	265.7516139993204	2679524	0.37	2943	68	187800		0	0	0.0	0.92207485	0.99996865	d__Bacteria;p__Bacillota_A;c__Clostridia;o__Lachnospirales;f__Lachnospiraceae;g__Anaerostipes;s__Anaerostipes hadrus	GCF_030296915.1	95.0	d__Bacteria;p__Bacillota_A;c__Clostridia;o__Lachnospirales;f__Lachnospiraceae;g__Anaerostipes;s__Anaerostipes hadrus	98.61	0.828	GCF_030296915.1	95.0	d__Bacteria;p__Bacillota_A;c__Clostridia;o__Lachnospirales;f__Lachnospiraceae;g__Anaerostipes;s__Anaerostipes hadrus	98.61	0.828	d__Bacteria;p__Bacillota_A;c__Clostridia;o__Lachnospirales;f__Lachnospiraceae;g__Anaerostipes;s__	taxonomic classification defined by topology and ANI	topological placement and ANI have congruent species assignments	GCA_019423795.1, s__Anaerostipes sp019423795, 95.0, 94.39, 0.756; GCA_905215045.1, s__Anaerostipes sp905215045, 95.0, 93.15, 0.687; GCA_902362875.1, s__Anaerostipes sp900066705, 95.0, 89.34, 0.528; GCF_025567365.1, s__Anaerostipes amylophilus, 95.0, 89.16, 0.571	80.52	11.0		
bin.5_sub	k__Bacteria (UID203)	5449	104	58	35.34	1.72	0.0	2515804	0	224	224	13498	13498	11231	11231	47207	47207	42.9	2.42	84.22	11	3724	79	24	1	0	0	0	34.63	3.35	Neural Network (Specific Model)	11	0.842	13498	191.83646616541355	2515804	0.43	3724	224	47207		0	0	0.0	0.47388285	0.9999845	d__Bacteria;p__Bacteroidota;c__Bacteroidia;o__Bacteroidales;f__Bacteroidaceae;g__Bacteroides;s__											d__Bacteria;p__Bacteroidota;c__Bacteroidia;o__Bacteroidales;f__Bacteroidaceae;g__Bacteroides;s__	taxonomic classification defined by topology and ANI	classification based on placement in class-level tree	GCF_000011065.1, s__Bacteroides thetaiotaomicron, 95.0, 94.02, 0.515; GCA_947646015.1, s__Bacteroides sp947646015, 95.0, 93.88, 0.284; GCA_019415065.1, s__Bacteroides sp019415065, 95.0, 93.47, 0.193; GCA_019412825.1, s__Bacteroides thetaiotaomicron_A, 95.0, 91.58, 0.486; GCF_000381365.1, s__Bacteroides salyersiae, 95.0, 90.66, 0.159; GCA_030295565.1, s__Bacteroides finegoldii, 95.57, 89.75, 0.261; GCA_900755095.1, s__Bacteroides sp900755095, 95.0, 89.31, 0.191; GCA_948847595.1, s__Bacteroides sp948847595, 95.0, 88.61, 0.217; GCF_009193325.2, s__Bacteroides zhangwenhongii, 95.0, 88.53, 0.223; GCA_947038155.1, s__Bacteroides sp947038155, 95.0, 88.31, 0.221; GCF_900106755.1, s__Bacteroides faecis, 95.0, 87.49, 0.354; GCA_900556625.1, s__Bacteroides sp900556625, 95.0, 87.05, 0.16; GCF_900761785.1, s__Bacteroides sp900761785, 95.0, 85.19, 0.191; GCF_001314995.1, s__Bacteroides ovatus, 95.19, 84.25, 0.157; GCF_958387885.1, s__Bacteroides sp019412865, 95.0, 83.72, 0.163; GCF_000210075.1, s__Bacteroides xylanisolvens, 95.0, 83.68, 0.153; GCA_019117555.1, s__Bacteroides intestinigallinarum, 95.0, 83.47, 0.162; GCF_009193295.2, s__Bacteroides luhongzhouii, 95.0, 83.24, 0.164; GCA_902362375.1, s__Bacteroides sp902362375, 95.0, 83.2, 0.167; GCF_014750685.1, s__Bacteroides sp014750685, 95.0, 81.91, 0.162	19.96	11.0	0.96242	Genome not assigned to closest species as it falls outside its pre-defined ANI radius
bin.60_sub	o__Clostridiales (UID1212)	172	261	147	76.85	1.09	50.0	1713770	0	83	83	33200	33200	20647	20647	83965	83965	58.9	1.98	84.39	11	1852	95	162	4	0	0	0	65.09	0.89	Neural Network (Specific Model)	11	0.844	33200	261.2688984881209	1713770	0.59	1852	83	83965		0	0	0.0	0.9039738	0.99999475	d__Bacteria;p__Bacillota_A;c__Clostridia;o__Oscillospirales;f__Ruminococcaceae;g__Faecalibacterium;s__Faecalibacterium duncaniae	GCF_010509575.1	95.0	d__Bacteria;p__Bacillota_A;c__Clostridia;o__Oscillospirales;f__Ruminococcaceae;g__Faecalibacterium;s__Faecalibacterium duncaniae	97.34	0.891	GCF_010509575.1	95.0	d__Bacteria;p__Bacillota_A;c__Clostridia;o__Oscillospirales;f__Ruminococcaceae;g__Faecalibacterium;s__Faecalibacterium duncaniae	97.34	0.891	d__Bacteria;p__Bacillota_A;c__Clostridia;o__Oscillospirales;f__Ruminococcaceae;g__Faecalibacterium;s__	taxonomic classification defined by topology and ANI	topological placement and ANI have congruent species assignments	GCA_937915335.1, s__Faecalibacterium sp937915335, 95.0, 88.14, 0.48; GCF_019967995.1, s__Faecalibacterium prausnitzii_E, 95.0, 85.89, 0.449; GCA_934526125.1, s__Faecalibacterium sp934526125, 95.0, 85.86, 0.441; GCF_003287455.1, s__Faecalibacterium hattorii, 95.0, 85.8, 0.444; GCA_934547065.1, s__Faecalibacterium sp934547065, 95.0, 85.17, 0.36; GCA_014858325.1, s__Faecalibacterium sp014858325, 95.0, 84.55, 0.219; GCA_902463905.1, s__Faecalibacterium sp902463905, 95.0, 84.45, 0.22; GCA_934525845.1, s__Faecalibacterium sp934525845, 95.0, 84.44, 0.304; GCF_003287405.1, s__Faecalibacterium prausnitzii_J, 95.0, 84.4, 0.259; GCA_025757845.1, s__Faecalibacterium sp900539945, 95.0, 84.39, 0.309; GCA_900765705.1, s__Faecalibacterium sp900765705, 95.0, 84.39, 0.212; GCF_023347295.1, s__Faecalibacterium sp003449675, 95.0, 84.37, 0.28; GCF_003287495.1, s__Faecalibacterium prausnitzii_I, 95.0, 84.35, 0.318; GCF_002549775.1, s__Faecalibacterium prausnitzii_F, 95.0, 84.2, 0.303; GCF_023347535.1, s__Faecalibacterium sp900539885, 95.0, 84.02, 0.286; GCF_003324185.1, s__Faecalibacterium prausnitzii, 95.0, 83.95, 0.272; GCF_023347255.1, s__Faecalibacterium prausnitzii_D, 95.0, 83.93, 0.279; GCA_900551435.1, s__Faecalibacterium sp900551435, 95.0, 83.77, 0.303; GCF_023347235.1, s__Faecalibacterium prausnitzii_A, 95.0, 83.7, 0.255; GCF_020687245.1, s__Faecalibacterium longum, 95.0, 83.68, 0.287; GCA_934561555.1, s__Faecalibacterium sp934561555, 95.0, 83.61, 0.26; GCA_934514285.1, s__Faecalibacterium sp934514285, 95.0, 83.56, 0.281; GCA_934513205.1, s__Faecalibacterium sp934513205, 95.0, 83.47, 0.232; GCA_902463235.1, s__Faecalibacterium sp902463235, 95.0, 83.42, 0.176; GCF_023347275.1, s__Faecalibacterium sp900758465, 95.0, 83.41, 0.275; GCA_934503275.1, s__Faecalibacterium sp934503275, 95.0, 83.36, 0.256; GCA_002313795.1, s__Faecalibacterium prausnitzii_L, 95.0, 83.36, 0.16; GCA_934533135.1, s__Faecalibacterium sp934533135, 95.0, 83.35, 0.236; GCA_934524985.1, s__Faecalibacterium sp934524985, 95.0, 83.23, 0.262; GCA_934540955.1, s__Faecalibacterium sp934540955, 95.0, 83.22, 0.236; GCA_934539245.1, s__Faecalibacterium sp934539245, 95.0, 83.19, 0.239; GCA_934511465.1, s__Faecalibacterium sp934511465, 95.0, 82.97, 0.225; GCA_900765105.1, s__Faecalibacterium sp900765105, 95.0, 82.94, 0.207; GCA_934501115.1, s__Faecalibacterium sp934501115, 95.0, 82.92, 0.203; GCA_934561115.1, s__Faecalibacterium sp934561115, 95.0, 82.9, 0.21; GCA_934512105.1, s__Faecalibacterium sp934512105, 95.0, 82.8, 0.212; GCA_934525405.1, s__Faecalibacterium sp934525405, 95.0, 82.7, 0.187; GCA_905215595.1, s__Faecalibacterium sp905215595, 95.0, 82.57, 0.179; GCA_004558805.1, s__Faecalibacterium prausnitzii_M, 95.0, 82.45, 0.221; GCA_900772565.1, s__Faecalibacterium sp900772565, 95.0, 82.37, 0.239; GCA_934561485.1, s__Faecalibacterium sp934561485, 95.0, 82.35, 0.235; GCA_934525325.1, s__Faecalibacterium sp934525325, 95.0, 82.35, 0.203; GCA_934532365.1, s__Faecalibacterium sp934532365, 95.0, 82.31, 0.219; GCA_934525735.1, s__Faecalibacterium sp934525735, 95.0, 82.24, 0.191; GCA_934553285.1, s__Faecalibacterium sp934553285, 95.0, 82.21, 0.22; GCA_934518555.1, s__Faecalibacterium sp934518555, 95.0, 82.05, 0.192; GCA_934548045.1, s__Faecalibacterium sp934548045, 95.0, 81.8, 0.19	55.71	11.0		
bin.64	p__Bacteroidetes (UID2605)	350	314	208	90.89	1.92	20.0	2436049	0	41	41	105573	105573	59415	59415	283341	283341	54.0	2.94	84.02	11	2445	25	284	5	0	0	0	88.4	1.2	Neural Network (Specific Model)	11	0.84	105573	279.9137014314928	2436049	0.54	2445	41	283341		0	0	0.0	1.0979909	0.9999943	d__Bacteria;p__Bacteroidota;c__Bacteroidia;o__Bacteroidales;f__Rikenellaceae;g__Alistipes;s__Alistipes putredinis	GCF_000154465.1	95.0	d__Bacteria;p__Bacteroidota;c__Bacteroidia;o__Bacteroidales;f__Rikenellaceae;g__Alistipes;s__Alistipes putredinis	97.87	0.765	GCF_000154465.1	95.0	d__Bacteria;p__Bacteroidota;c__Bacteroidia;o__Bacteroidales;f__Rikenellaceae;g__Alistipes;s__Alistipes putredinis	97.87	0.765	d__Bacteria;p__Bacteroidota;c__Bacteroidia;o__Bacteroidales;f__Rikenellaceae;g__Alistipes;s__	taxonomic classification defined by topology and ANI	topological placement and ANI have congruent species assignments		80.5	11.0		
bin.66_sub	k__Bacteria (UID203)	5449	104	58	20.69	0.0	0.0	1143484	0	25	25	66813	66813	45739	45739	172075	172075	47.5	2.62	88.23	11	1151	91	13	0	0	0	0	26.53	0.05	Neural Network (Specific Model)	11	0.882	66813	293.0417028670721	1143484	0.47	1151	25	172075		0	0	0.0	1.5582001	0.99987143	d__Bacteria;p__Bacteroidota;c__Bacteroidia;o__Bacteroidales;f__Bacteroidaceae;g__Bacteroides;s__Bacteroides stercoris	GCF_025147325.1	95.0	d__Bacteria;p__Bacteroidota;c__Bacteroidia;o__Bacteroidales;f__Bacteroidaceae;g__Bacteroides;s__Bacteroides stercoris	97.34	0.552	GCA_958432865.1	95.0	d__Bacteria;p__Bacteroidota;c__Bacteroidia;o__Bacteroidales;f__Bacteroidaceae;g__Bacteroides;s__Bacteroides stercoris_A	98.18	0.297	d__Bacteria;p__Bacteroidota;c__Bacteroidia;o__Bacteroidales;f__Bacteroidaceae;g__Bacteroides;s__	taxonomic classification defined by topology and ANI		GCF_900108345.1, s__Bacteroides ndongoniae, 95.0, 88.01, 0.19; GCF_900129655.1, s__Bacteroides clarus, 95.0, 87.07, 0.319; GCF_018390535.1, s__Bacteroides propionicigenes, 95.0, 86.97, 0.421; GCF_025146565.1, s__Bacteroides eggerthii, 95.0, 86.37, 0.308; GCF_000374365.1, s__Bacteroides gallinarum, 95.0, 84.13, 0.278; GCF_910578895.1, s__Bacteroides sp910578895, 95.0, 82.62, 0.176	14.8	11.0		
bin.6_sub	k__Bacteria (UID203)	5449	103	57	3.51	0.0	0.0	373907	0	37	37	12497	12497	10105	10105	37295	37295	40.1	1.52	82.01	11	487	100	3	0	0	0	0	8.52	0.05	Neural Network (Specific Model)	11	0.82	12497	211.5030800821355	373907	0.4	487	37	37295		0	0	0.0	0.63248473	0.9998984	Unclassified Bacteria																		Insufficient number of amino acids in MSA (2.0%)
bin.70_sub	k__Bacteria (UID203)	5449	103	57	2.63	0.0	0.0	55142	0	6	6	13799	13799	9190	9190	19815	19815	42.0	1.47	87.45	11	62	101	2	0	0	0	0	3.4	0.07	Neural Network (Specific Model)	11	0.874	13799	260.3225806451613	55142	0.42	62	6	19815		0	0	0.0	0.9001912	1.0	Unclassified Bacteria																		Insufficient number of amino acids in MSA (2.5%)
bin.75_sub	root (UID1)	5656	56	24	0.0	0.0	0.0	853619	0	74	74	17203	17203	11535	11535	53991	53991	54.6	2.34	83.42	11	1226	56	0	0	0	0	0	16.6	0.93	Neural Network (Specific Model)	11	0.834	17203	195.7659053833605	853619	0.55	1226	74	53991		2	11525	0.013501339590613611	0.85836565	0.9992303	Unclassified Bacteria																		Insufficient number of amino acids in MSA (1.4%)
bin.7_sub	g__Streptococcus (UID684)	26	668	229	30.28	0.6	16.67	685520	0	67	67	17058	17058	10231	10231	36840	36840	40.0	1.86	82.06	11	989	449	213	6	0	0	0	32.58	1.15	Neural Network (Specific Model)	11	0.82	17058	191.59453993933263	685520	0.4	989	67	36840		0	0	0.0	0.5742572	0.99999857	d__Bacteria;p__Bacillota;c__Bacilli;o__Lactobacillales;f__Streptococcaceae;g__Streptococcus;s__Streptococcus salivarius_D	GCF_002094975.1	95.06	d__Bacteria;p__Bacillota;c__Bacilli;o__Lactobacillales;f__Streptococcaceae;g__Streptococcus;s__Streptococcus salivarius_D	96.55	0.872	GCF_010120595.1	95.0	d__Bacteria;p__Bacillota;c__Bacilli;o__Lactobacillales;f__Streptococcaceae;g__Streptococcus;s__Streptococcus thermophilus	90.53	0.656	d__Bacteria;p__Bacillota;c__Bacilli;o__Lactobacillales;f__Streptococcaceae;g__Streptococcus;s__	taxonomic classification defined by topology and ANI		GCF_000785515.1, s__Streptococcus salivarius, 95.07, 96.26, 0.894; GCF_009738225.1, s__Streptococcus sp001556435, 95.0, 94.94, 0.883; GCF_902463925.1, s__Streptococcus sp902463925, 95.0, 93.11, 0.727; GCA_003521145.1, s__Streptococcus sp003521145, 95.0, 93.03, 0.668; GCF_000188295.1, s__Streptococcus vestibularis, 95.0, 91.72, 0.698; GCA_010604095.1, s__Streptococcus sp000187445, 95.0, 90.72, 0.721; GCF_934229725.1, s__Streptococcus sp934229725, 95.0, 89.88, 0.7	27.13	11.0		
bin.8_sub	k__Bacteria (UID203)	5449	104	58	10.34	0.0	0.0	191276	0	19	19	13703	13703	10067	10067	32199	32199	41.1	1.58	84.15	11	280	97	7	0	0	0	0	7.47	0.04	Neural Network (Specific Model)	11	0.841	13703	193.35	191276	0.41	280	19	32199		0	0	0.0	0.508321	0.99997383	Unclassified Bacteria																		Insufficient number of amino acids in MSA (5.7%)
bin.9_sub	k__Bacteria (UID203)	5449	103	57	8.77	0.0	0.0	533666	0	42	42	16319	16319	12706	12706	39264	39264	41.1	1.69	82.01	11	964	97	6	0	0	0	0	11.98	0.12	Neural Network (Specific Model)	11	0.82	16319	153.6109958506224	533666	0.41	964	42	39264		0	0	0.0	0.44354525	0.9999363	Unclassified Bacteria																		Insufficient number of amino acids in MSA (5.4%)
rosella_bin_108_sub	k__Bacteria (UID203)	5449	102	56	3.57	0.0	0.0	51842	0	3	3	15326	15326	17280	17280	22351	22351	58.0	2.12	86.96	11	58	100	2	0	0	0	0	3.24	0.0	Neural Network (Specific Model)	11	0.87	15326	260.9482758620689	51842	0.58	58	3	22351		0	0	0.0	0.9122226	1.0	Unclassified Bacteria																		Insufficient number of amino acids in MSA (3.6%)
rosella_bin_109_sub	k__Bacteria (UID203)	5449	102	56	17.86	0.0	0.0	555865	0	30	30	28665	28665	18528	18528	90839	90839	58.2	2.22	82.81	11	648	91	11	0	0	0	0	17.3	0.09	Neural Network (Specific Model)	11	0.828	28665	237.80555555555557	555865	0.58	648	30	90839		0	0	0.0	0.8926816	0.99997663	d__Bacteria;p__Bacillota_A;c__Clostridia;o__Oscillospirales;f__Ruminococcaceae;g__Faecalibacterium;s__Faecalibacterium prausnitzii_J	GCF_003287405.1	95.0	d__Bacteria;p__Bacillota_A;c__Clostridia;o__Oscillospirales;f__Ruminococcaceae;g__Faecalibacterium;s__Faecalibacterium prausnitzii_J	96.22	0.788						d__Bacteria;p__Bacillota_A;c__Clostridia;o__Oscillospirales;f__Ruminococcaceae;g__Faecalibacterium;s__	taxonomic classification defined by topology and ANI	topological placement and ANI have incongruent species assignments	GCF_003287405.1, s__Faecalibacterium prausnitzii_J, 95.0, 96.22, 0.788; GCA_934524985.1, s__Faecalibacterium sp934524985, 95.0, 94.39, 0.705; GCF_023347295.1, s__Faecalibacterium sp003449675, 95.0, 94.37, 0.74; GCA_900772565.1, s__Faecalibacterium sp900772565, 95.0, 94.37, 0.715; GCA_934561115.1, s__Faecalibacterium sp934561115, 95.0, 94.32, 0.646; GCA_934561555.1, s__Faecalibacterium sp934561555, 95.0, 94.25, 0.695; GCF_023347235.1, s__Faecalibacterium prausnitzii_A, 95.0, 94.13, 0.707; GCA_934532365.1, s__Faecalibacterium sp934532365, 95.0, 94.0, 0.65; GCF_003324185.1, s__Faecalibacterium prausnitzii, 95.0, 93.89, 0.746; GCA_934540955.1, s__Faecalibacterium sp934540955, 95.0, 93.86, 0.648; GCA_934539245.1, s__Faecalibacterium sp934539245, 95.0, 93.85, 0.705; GCA_934503275.1, s__Faecalibacterium sp934503275, 95.0, 93.83, 0.683; GCA_934512105.1, s__Faecalibacterium sp934512105, 95.0, 93.44, 0.653; GCA_934525405.1, s__Faecalibacterium sp934525405, 95.0, 93.24, 0.583; GCA_934525325.1, s__Faecalibacterium sp934525325, 95.0, 93.21, 0.602; GCA_905215595.1, s__Faecalibacterium sp905215595, 95.0, 92.63, 0.567; GCA_900765705.1, s__Faecalibacterium sp900765705, 95.0, 91.66, 0.549; GCA_934513205.1, s__Faecalibacterium sp934513205, 95.0, 89.16, 0.454; GCA_934553285.1, s__Faecalibacterium sp934553285, 95.0, 88.79, 0.491; GCA_900765105.1, s__Faecalibacterium sp900765105, 95.0, 87.69, 0.327; GCF_023347255.1, s__Faecalibacterium prausnitzii_D, 95.0, 87.42, 0.427; GCF_023347535.1, s__Faecalibacterium sp900539885, 95.0, 87.31, 0.411; GCA_025757845.1, s__Faecalibacterium sp900539945, 95.0, 86.69, 0.39; GCA_902463235.1, s__Faecalibacterium sp902463235, 95.0, 86.69, 0.284; GCF_002549775.1, s__Faecalibacterium prausnitzii_F, 95.0, 86.41, 0.373; GCA_934501115.1, s__Faecalibacterium sp934501115, 95.0, 86.11, 0.328; GCA_934525845.1, s__Faecalibacterium sp934525845, 95.0, 85.87, 0.354; GCA_902463905.1, s__Faecalibacterium sp902463905, 95.0, 85.85, 0.305; GCA_004558805.1, s__Faecalibacterium prausnitzii_M, 95.0, 85.42, 0.348; GCF_010509575.1, s__Faecalibacterium duncaniae, 95.0, 85.31, 0.264; GCA_934561485.1, s__Faecalibacterium sp934561485, 95.0, 85.27, 0.288; GCF_019967995.1, s__Faecalibacterium prausnitzii_E, 95.0, 84.72, 0.264; GCF_003287455.1, s__Faecalibacterium hattorii, 95.0, 84.64, 0.26; GCF_023347275.1, s__Faecalibacterium sp900758465, 95.0, 84.6, 0.264; GCA_934525735.1, s__Faecalibacterium sp934525735, 95.0, 84.59, 0.274; GCA_934511465.1, s__Faecalibacterium sp934511465, 95.0, 84.56, 0.249; GCA_900551435.1, s__Faecalibacterium sp900551435, 95.0, 84.27, 0.222; GCF_003287495.1, s__Faecalibacterium prausnitzii_I, 95.0, 84.1, 0.219; GCF_020687245.1, s__Faecalibacterium longum, 95.0, 83.93, 0.246; GCA_934518555.1, s__Faecalibacterium sp934518555, 95.0, 83.87, 0.287; GCA_934526125.1, s__Faecalibacterium sp934526125, 95.0, 83.6, 0.215; GCA_934547065.1, s__Faecalibacterium sp934547065, 95.0, 83.1, 0.169; GCA_934514285.1, s__Faecalibacterium sp934514285, 95.0, 83.06, 0.202; GCA_014858325.1, s__Faecalibacterium sp014858325, 95.0, 82.27, 0.152; GCA_934533135.1, s__Faecalibacterium sp934533135, 95.0, 81.58, 0.16	12.41	11.0		
rosella_bin_110_sub	root (UID1)	5656	56	24	0.0	0.0	0.0	41241	0	5	5	8422	8422	8248	8248	10140	10140	43.0	3.11	75.29	11	73	56	0	0	0	0	0	3.39	0.22	Neural Network (Specific Model)	11	0.753	8422	143.67123287671234	41241	0.43	73	5	10140		0	0	0.0	0.38494706	1.0	Unclassified Bacteria																		Insufficient number of amino acids in MSA (0.8%)
rosella_bin_12	o__Clostridiales (UID1212)	172	260	146	93.95	1.37	0.0	2956236	0	13	13	400727	400727	227402	227402	805829	805829	42.2	2.59	87.55	11	2879	13	245	2	0	0	0	90.91	6.23	Neural Network (Specific Model)	11	0.876	400727	300.43452587704064	2956236	0.42	2879	13	805829		0	0	0.0	1.313773	1.0	d__Bacteria;p__Bacillota_A;c__Clostridia;o__Oscillospirales;f__Ruminococcaceae;g__Hominimerdicola;s__Hominimerdicola aceti	GCF_025567495.1	95.0	d__Bacteria;p__Bacillota_A;c__Clostridia;o__Oscillospirales;f__Ruminococcaceae;g__Hominimerdicola;s__Hominimerdicola aceti	97.7	0.829	GCF_025567495.1	95.0	d__Bacteria;p__Bacillota_A;c__Clostridia;o__Oscillospirales;f__Ruminococcaceae;g__Hominimerdicola;s__Hominimerdicola aceti	97.7	0.829	d__Bacteria;p__Bacillota_A;c__Clostridia;o__Oscillospirales;f__Ruminococcaceae;g__Hominimerdicola;s__	taxonomic classification defined by topology and ANI	topological placement and ANI have congruent species assignments	GCA_934435205.1, s__Hominimerdicola sp934435205, 95.0, 95.0, 0.764; GCA_937898375.1, s__Hominimerdicola sp937898375, 95.0, 91.61, 0.67; GCF_900539095.1, s__Hominimerdicola sp900539095, 95.0, 90.23, 0.722; GCF_019423705.1, s__Hominimerdicola sp019423705, 95.0, 82.31, 0.205	90.65	11.0		
rosella_bin_125_sub	root (UID1)	5656	56	24	0.0	0.0	0.0	87035	0	13	13	7899	7899	6695	6695	12025	12025	42.1	5.53	80.01	11	119	56	0	0	0	0	0	3.12	0.04	Neural Network (Specific Model)	11	0.8	7899	196.1764705882353	87035	0.42	119	13	12025		0	0	0.0	0.53201103	0.99996555	Unclassified																		No bacterial or archaeal marker
rosella_bin_140_sub	k__Bacteria (UID203)	5449	104	58	1.72	0.0	0.0	15393	0	2	2	8863	8863	7696	7696	8863	8863	40.0	0.41	66.42	11	23	103	1	0	0	0	0	5.23	0.0	Gradient Boost (General Model)	11	0.664	8863	149.6086956521739	15393	0.4	23	2	8863		0	0	0.0	0.37423298	1.0	Unclassified Bacteria																		Insufficient number of amino acids in MSA (0.8%)
rosella_bin_150_sub	k__Bacteria (UID203)	5449	104	58	1.72	0.0	0.0	29062	0	4	4	8096	8096	7265	7265	8255	8255	44.0	2.8	71.16	11	43	103	1	0	0	0	0	2.92	0.0	Neural Network (Specific Model)	11	0.711	8096	161.74418604651163	29062	0.44	43	4	8255		0	0	0.0	0.44603655	1.0	Unclassified Bacteria																		Insufficient number of amino acids in MSA (0.3%)
rosella_bin_2	o__Bacteroidales (UID2657)	160	492	269	94.05	1.43	75.0	4200408	0	11	11	710731	710731	381855	381855	936598	936598	46.4	1.48	90.65	11	3410	18	466	8	0	0	0	93.06	2.31	Neural Network (Specific Model)	11	0.907	710731	372.6709677419355	4200408	0.46	3410	11	936598		0	0	0.0	1.8224664	1.0	d__Bacteria;p__Bacteroidota;c__Bacteroidia;o__Bacteroidales;f__Bacteroidaceae;g__Bacteroides;s__Bacteroides uniformis	GCF_025147485.1	95.0	d__Bacteria;p__Bacteroidota;c__Bacteroidia;o__Bacteroidales;f__Bacteroidaceae;g__Bacteroides;s__Bacteroides uniformis	98.41	0.787	GCF_025147485.1	95.0	d__Bacteria;p__Bacteroidota;c__Bacteroidia;o__Bacteroidales;f__Bacteroidaceae;g__Bacteroides;s__Bacteroides uniformis	98.41	0.787	d__Bacteria;p__Bacteroidota;c__Bacteroidia;o__Bacteroidales;f__Bacteroidaceae;g__Bacteroides;s__	taxonomic classification defined by topology and ANI	topological placement and ANI have congruent species assignments	GCF_000614125.1, s__Bacteroides rodentium, 95.0, 94.11, 0.631; GCF_004793475.1, s__Bacteroides muris, 95.0, 91.97, 0.536; GCA_905197435.1, s__Bacteroides sp905197435, 95.0, 88.3, 0.511; GCA_902388495.1, s__Bacteroides sp902388495, 95.0, 80.45, 0.166; GCA_905203765.1, s__Bacteroides sp905203765, 95.0, 80.3, 0.154	90.78	11.0		
rosella_bin_27_sub	root (UID1)	5656	56	24	0.0	0.0	0.0	15072	0	2	2	10015	10015	7536	7536	10015	10015	38.7	8.59	73.7	11	21	56	0	0	0	0	0	6.38	0.0	Gradient Boost (General Model)	11	0.737	10015	179.0	15072	0.39	21	2	10015		0	0	0.0	0.55736274	1.0	Unclassified																		No bacterial or archaeal marker
rosella_bin_28_sub	o__Clostridiales (UID1212)	172	263	149	5.83	0.67	0.0	215185	0	15	15	19416	19416	14345	14345	27107	27107	52.1	2.14	76.45	11	349	226	36	1	0	0	0	9.88	0.1	Neural Network (Specific Model)	11	0.764	19416	158.96561604584528	215185	0.52	349	15	27107		0	0	0.0	0.3909528	1.0	d__Bacteria;p__Bacillota_A;c__Clostridia;o__Oscillospirales;f__Acutalibacteraceae;g__Fimivicinus;s__											d__Bacteria;p__Bacillota_A;c__Clostridia;o__Oscillospirales;f__Acutalibacteraceae;g__Fimivicinus;s__	taxonomic novelty determined using RED	classification based on placement in class-level tree		10.29	11.0	0.91319	Genome domain questionable ( 13.3% Bacterial, 3.8% Archaeal)
rosella_bin_33_sub	k__Bacteria (UID203)	5449	98	58	12.07	0.0	0.0	429651	0	18	18	36534	36534	23869	23869	74825	74825	57.9	1.31	83.86	11	517	90	8	0	0	0	0	13.84	0.03	Neural Network (Specific Model)	11	0.839	36534	234.220502901354	429651	0.58	517	18	74825		0	0	0.0	0.7753441	0.9999837	Unclassified Bacteria																		Insufficient number of amino acids in MSA (7.1%)
rosella_bin_38_sub	k__Bacteria (UID203)	5449	104	58	3.45	0.0	0.0	306719	0	12	12	37255	37255	25559	25559	93644	93644	42.0	1.51	88.54	11	361	102	2	0	0	0	0	5.79	0.01	Neural Network (Specific Model)	11	0.885	37255	251.6537396121884	306719	0.42	361	12	93644		0	0	0.0	0.95497245	1.0	Unclassified Bacteria																		Insufficient number of amino acids in MSA (2.5%)
rosella_bin_63_sub	o__Clostridiales (UID1212)	172	261	147	21.87	0.68	0.0	478389	0	20	20	29123	29123	23919	23919	56087	56087	58.4	0.89	82.54	11	502	203	57	1	0	0	0	18.84	0.08	Neural Network (Specific Model)	11	0.825	29123	263.19123505976097	478389	0.58	502	20	56087		0	0	0.0	1.0889301	1.0	d__Bacteria;p__Bacillota_A;c__Clostridia;o__Oscillospirales;f__Ruminococcaceae;g__Faecalibacterium;s__Faecalibacterium prausnitzii_J	GCF_003287405.1	95.0	d__Bacteria;p__Bacillota_A;c__Clostridia;o__Oscillospirales;f__Ruminococcaceae;g__Faecalibacterium;s__Faecalibacterium prausnitzii_J	96.81	0.852	GCA_934524985.1	95.0	d__Bacteria;p__Bacillota_A;c__Clostridia;o__Oscillospirales;f__Ruminococcaceae;g__Faecalibacterium;s__Faecalibacterium sp934524985	94.02	0.669	d__Bacteria;p__Bacillota_A;c__Clostridia;o__Oscillospirales;f__Ruminococcaceae;g__Faecalibacterium;s__	taxonomic classification defined by topology and ANI		GCF_023347235.1, s__Faecalibacterium prausnitzii_A, 95.0, 94.51, 0.762; GCF_003324185.1, s__Faecalibacterium prausnitzii, 95.0, 94.28, 0.789; GCF_023347295.1, s__Faecalibacterium sp003449675, 95.0, 94.01, 0.765; GCA_934539245.1, s__Faecalibacterium sp934539245, 95.0, 93.89, 0.663; GCA_934503275.1, s__Faecalibacterium sp934503275, 95.0, 93.75, 0.654; GCA_900772565.1, s__Faecalibacterium sp900772565, 95.0, 93.57, 0.713; GCA_934561555.1, s__Faecalibacterium sp934561555, 95.0, 93.47, 0.714; GCA_934532365.1, s__Faecalibacterium sp934532365, 95.0, 93.09, 0.682; GCA_934525325.1, s__Faecalibacterium sp934525325, 95.0, 92.39, 0.465; GCA_905215595.1, s__Faecalibacterium sp905215595, 95.0, 92.19, 0.563; GCA_934512105.1, s__Faecalibacterium sp934512105, 95.0, 91.97, 0.596; GCA_934525405.1, s__Faecalibacterium sp934525405, 95.0, 91.89, 0.568; GCA_934561115.1, s__Faecalibacterium sp934561115, 95.0, 91.71, 0.571; GCA_900765705.1, s__Faecalibacterium sp900765705, 95.0, 91.7, 0.626; GCA_934540955.1, s__Faecalibacterium sp934540955, 95.0, 91.67, 0.591; GCA_934513205.1, s__Faecalibacterium sp934513205, 95.0, 90.11, 0.527; GCF_023347255.1, s__Faecalibacterium prausnitzii_D, 95.0, 88.93, 0.509; GCF_023347535.1, s__Faecalibacterium sp900539885, 95.0, 88.93, 0.501; GCA_934553285.1, s__Faecalibacterium sp934553285, 95.0, 88.64, 0.486; GCF_002549775.1, s__Faecalibacterium prausnitzii_F, 95.0, 88.17, 0.469; GCA_025757845.1, s__Faecalibacterium sp900539945, 95.0, 88.08, 0.458; GCA_900765105.1, s__Faecalibacterium sp900765105, 95.0, 88.06, 0.427; GCA_934511465.1, s__Faecalibacterium sp934511465, 95.0, 87.57, 0.411; GCA_934525845.1, s__Faecalibacterium sp934525845, 95.0, 87.02, 0.455; GCA_934561485.1, s__Faecalibacterium sp934561485, 95.0, 86.51, 0.386; GCA_004558805.1, s__Faecalibacterium prausnitzii_M, 95.0, 86.29, 0.399; GCA_902463235.1, s__Faecalibacterium sp902463235, 95.0, 86.18, 0.294; GCF_019967995.1, s__Faecalibacterium prausnitzii_E, 95.0, 86.16, 0.401; GCF_010509575.1, s__Faecalibacterium duncaniae, 95.0, 86.13, 0.355; GCA_934501115.1, s__Faecalibacterium sp934501115, 95.0, 85.92, 0.396; GCF_023347275.1, s__Faecalibacterium sp900758465, 95.0, 85.83, 0.367; GCF_020687245.1, s__Faecalibacterium longum, 95.0, 85.65, 0.351; GCA_934525735.1, s__Faecalibacterium sp934525735, 95.0, 85.54, 0.329; GCA_902463905.1, s__Faecalibacterium sp902463905, 95.0, 85.53, 0.324; GCA_934547065.1, s__Faecalibacterium sp934547065, 95.0, 85.42, 0.243; GCA_934514285.1, s__Faecalibacterium sp934514285, 95.0, 85.35, 0.334; GCF_003287455.1, s__Faecalibacterium hattorii, 95.0, 85.23, 0.329; GCF_003287495.1, s__Faecalibacterium prausnitzii_I, 95.0, 84.66, 0.302; GCA_934518555.1, s__Faecalibacterium sp934518555, 95.0, 84.39, 0.289; GCA_900551435.1, s__Faecalibacterium sp900551435, 95.0, 84.16, 0.231; GCA_934533135.1, s__Faecalibacterium sp934533135, 95.0, 84.02, 0.263; GCA_002313795.1, s__Faecalibacterium prausnitzii_L, 95.0, 82.69, 0.203; GCA_014858325.1, s__Faecalibacterium sp014858325, 95.0, 82.65, 0.211; GCA_934526125.1, s__Faecalibacterium sp934526125, 95.0, 82.24, 0.212; GCA_900540455.1, s__Faecalibacterium sp900540455, 95.0, 82.23, 0.212; GCA_937915335.1, s__Faecalibacterium sp937915335, 95.0, 82.02, 0.172; GCA_934548045.1, s__Faecalibacterium sp934548045, 95.0, 81.61, 0.193	21.29	11.0		
rosella_bin_71_sub	k__Bacteria (UID203)	5449	103	58	1.1	0.0	0.0	30469	0	4	4	8210	8210	7617	7617	9926	9926	39.9	1.13	90.2	11	40	96	7	0	0	0	0	3.37	0.0	Neural Network (Specific Model)	11	0.902	8210	229.875	30469	0.4	40	4	9926		0	0	0.0	0.60429704	0.9940267	Unclassified Bacteria																		Insufficient number of amino acids in MSA (4.2%)
rosella_bin_83_sub	f__Bifidobacteriaceae (UID1458)	77	464	220	15.09	1.74	0.0	905487	0	90	90	12198	12198	10060	10060	29097	29097	45.8	7.98	81.72	11	1419	384	74	5	1	0	0	16.77	3.96	Neural Network (Specific Model)	11	0.817	12198	176.12050739957718	905487	0.46	1419	90	29097		1	7350	0.00811717893244188	0.41478646	0.99999225	d__Bacteria;p__Actinomycetota;c__Actinomycetes;o__Actinomycetales;f__Bifidobacteriaceae;g__Bifidobacterium;s__											d__Bacteria;p__Actinomycetota;c__Actinomycetes;o__Actinomycetales;f__Bifidobacteriaceae;g__Bifidobacterium;s__	taxonomic classification fully defined by topology	classification based on placement in class-level tree		12.75	11.0	1.0	
rosella_bin_86_sub	o__Clostridiales (UID1212)	172	263	149	5.28	0.0	0.0	348127	0	36	36	12481	12481	9670	9670	20657	20657	46.7	6.89	81.23	11	514	234	29	0	0	0	0	9.97	0.1	Neural Network (Specific Model)	11	0.812	12481	185.38132295719845	348127	0.47	514	36	20657		0	0	0.0	0.46015987	0.9999713	d__Bacteria;p__Bacillota_A;c__Clostridia;o__Oscillospirales;f__Acutalibacteraceae;g__Hominenteromicrobium;s__											d__Bacteria;p__Bacillota_A;c__Clostridia;o__Oscillospirales;f__Acutalibacteraceae;g__Hominenteromicrobium;s__	taxonomic classification fully defined by topology	classification based on placement in class-level tree		10.05	11.0	0.99107	Genome domain questionable ( 11.7% Bacterial, 1.9% Archaeal)
rosella_bin_88_sub	k__Bacteria (UID203)	5449	102	56	1.79	0.0	0.0	145650	0	9	9	18515	18515	16183	16183	36693	36693	55.7	1.85	83.0	11	182	101	1	0	0	0	0	5.49	0.0	Neural Network (Specific Model)	11	0.83	18515	222.62637362637363	145650	0.56	182	9	36693		0	0	0.0	0.75584614	1.0	Unclassified Bacteria																		Insufficient number of amino acids in MSA (1.7%)
rosella_bin_9	o__Clostridiales (UID1212)	172	261	147	10.18	0.68	33.33	409783	0	10	10	63671	63671	40978	40978	74295	74295	58.5	1.29	82.1	11	444	208	50	3	0	0	0	14.05	0.35	Neural Network (Specific Model)	11	0.821	63671	253.8490990990991	409783	0.59	444	10	74295		0	0	0.0	1.2659047	1.0	d__Bacteria;p__Bacillota_A;c__Clostridia;o__Oscillospirales;f__Ruminococcaceae;g__Faecalibacterium;s__						GCA_934518555.1	95.0	d__Bacteria;p__Bacillota_A;c__Clostridia;o__Oscillospirales;f__Ruminococcaceae;g__Faecalibacterium;s__Faecalibacterium sp934518555	82.83	0.196	d__Bacteria;p__Bacillota_A;c__Clostridia;o__Oscillospirales;f__Ruminococcaceae;g__Faecalibacterium;s__	taxonomic classification defined by topology and ANI	classification based on placement in class-level tree	GCF_010509575.1, s__Faecalibacterium duncaniae, 95.0, 92.05, 0.608; GCF_023347295.1, s__Faecalibacterium sp003449675, 95.0, 90.03, 0.531; GCF_003324185.1, s__Faecalibacterium prausnitzii, 95.0, 89.96, 0.533; GCF_023347235.1, s__Faecalibacterium prausnitzii_A, 95.0, 89.89, 0.501; GCF_003287405.1, s__Faecalibacterium prausnitzii_J, 95.0, 89.79, 0.529; GCA_934524985.1, s__Faecalibacterium sp934524985, 95.0, 88.78, 0.41; GCA_900772565.1, s__Faecalibacterium sp900772565, 95.0, 88.34, 0.463; GCA_934503275.1, s__Faecalibacterium sp934503275, 95.0, 88.27, 0.44; GCA_934540955.1, s__Faecalibacterium sp934540955, 95.0, 88.12, 0.412; GCA_934512105.1, s__Faecalibacterium sp934512105, 95.0, 88.0, 0.381; GCF_023347255.1, s__Faecalibacterium prausnitzii_D, 95.0, 87.87, 0.406; GCA_025757845.1, s__Faecalibacterium sp900539945, 95.0, 87.82, 0.393; GCA_934561115.1, s__Faecalibacterium sp934561115, 95.0, 87.73, 0.383; GCA_934561555.1, s__Faecalibacterium sp934561555, 95.0, 87.6, 0.399; GCF_023347535.1, s__Faecalibacterium sp900539885, 95.0, 87.28, 0.369; GCF_019967995.1, s__Faecalibacterium prausnitzii_E, 95.0, 87.18, 0.403; GCA_937915335.1, s__Faecalibacterium sp937915335, 95.0, 87.17, 0.416; GCA_934532365.1, s__Faecalibacterium sp934532365, 95.0, 87.17, 0.394; GCF_023347275.1, s__Faecalibacterium sp900758465, 95.0, 87.11, 0.385; GCA_934513205.1, s__Faecalibacterium sp934513205, 95.0, 86.87, 0.377; GCA_905215595.1, s__Faecalibacterium sp905215595, 95.0, 86.87, 0.328; GCA_934539245.1, s__Faecalibacterium sp934539245, 95.0, 86.76, 0.399; GCA_900765705.1, s__Faecalibacterium sp900765705, 95.0, 86.62, 0.301; GCA_934525405.1, s__Faecalibacterium sp934525405, 95.0, 86.42, 0.324; GCA_934525325.1, s__Faecalibacterium sp934525325, 95.0, 86.21, 0.342; GCF_002549775.1, s__Faecalibacterium prausnitzii_F, 95.0, 86.19, 0.357; GCA_902463235.1, s__Faecalibacterium sp902463235, 95.0, 86.12, 0.151; GCF_003287495.1, s__Faecalibacterium prausnitzii_I, 95.0, 86.08, 0.338; GCF_003287455.1, s__Faecalibacterium hattorii, 95.0, 86.04, 0.376; GCF_020687245.1, s__Faecalibacterium longum, 95.0, 85.13, 0.312; GCA_934525845.1, s__Faecalibacterium sp934525845, 95.0, 85.01, 0.303; GCA_900765105.1, s__Faecalibacterium sp900765105, 95.0, 84.84, 0.251; GCA_014858325.1, s__Faecalibacterium sp014858325, 95.0, 84.53, 0.211; GCA_934526125.1, s__Faecalibacterium sp934526125, 95.0, 84.51, 0.297; GCA_934561485.1, s__Faecalibacterium sp934561485, 95.0, 84.46, 0.264; GCA_934553285.1, s__Faecalibacterium sp934553285, 95.0, 84.28, 0.308; GCA_004558805.1, s__Faecalibacterium prausnitzii_M, 95.0, 83.96, 0.242; GCA_934511465.1, s__Faecalibacterium sp934511465, 95.0, 83.94, 0.264; GCA_934514285.1, s__Faecalibacterium sp934514285, 95.0, 83.87, 0.24; GCA_902463905.1, s__Faecalibacterium sp902463905, 95.0, 83.73, 0.251; GCA_934533135.1, s__Faecalibacterium sp934533135, 95.0, 83.58, 0.235; GCA_934501115.1, s__Faecalibacterium sp934501115, 95.0, 83.46, 0.255; GCA_934547065.1, s__Faecalibacterium sp934547065, 95.0, 83.4, 0.266; GCA_002313795.1, s__Faecalibacterium prausnitzii_L, 95.0, 82.77, 0.169; GCA_934525735.1, s__Faecalibacterium sp934525735, 95.0, 82.7, 0.219; GCA_900551435.1, s__Faecalibacterium sp900551435, 95.0, 82.35, 0.22; GCF_022180365.1, s__Faecalibacterium gallinarum, 95.0, 81.15, 0.157; GCF_002160895.1, s__Faecalibacterium sp002160895, 95.0, 80.76, 0.159; GCA_934548045.1, s__Faecalibacterium sp934548045, 95.0, 80.49, 0.173	15.75	11.0	0.99555	Genome not assigned to closest species as it falls outside its pre-defined ANI radius
rosella_bin_92_sub	root (UID1)	5656	56	24	0.0	0.0	0.0	31903	0	4	4	10486	10486	7975	7975	12382	12382	59.3	3.58	82.21	11	45	56	0	0	0	0	0	3.12	0.0	Neural Network (Specific Model)	11	0.822	10486	195.33333333333331	31903	0.59	45	4	12382		0	0	0.0	0.53241044	1.0	Unclassified Bacteria																		Insufficient number of amino acids in MSA (0.8%)
rosella_bin_98_sub	k__Bacteria (UID203)	5449	102	56	5.36	0.0	0.0	188967	0	15	15	12457	12457	12597	12597	33096	33096	57.3	2.11	82.86	11	221	98	4	0	0	0	0	6.2	0.0	Neural Network (Specific Model)	11	0.829	12457	237.5475113122172	188967	0.57	221	15	33096		0	0	0.0	0.77143794	0.99997884	Unclassified Bacteria																		Insufficient number of amino acids in MSA (6.5%)
rosella_bin_small_unbinned_sub	root (UID1)	5656	56	24	0.0	0.0	0.0	56903	0	60	60	1109	1109	948	948	1453	1453	42.6	6.68	71.77	11	95	56	0	0	0	0	0	2.7	0.0	Neural Network (Specific Model)	11	0.717	1109	143.9157894736842	56903	0.43	95	60	1453		7	5524	0.09707748273377502	2.1192725	0.9508813	Unclassified																		No bacterial or archaeal marker
rosella_refined_0_11_sub	root (UID1)	5656	56	24	0.0	0.0	0.0	84718	0	4	4	18163	18163	21179	21179	42023	42023	58.5	1.51	81.71	11	105	56	0	0	0	0	0	3.84	0.0	Neural Network (Specific Model)	11	0.817	18163	221.57142857142856	84718	0.59	105	4	42023		0	0	0.0	0.55917996	1.0	Unclassified Bacteria																		Insufficient number of amino acids in MSA (3.2%)
rosella_refined_0_18_sub	root (UID1)	5656	56	24	0.0	0.0	0.0	69101	0	8	8	9894	9894	8637	8637	13505	13505	42.3	2.74	85.67	11	116	56	0	0	0	0	0	3.58	0.0	Neural Network (Specific Model)	11	0.857	9894	172.06896551724137	69101	0.42	116	8	13505		0	0	0.0	1.3710629	1.0	Unclassified																		No bacterial or archaeal marker
rosella_refined_0_27_sub	f__Lachnospiraceae (UID1286)	57	420	207	2.3	0.0	0.0	93610	0	8	8	14946	14946	11701	11701	21485	21485	43.1	4.24	75.36	11	150	391	29	0	0	0	0	3.56	0.0	Neural Network (Specific Model)	11	0.754	14946	158.26666666666668	93610	0.43	150	8	21485		0	0	0.0	0.4301917	1.0	Unclassified Bacteria																		Insufficient number of amino acids in MSA (5.2%)
rosella_refined_0_32	o__Bacteroidales (UID2657)	160	492	269	95.17	1.61	0.0	4036092	0	19	19	598211	598211	212425	212425	845666	845666	44.8	3.99	90.51	11	3409	17	464	11	0	0	0	98.16	2.47	Neural Network (Specific Model)	11	0.905	598211	357.735112936345	4036092	0.45	3409	19	845666		1	7250	0.0017962920567717484	2.4603453	1.0	d__Bacteria;p__Bacteroidota;c__Bacteroidia;o__Bacteroidales;f__Bacteroidaceae;g__Bacteroides;s__Bacteroides eggerthii	GCF_025146565.1	95.0	d__Bacteria;p__Bacteroidota;c__Bacteroidia;o__Bacteroidales;f__Bacteroidaceae;g__Bacteroides;s__Bacteroides eggerthii	99.09	0.764	GCF_025146565.1	95.0	d__Bacteria;p__Bacteroidota;c__Bacteroidia;o__Bacteroidales;f__Bacteroidaceae;g__Bacteroides;s__Bacteroides eggerthii	99.09	0.764	d__Bacteria;p__Bacteroidota;c__Bacteroidia;o__Bacteroidales;f__Bacteroidaceae;g__Bacteroides;s__	taxonomic classification defined by topology and ANI	topological placement and ANI have congruent species assignments	GCA_958432865.1, s__Bacteroides stercoris_A, 95.0, 84.26, 0.211; GCF_018390535.1, s__Bacteroides propionicigenes, 95.0, 84.17, 0.355; GCF_025147325.1, s__Bacteroides stercoris, 95.0, 84.13, 0.325; GCF_900129655.1, s__Bacteroides clarus, 95.0, 84.1, 0.347; GCF_910578895.1, s__Bacteroides sp910578895, 95.0, 81.59, 0.192; GCF_000374365.1, s__Bacteroides gallinarum, 95.0, 81.44, 0.202	95.73	11.0		
rosella_refined_0_40_sub	root (UID1)	5656	56	24	4.17	0.0	0.0	60989	0	1	1	60989	60989	60989	60989	60989	60989	59.9	0.0	74.34	11	59	55	1	0	0	0	0	3.83	0.0	Neural Network (Specific Model)	11	0.743	60989	256.8474576271187	60989	0.6	59	1	60989		0	0	0.0	0.7211906	0.9997541	Unclassified Bacteria																		Insufficient number of amino acids in MSA (0.8%)
rosella_refined_0_48_sub	o__Clostridiales (UID1212)	172	263	149	0.27	0.0	0.0	11909	0	2	2	6034	6034	5954	5954	6034	6034	59.1	2.21	82.79	11	20	250	13	0	0	0	0	7.64	0.0	Gradient Boost (General Model)	11	0.828	6034	165.1	11909	0.59	20	2	6034		0	0	0.0	1.1567501	1.0	Unclassified Bacteria																		Insufficient number of amino acids in MSA (2.8%)
rosella_refined_0_53_sub	f__Lachnospiraceae (UID1256)	33	333	171	8.2	0.58	0.0	489412	0	33	33	16661	16661	14830	14830	28873	28873	46.4	5.05	82.01	11	735	293	39	1	0	0	0	12.43	0.16	Neural Network (Specific Model)	11	0.82	16661	183.843537414966	489412	0.46	735	33	28873		0	0	0.0	0.5069303	0.9999857	d__Bacteria;p__Bacillota_A;c__Clostridia;o__Lachnospirales;f__Lachnospiraceae;g__Dorea_A;s__											d__Bacteria;p__Bacillota_A;c__Clostridia;o__Lachnospirales;f__Lachnospiraceae;g__Dorea_A;s__	taxonomic classification fully defined by topology	classification based on placement in class-level tree		11.92	11.0	0.99266	Genome domain questionable ( 13.3% Bacterial, 3.8% Archaeal)
rosella_refined_0_unbinned_sub	k__Bacteria (UID203)	5449	102	56	4.46	0.0	0.0	145271	0	17	17	8069	8069	8545	8545	21687	21687	53.0	8.62	82.26	11	202	98	4	0	0	0	0	7.4	0.0	Neural Network (Specific Model)	11	0.823	8069	199.04950495049505	145271	0.53	202	17	21687		0	0	0.0	0.5742135	1.0	Unclassified Bacteria																		Insufficient number of amino acids in MSA (2.0%)
