Bin Id	Marker lineage	# genomes	# markers	# marker sets	Completeness (CheckM1)	Contamination (CheckM1)	Strain heterogeneity	Genome size (bp)	# ambiguous bases	# scaffolds	# contigs	N50 (scaffolds)	N50 (contigs)	Mean scaffold length (bp)	Mean contig length (bp)	Longest scaffold (bp)	Longest contig (bp)	GC	GC std (scaffolds > 1kbp)	Coding density	Translation table	# predicted genes	0	1	2	3	4	5+	Completeness (CheckM2)	Contamination (CheckM2)	Completeness_Model_Used	Translation_Table_Used	Coding_Density	Contig_N50	Average_Gene_Length	Genome_Size	GC_Content	Total_Coding_Sequences	Total_Contigs	Max_Contig_Length	Additional_Notes	Circular contigs	Circular bp	Circular fraction	post_B018_final.fastq Relative Abundance (%)	post_B018_final.fastq Covered Fraction	classification	closest_genome_reference	closest_genome_reference_radius	closest_genome_taxonomy	closest_genome_ani	closest_genome_af	closest_placement_reference	closest_placement_radius	closest_placement_taxonomy	closest_placement_ani	closest_placement_af	pplacer_taxonomy	classification_method	note	other_related_references(genome_id,species_name,radius,ANI,AF)	msa_percent	translation_table	red_value	warnings
bin.0_sub	o__Bacteroidales (UID2657)	160	492	269	85.03	2.48	25.0	3361424	0	190	190	25916	25916	17691	17691	74116	74116	47.0	2.18	90.12	11	3169	118	362	12	0	0	0	82.24	2.59	Neural Network (Specific Model)	11	0.901	25916	319.5389712843168	3361424	0.47	3169	190	74116		0	0	0.0	1.4187721	0.9999836	d__Bacteria;p__Bacteroidota;c__Bacteroidia;o__Bacteroidales;f__Bacteroidaceae;g__Bacteroides;s__Bacteroides uniformis	GCF_025147485.1	95.0	d__Bacteria;p__Bacteroidota;c__Bacteroidia;o__Bacteroidales;f__Bacteroidaceae;g__Bacteroides;s__Bacteroides uniformis	98.24	0.861	GCF_025147485.1	95.0	d__Bacteria;p__Bacteroidota;c__Bacteroidia;o__Bacteroidales;f__Bacteroidaceae;g__Bacteroides;s__Bacteroides uniformis	98.24	0.861	d__Bacteria;p__Bacteroidota;c__Bacteroidia;o__Bacteroidales;f__Bacteroidaceae;g__Bacteroides;s__	taxonomic classification defined by topology and ANI	topological placement and ANI have congruent species assignments	GCF_000614125.1, s__Bacteroides rodentium, 95.0, 94.56, 0.684; GCF_004793475.1, s__Bacteroides muris, 95.0, 91.63, 0.591; GCA_905197435.1, s__Bacteroides sp905197435, 95.0, 87.48, 0.455; GCA_902388495.1, s__Bacteroides sp902388495, 95.0, 80.9, 0.17	63.57	11.0		
bin.10	k__Bacteria (UID203)	5449	103	57	28.71	0.0	0.0	1239071	0	147	147	10601	10601	8429	8429	46547	46547	29.3	1.84	85.08	11	1745	81	22	0	0	0	0	41.0	0.73	Neural Network (Specific Model)	11	0.851	10601	202.7094555873925	1239071	0.29	1745	147	46547		0	0	0.0	0.7365032	0.99999917	d__Bacteria;p__Bacillota_I;c__Bacilli_A;o__Erysipelotrichales;f__Coprobacillaceae;g__Faecalibacillus;s__Faecalibacillus intestinalis	GCF_003024685.1	95.0	d__Bacteria;p__Bacillota_I;c__Bacilli_A;o__Erysipelotrichales;f__Coprobacillaceae;g__Faecalibacillus;s__Faecalibacillus intestinalis	96.06	0.702	GCF_003024685.1	95.0	d__Bacteria;p__Bacillota_I;c__Bacilli_A;o__Erysipelotrichales;f__Coprobacillaceae;g__Faecalibacillus;s__Faecalibacillus intestinalis	96.06	0.702	d__Bacteria;p__Bacillota_I;c__Bacilli_A;o__Erysipelotrichales;f__Coprobacillaceae;g__Faecalibacillus;s__	taxonomic classification defined by topology and ANI	topological placement and ANI have congruent species assignments	GCA_958421935.1, s__Faecalibacillus sp900544435, 95.0, 92.94, 0.569; GCF_003024675.1, s__Faecalibacillus faecis, 95.0, 89.65, 0.497; GCA_030540195.1, s__Faecalibacillus sp030540195, 95.0, 89.06, 0.438	24.23	11.0		
bin.11	o__Selenomonadales (UID1024)	64	334	167	27.3	0.3	0.0	717069	0	88	88	10513	10513	8148	8148	23265	23265	43.6	3.74	85.09	11	1015	252	81	1	0	0	0	25.47	1.47	Neural Network (Specific Model)	11	0.851	10513	201.66995073891624	717069	0.44	1015	88	23265		0	0	0.0	0.6278481	1.0	d__Bacteria;p__Bacillota_C;c__Negativicutes;o__Acidaminococcales;f__Acidaminococcaceae;g__Phascolarctobacterium;s__Phascolarctobacterium faecium	GCF_003269275.1	95.0	d__Bacteria;p__Bacillota_C;c__Negativicutes;o__Acidaminococcales;f__Acidaminococcaceae;g__Phascolarctobacterium;s__Phascolarctobacterium faecium	97.28	0.853	GCF_003269275.1	95.0	d__Bacteria;p__Bacillota_C;c__Negativicutes;o__Acidaminococcales;f__Acidaminococcaceae;g__Phascolarctobacterium;s__Phascolarctobacterium faecium	97.28	0.853	d__Bacteria;p__Bacillota_C;c__Negativicutes;o__Acidaminococcales;f__Acidaminococcaceae;g__Phascolarctobacterium;s__	taxonomic classification defined by topology and ANI	topological placement and ANI have congruent species assignments	GCA_900551745.1, s__Phascolarctobacterium sp900551745, 95.0, 93.66, 0.524; GCF_900545535.1, s__Phascolarctobacterium sp900545535, 95.0, 86.72, 0.472; GCF_900544795.1, s__Phascolarctobacterium sp900544795, 95.0, 83.85, 0.259	20.81	11.0		
bin.12	o__Clostridiales (UID1212)	172	263	149	65.8	0.0	0.0	1502581	0	106	106	19086	19086	14175	14175	52738	52738	44.4	3.51	84.24	11	1947	82	181	0	0	0	0	61.09	2.67	Gradient Boost (General Model)	11	0.842	19086	218.1535695942476	1502581	0.44	1947	106	52738		0	0	0.0	0.85654575	0.99999404	d__Bacteria;p__Bacillota_A;c__Clostridia;o__Oscillospirales;f__Acutalibacteraceae;g__Fimenecus;s__Fimenecus sp000432435	GCA_000432435.1	95.0	d__Bacteria;p__Bacillota_A;c__Clostridia;o__Oscillospirales;f__Acutalibacteraceae;g__Fimenecus;s__Fimenecus sp000432435	97.94	0.834	GCA_000432435.1	95.0	d__Bacteria;p__Bacillota_A;c__Clostridia;o__Oscillospirales;f__Acutalibacteraceae;g__Fimenecus;s__Fimenecus sp000432435	97.94	0.834	d__Bacteria;p__Bacillota_A;c__Clostridia;o__Oscillospirales;f__Acutalibacteraceae;g__Fimenecus;s__	taxonomic classification defined by topology and ANI	topological placement and ANI have congruent species assignments	GCA_022768065.1, s__Fimenecus sp022768065, 95.0, 90.38, 0.695; GCA_002437245.1, s__Fimenecus sp002437245, 95.0, 89.75, 0.674	58.77	11.0		
bin.15_sub	g__Bacteroides (UID2691)	33	839	309	81.18	1.87	53.33	4741064	0	277	277	22849	22849	17115	17115	78980	78980	42.0	1.65	89.6	11	4317	193	631	15	0	0	0	76.45	2.19	Neural Network (Specific Model)	11	0.896	22849	328.91382904794995	4741064	0.42	4317	277	78980		0	0	0.0	1.6277869	0.9999745	d__Bacteria;p__Bacteroidota;c__Bacteroidia;o__Bacteroidales;f__Bacteroidaceae;g__Bacteroides;s__Bacteroides ovatus	GCF_001314995.1	95.19	d__Bacteria;p__Bacteroidota;c__Bacteroidia;o__Bacteroidales;f__Bacteroidaceae;g__Bacteroides;s__Bacteroides ovatus	96.83	0.784						d__Bacteria;p__Bacteroidota;c__Bacteroidia;o__Bacteroidales;f__Bacteroidaceae;g__Bacteroides;s__	taxonomic classification defined by topology and ANI	topological placement and ANI have incongruent species assignments	GCF_001314995.1, s__Bacteroides ovatus, 95.19, 96.83, 0.784; GCF_958387885.1, s__Bacteroides sp019412865, 95.0, 94.47, 0.643; GCA_019117555.1, s__Bacteroides intestinigallinarum, 95.0, 93.68, 0.647; GCA_900755095.1, s__Bacteroides sp900755095, 95.0, 93.51, 0.383; GCA_902362375.1, s__Bacteroides sp902362375, 95.0, 92.09, 0.644; GCF_000210075.1, s__Bacteroides xylanisolvens, 95.0, 92.05, 0.61; GCA_948436425.1, s__Bacteroides sp948436425, 95.0, 90.79, 0.486; GCF_009193295.2, s__Bacteroides luhongzhouii, 95.0, 90.49, 0.588; GCA_948742525.1, s__Bacteroides caecimuris_A, 95.0, 88.49, 0.404; GCF_001688725.2, s__Bacteroides caecimuris, 95.0, 88.02, 0.365; GCA_959606905.1, s__Bacteroides sp959606905, 95.0, 85.58, 0.175; GCA_030295565.1, s__Bacteroides finegoldii, 95.57, 85.23, 0.266; GCF_024623065.1, s__Bacteroides acidifaciens, 95.0, 84.53, 0.24; GCF_009193325.2, s__Bacteroides zhangwenhongii, 95.0, 84.52, 0.275; GCF_012113595.1, s__Bacteroides faecium, 95.0, 83.87, 0.3; GCA_947038155.1, s__Bacteroides sp947038155, 95.0, 83.45, 0.228; GCF_900130125.1, s__Bacteroides congonensis, 95.0, 83.43, 0.295; GCF_014750685.1, s__Bacteroides sp014750685, 95.0, 83.37, 0.306; GCA_900556625.1, s__Bacteroides sp900556625, 95.0, 83.37, 0.22; GCF_903181435.1, s__Bacteroides sp900765785, 95.0, 83.32, 0.244; GCF_900761785.1, s__Bacteroides sp900761785, 95.0, 83.03, 0.267; GCA_948847595.1, s__Bacteroides sp948847595, 95.0, 82.91, 0.176; GCF_902491285.1, s__Bacteroides sp902491285, 95.0, 82.83, 0.251; GCF_000011065.1, s__Bacteroides thetaiotaomicron, 95.0, 82.69, 0.185; GCF_002222615.2, s__Bacteroides caccae, 95.0, 82.62, 0.2; GCA_019412825.1, s__Bacteroides thetaiotaomicron_A, 95.0, 81.77, 0.169; GCF_900106755.1, s__Bacteroides faecis, 95.0, 81.42, 0.163	61.73	11.0		
bin.16	f__Lachnospiraceae (UID1286)	57	420	207	93.77	0.36	0.0	3663372	0	44	44	129500	129500	83258	83258	281677	281677	42.7	1.53	88.22	11	3553	17	401	2	0	0	0	95.36	2.27	Neural Network (Specific Model)	11	0.882	129500	304.26878694061355	3663372	0.43	3553	44	281677		0	0	0.0	2.2818792	0.9999989	d__Bacteria;p__Bacillota_A;c__Clostridia;o__Lachnospirales;f__Lachnospiraceae;g__Roseburia;s__Roseburia intestinalis	GCF_900537995.1	95.61	d__Bacteria;p__Bacillota_A;c__Clostridia;o__Lachnospirales;f__Lachnospiraceae;g__Roseburia;s__Roseburia intestinalis	98.44	0.875	GCF_900537995.1	95.61	d__Bacteria;p__Bacillota_A;c__Clostridia;o__Lachnospirales;f__Lachnospiraceae;g__Roseburia;s__Roseburia intestinalis	98.44	0.875	d__Bacteria;p__Bacillota_A;c__Clostridia;o__Lachnospirales;f__Lachnospiraceae;g__Roseburia;s__	taxonomic classification defined by topology and ANI	topological placement and ANI have congruent species assignments	GCA_019411365.1, s__Roseburia sp019411365, 95.0, 95.7, 0.464; GCA_934317215.1, s__Roseburia sp934317215, 95.0, 94.22, 0.68; GCF_014287515.2, s__Roseburia rectibacter, 95.0, 91.53, 0.643; GCA_003483745.1, s__Roseburia sp003483745, 95.0, 91.45, 0.661	86.83	11.0		
bin.17_sub	k__Bacteria (UID203)	5449	104	58	16.22	0.0	0.0	373962	0	57	57	8262	8262	6560	6560	19252	19252	53.4	4.41	78.34	11	530	83	21	0	0	0	0	10.25	0.01	Neural Network (Specific Model)	11	0.783	8262	185.7433962264151	373962	0.53	530	57	19252		0	0	0.0	0.67016244	0.99999195	Unclassified Bacteria																		Insufficient number of amino acids in MSA (5.6%)
bin.19	o__Bacteroidales (UID2657)	160	492	269	86.74	9.05	29.41	3478545	0	108	108	47120	47120	32208	32208	176220	176220	42.3	1.39	89.3	11	3164	66	377	48	1	0	0	83.48	7.31	Neural Network (Specific Model)	11	0.893	47120	328.07522123893807	3478545	0.42	3164	108	176220		0	0	0.0	1.878063	0.9999779	d__Bacteria;p__Bacteroidota;c__Bacteroidia;o__Bacteroidales;f__Bacteroidaceae;g__Phocaeicola;s__Phocaeicola massiliensis	GCF_000382445.1	95.0	d__Bacteria;p__Bacteroidota;c__Bacteroidia;o__Bacteroidales;f__Bacteroidaceae;g__Phocaeicola;s__Phocaeicola massiliensis	99.09	0.825	GCF_000382445.1	95.0	d__Bacteria;p__Bacteroidota;c__Bacteroidia;o__Bacteroidales;f__Bacteroidaceae;g__Phocaeicola;s__Phocaeicola massiliensis	99.09	0.825	d__Bacteria;p__Bacteroidota;c__Bacteroidia;o__Bacteroidales;f__Bacteroidaceae;g__Phocaeicola;s__	taxonomic classification defined by topology and ANI	topological placement and ANI have congruent species assignments	GCA_900760795.1, s__Phocaeicola sp900760795, 95.0, 93.32, 0.461; GCF_021730445.1, s__Phocaeicola faecalis, 95.0, 90.25, 0.645; GCA_948956705.1, s__Phocaeicola sp948956705, 95.0, 87.65, 0.314	66.57	11.0		Genome has more than 15.8% of markers with multiple hits
bin.20	k__Bacteria (UID2372)	131	177	106	54.48	1.75	57.14	1712457	0	50	50	42517	42517	34249	34249	167168	167168	33.8	1.51	87.91	11	1754	65	105	7	0	0	0	65.06	2.98	Neural Network (Specific Model)	11	0.879	42517	286.9161915621437	1712457	0.34	1754	50	167168		0	0	0.0	2.0052414	0.99995387	d__Bacteria;p__Bacillota_I;c__Bacilli_A;o__Erysipelotrichales;f__Erysipelotrichaceae;g__Holdemanella;s__Holdemanella biformis	GCF_000156655.1	95.0	d__Bacteria;p__Bacillota_I;c__Bacilli_A;o__Erysipelotrichales;f__Erysipelotrichaceae;g__Holdemanella;s__Holdemanella biformis	95.77	0.645	GCF_000156655.1	95.0	d__Bacteria;p__Bacillota_I;c__Bacilli_A;o__Erysipelotrichales;f__Erysipelotrichaceae;g__Holdemanella;s__Holdemanella biformis	95.77	0.645	d__Bacteria;p__Bacillota_I;c__Bacilli_A;o__Erysipelotrichales;f__Erysipelotrichaceae;g__Holdemanella;s__	taxonomic classification defined by topology and ANI	topological placement and ANI have congruent species assignments	GCA_938036765.1, s__Holdemanella sp900547815, 95.0, 91.76, 0.592; GCF_934754935.1, s__Holdemanella sp934754935, 95.0, 91.45, 0.592; GCF_024460475.1, s__Holdemanella sp900556915, 95.0, 90.02, 0.556; GCF_009696075.1, s__Holdemanella porci, 95.95, 89.67, 0.534; GCF_014306155.1, s__Holdemanella hominis, 95.0, 89.57, 0.545; GCA_003436425.1, s__Holdemanella sp003436425, 95.0, 89.04, 0.545; GCF_934772795.1, s__Holdemanella sp934772795, 95.0, 88.44, 0.543; GCF_003458715.1, s__Holdemanella sp003458715, 95.0, 88.43, 0.505; GCF_900754615.1, s__Holdemanella sp900754615, 95.0, 87.45, 0.432	57.95	11.0		
bin.22	o__Clostridiales (UID1212)	172	261	147	6.48	0.0	0.0	296413	0	41	41	9304	9304	7229	7229	26476	26476	60.3	2.5	82.86	11	432	233	28	0	0	0	0	13.97	0.0	Neural Network (Specific Model)	11	0.828	9304	191.0810185185185	296413	0.6	432	41	26476		0	0	0.0	0.768622	0.999973	Unclassified Bacteria																		Insufficient number of amino acids in MSA (6.2%)
bin.24	k__Bacteria (UID2982)	88	229	147	90.87	1.36	50.0	2715803	0	132	132	29595	29595	20574	20574	108272	108272	55.4	2.66	86.73	11	2723	17	210	2	0	0	0	89.28	4.31	Neural Network (Specific Model)	11	0.867	29595	289.586852735953	2715803	0.55	2723	132	108272		0	0	0.0	1.3726296	0.999736	d__Bacteria;p__Verrucomicrobiota;c__Verrucomicrobiae;o__Verrucomicrobiales;f__Akkermansiaceae;g__Akkermansia;s__Akkermansia muciniphila	GCF_000020225.1	95.0	d__Bacteria;p__Verrucomicrobiota;c__Verrucomicrobiae;o__Verrucomicrobiales;f__Akkermansiaceae;g__Akkermansia;s__Akkermansia muciniphila	97.47	0.883	GCF_000020225.1	95.0	d__Bacteria;p__Verrucomicrobiota;c__Verrucomicrobiae;o__Verrucomicrobiales;f__Akkermansiaceae;g__Akkermansia;s__Akkermansia muciniphila	97.47	0.883	d__Bacteria;p__Verrucomicrobiota;c__Verrucomicrobiae;o__Verrucomicrobiales;f__Akkermansiaceae;g__Akkermansia;s__	taxonomic classification defined by topology and ANI	topological placement and ANI have congruent species assignments	GCA_905200945.1, s__Akkermansia sp905200945, 95.0, 94.36, 0.837; GCF_030848305.1, s__Akkermansia muciniphila_A, 95.0, 93.99, 0.806; GCF_023516715.1, s__Akkermansia massiliensis, 95.0, 87.82, 0.613; GCA_947624785.1, s__Akkermansia muciniphila_F, 95.0, 87.54, 0.582; GCF_002884975.1, s__Akkermansia muciniphila_C, 95.0, 85.95, 0.531; GCF_018709685.1, s__Akkermansia muciniphila_E, 95.0, 85.62, 0.503; GCF_020860705.1, s__Akkermansia sp020860705, 95.0, 85.48, 0.48; GCA_021202525.1, s__Akkermansia sp021202525, 95.0, 82.3, 0.273; GCF_004167605.1, s__Akkermansia sp004167605, 95.0, 82.08, 0.282; GCF_026072915.1, s__Akkermansia biwaensis, 95.0, 82.06, 0.286	84.15	11.0		
bin.27	root (UID1)	5656	56	24	0.0	0.0	0.0	687861	0	59	59	17912	17912	11658	11658	67532	67532	37.4	1.85	86.42	11	820	56	0	0	0	0	0	11.79	3.01	Neural Network (Specific Model)	11	0.864	17912	242.8060975609756	687861	0.37	820	59	67532		0	0	0.0	1.5802677	0.9988573	Unclassified Bacteria																		Insufficient number of amino acids in MSA (0.7%)
bin.3	o__Clostridiales (UID1212)	172	263	149	57.75	0.0	0.0	1716407	0	132	132	17511	17511	13003	13003	54501	54501	53.2	2.54	84.35	11	2110	88	175	0	0	0	0	62.54	1.05	Gradient Boost (General Model)	11	0.843	17511	230.07535545023697	1716407	0.53	2110	132	54501		0	0	0.0	0.87108856	0.9999994	d__Bacteria;p__Bacillota_A;c__Clostridia;o__Oscillospirales;f__Acutalibacteraceae;g__Hominenteromicrobium;s__Hominenteromicrobium mulieris	GCF_020687165.1	95.0	d__Bacteria;p__Bacillota_A;c__Clostridia;o__Oscillospirales;f__Acutalibacteraceae;g__Hominenteromicrobium;s__Hominenteromicrobium mulieris	98.6	0.955	GCF_020687165.1	95.0	d__Bacteria;p__Bacillota_A;c__Clostridia;o__Oscillospirales;f__Acutalibacteraceae;g__Hominenteromicrobium;s__Hominenteromicrobium mulieris	98.6	0.955	d__Bacteria;p__Bacillota_A;c__Clostridia;o__Oscillospirales;f__Acutalibacteraceae;g__Hominenteromicrobium;s__	taxonomic classification defined by topology and ANI	topological placement and ANI have congruent species assignments	GCA_934643185.1, s__Hominenteromicrobium sp934643185, 95.0, 93.92, 0.696	63.2	11.0		
bin.33	k__Bacteria (UID203)	5449	103	57	28.07	0.0	0.0	762198	0	73	73	14894	14894	10441	10441	40944	40944	33.5	1.57	89.32	11	833	83	20	0	0	0	0	31.07	0.02	Neural Network (Specific Model)	11	0.893	14894	273.41776710684275	762198	0.34	833	73	40944		0	0	0.0	1.4689041	0.9999895	d__Bacteria;p__Bacillota_I;c__Bacilli_A;o__Erysipelotrichales;f__Erysipelotrichaceae;g__Holdemanella;s__Holdemanella biformis	GCF_000156655.1	95.0	d__Bacteria;p__Bacillota_I;c__Bacilli_A;o__Erysipelotrichales;f__Erysipelotrichaceae;g__Holdemanella;s__Holdemanella biformis	96.37	0.716	GCF_000156655.1	95.0	d__Bacteria;p__Bacillota_I;c__Bacilli_A;o__Erysipelotrichales;f__Erysipelotrichaceae;g__Holdemanella;s__Holdemanella biformis	96.37	0.716	d__Bacteria;p__Bacillota_I;c__Bacilli_A;o__Erysipelotrichales;f__Erysipelotrichaceae;g__Holdemanella;s__	taxonomic classification defined by topology and ANI	topological placement and ANI have congruent species assignments	GCA_938036765.1, s__Holdemanella sp900547815, 95.0, 91.85, 0.654; GCF_934754935.1, s__Holdemanella sp934754935, 95.0, 91.67, 0.662; GCA_003436425.1, s__Holdemanella sp003436425, 95.0, 90.78, 0.607; GCF_024460475.1, s__Holdemanella sp900556915, 95.0, 90.13, 0.65; GCF_003458715.1, s__Holdemanella sp003458715, 95.0, 89.98, 0.602; GCF_014306155.1, s__Holdemanella hominis, 95.0, 89.98, 0.571; GCF_009696075.1, s__Holdemanella porci, 95.95, 89.95, 0.546; GCF_934772795.1, s__Holdemanella sp934772795, 95.0, 89.04, 0.562; GCF_900754615.1, s__Holdemanella sp900754615, 95.0, 88.62, 0.527	29.04	11.0		
bin.42_sub	k__Bacteria (UID203)	5449	104	58	3.45	0.0	0.0	737471	0	51	51	18153	18153	14460	14460	41074	41074	37.5	1.49	88.13	11	720	102	2	0	0	0	0	15.24	0.15	Neural Network (Specific Model)	11	0.881	18153	302.0388888888889	737471	0.38	720	51	41074		0	0	0.0	1.5654275	1.0	Unclassified Bacteria																		Insufficient number of amino acids in MSA (7.1%)
bin.4_sub	k__Bacteria (UID203)	5449	104	58	62.07	6.9	0.0	4225328	0	293	293	19151	19151	14420	14420	70591	70591	41.6	2.14	87.73	11	4686	63	36	5	0	0	0	66.25	8.92	Neural Network (Specific Model)	11	0.877	19151	265.14831412718735	4225328	0.42	4686	293	70591		0	0	0.0	1.2193145	0.9998871	d__Bacteria;p__Bacteroidota;c__Bacteroidia;o__Bacteroidales;f__Bacteroidaceae;g__Phocaeicola;s__Phocaeicola sp959599425	GCA_959599425.1	95.0	d__Bacteria;p__Bacteroidota;c__Bacteroidia;o__Bacteroidales;f__Bacteroidaceae;g__Phocaeicola;s__Phocaeicola sp959599425	98.9	0.501						d__Bacteria;p__Bacteroidota;c__Bacteroidia;o__Bacteroidales;f__Bacteroidaceae;g__Phocaeicola;s__	taxonomic classification defined by topology and ANI	topological placement and ANI have incongruent species assignments	GCA_959599425.1, s__Phocaeicola sp959599425, 95.0, 98.9, 0.501; GCF_000012825.1, s__Phocaeicola vulgatus, 95.08, 98.57, 0.677; GCA_019414665.1, s__Phocaeicola sp019414665, 95.0, 97.59, 0.282; GCA_947574505.1, s__Phocaeicola sp947574505, 95.0, 97.34, 0.297; GCA_019414725.1, s__Phocaeicola sp019414725, 95.0, 97.32, 0.276; GCA_948566455.1, s__Phocaeicola sp948566455, 95.0, 96.59, 0.302; GCA_958434805.1, s__Phocaeicola sp958434805, 95.0, 96.04, 0.281; GCA_948579315.1, s__Phocaeicola sp948579315, 95.0, 95.58, 0.32; GCF_013009555.1, s__Phocaeicola dorei, 95.0, 95.48, 0.623; GCA_900760795.1, s__Phocaeicola sp900760795, 95.0, 94.75, 0.344; GCA_948956705.1, s__Phocaeicola sp948956705, 95.0, 91.72, 0.324; GCF_024622025.1, s__Phocaeicola sartorii, 95.0, 89.98, 0.47; GCA_947072895.1, s__Phocaeicola sp011959205, 95.0, 89.33, 0.392	47.05	11.0		
bin.5	o__Clostridiales (UID1226)	155	278	158	94.73	0.16	100.0	3626239	0	84	84	66587	66587	43169	43169	378667	378667	41.5	1.75	85.38	11	3736	14	263	1	0	0	0	84.0	0.9	Neural Network (Specific Model)	11	0.854	66587	277.4017665952891	3626239	0.42	3736	84	378667		0	0	0.0	2.1945076	0.99999833	d__Bacteria;p__Bacillota_A;c__Clostridia;o__Lachnospirales;f__Lachnospiraceae;g__Blautia_A;s__Blautia_A wexlerae_B	GCF_013300825.1	95.0	d__Bacteria;p__Bacillota_A;c__Clostridia;o__Lachnospirales;f__Lachnospiraceae;g__Blautia_A;s__Blautia_A wexlerae_B	98.58	0.815	GCF_013300825.1	95.0	d__Bacteria;p__Bacillota_A;c__Clostridia;o__Lachnospirales;f__Lachnospiraceae;g__Blautia_A;s__Blautia_A wexlerae_B	98.58	0.815	d__Bacteria;p__Bacillota_A;c__Clostridia;o__Lachnospirales;f__Lachnospiraceae;g__Blautia_A;s__	taxonomic classification defined by topology and ANI	topological placement and ANI have congruent species assignments	GCF_025148125.1, s__Blautia_A wexlerae, 95.0, 94.78, 0.657; GCA_958454115.1, s__Blautia_A wexlerae_C, 95.0, 91.22, 0.351; GCA_019419095.1, s__Blautia_A sp019419095, 95.0, 88.85, 0.269; GCA_003471165.1, s__Blautia_A sp003471165, 95.0, 88.69, 0.395; GCF_018919065.1, s__Blautia_A sp018919065, 95.0, 88.24, 0.31; GCF_014297245.1, s__Blautia_A difficilis, 95.0, 88.23, 0.278; GCF_009707925.1, s__Blautia_A luti, 95.0, 87.57, 0.289; GCA_934437695.1, s__Blautia_A sp934437695, 95.0, 86.22, 0.414; GCA_003477525.1, s__Blautia_A sp003477525, 95.0, 85.35, 0.275; GCA_934426285.1, s__Blautia_A sp934426285, 95.0, 84.6, 0.189; GCA_905209435.1, s__Blautia_A sp905209435, 95.0, 84.19, 0.209	83.85	11.0		
bin.64	k__Bacteria (UID203)	5449	104	58	25.86	0.0	0.0	752435	0	84	84	12081	12081	8957	8957	26286	26286	59.7	2.74	82.09	11	985	85	19	0	0	0	0	23.29	0.18	Neural Network (Specific Model)	11	0.821	12081	210.86395939086293	752435	0.6	985	84	26286		0	0	0.0	0.65854836	1.0	d__Bacteria;p__Actinomycetota;c__Actinomycetes;o__Actinomycetales;f__Bifidobacteriaceae;g__Bifidobacterium;s__Bifidobacterium longum	GCF_000196555.1	95.0	d__Bacteria;p__Actinomycetota;c__Actinomycetes;o__Actinomycetales;f__Bifidobacteriaceae;g__Bifidobacterium;s__Bifidobacterium longum	98.21	0.719	GCF_000196555.1	95.0	d__Bacteria;p__Actinomycetota;c__Actinomycetes;o__Actinomycetales;f__Bifidobacteriaceae;g__Bifidobacterium;s__Bifidobacterium longum	98.21	0.719	d__Bacteria;p__Actinomycetota;c__Actinomycetes;o__Actinomycetales;f__Bifidobacteriaceae;g__Bifidobacterium;s__	taxonomic classification defined by topology and ANI	topological placement and ANI have congruent species assignments	GCA_022739095.1, s__Bifidobacterium sp022739095, 95.0, 94.54, 0.396; GCF_000269965.1, s__Bifidobacterium infantis, 95.0, 94.36, 0.539; GCA_905202265.1, s__Bifidobacterium longum_D, 95.0, 91.7, 0.347; GCF_959020155.1, s__Bifidobacterium sp959020155, 95.0, 90.68, 0.256; GCF_001025175.1, s__Bifidobacterium breve, 95.0, 86.95, 0.253; GCF_003129905.1, s__Bifidobacterium callitrichidarum, 95.0, 84.54, 0.203; GCF_019331675.1, s__Bifidobacterium miconisargentati, 95.0, 84.18, 0.169	15.65	11.0		
bin.8	o__Clostridiales (UID1212)	172	261	147	73.6	12.88	48.15	2408160	0	214	214	14908	14908	11253	11253	106674	106674	58.4	2.58	81.25	11	3125	64	172	24	1	0	0	60.58	11.02	Neural Network (Specific Model)	11	0.812	14908	210.21376	2408160	0.58	3125	214	106674		0	0	0.0	1.4619595	0.9999871	d__Bacteria;p__Bacillota_A;c__Clostridia;o__Oscillospirales;f__Ruminococcaceae;g__Faecalibacterium;s__						GCF_003324185.1	95.0	d__Bacteria;p__Bacillota_A;c__Clostridia;o__Oscillospirales;f__Ruminococcaceae;g__Faecalibacterium;s__Faecalibacterium prausnitzii	94.41	0.746	d__Bacteria;p__Bacillota_A;c__Clostridia;o__Oscillospirales;f__Ruminococcaceae;g__Faecalibacterium;s__	taxonomic classification defined by topology and ANI	classification based on placement in class-level tree	GCF_023347235.1, s__Faecalibacterium prausnitzii_A, 95.0, 93.36, 0.711; GCF_003287405.1, s__Faecalibacterium prausnitzii_J, 95.0, 93.28, 0.677; GCA_905215595.1, s__Faecalibacterium sp905215595, 95.0, 93.21, 0.613; GCA_934525405.1, s__Faecalibacterium sp934525405, 95.0, 93.1, 0.613; GCF_023347295.1, s__Faecalibacterium sp003449675, 95.0, 93.01, 0.707; GCA_934525325.1, s__Faecalibacterium sp934525325, 95.0, 92.62, 0.644; GCA_900772565.1, s__Faecalibacterium sp900772565, 95.0, 92.43, 0.616; GCA_934524985.1, s__Faecalibacterium sp934524985, 95.0, 92.23, 0.619; GCA_934532365.1, s__Faecalibacterium sp934532365, 95.0, 92.13, 0.642; GCA_934561555.1, s__Faecalibacterium sp934561555, 95.0, 92.05, 0.621; GCA_934503275.1, s__Faecalibacterium sp934503275, 95.0, 92.01, 0.62; GCA_934561115.1, s__Faecalibacterium sp934561115, 95.0, 91.82, 0.621; GCA_934540955.1, s__Faecalibacterium sp934540955, 95.0, 91.64, 0.59; GCA_934512105.1, s__Faecalibacterium sp934512105, 95.0, 91.62, 0.609; GCA_934539245.1, s__Faecalibacterium sp934539245, 95.0, 91.53, 0.626; GCA_900765705.1, s__Faecalibacterium sp900765705, 95.0, 90.77, 0.5; GCA_902463235.1, s__Faecalibacterium sp902463235, 95.0, 90.17, 0.477; GCA_934513205.1, s__Faecalibacterium sp934513205, 95.0, 88.08, 0.425; GCF_010509575.1, s__Faecalibacterium duncaniae, 95.0, 87.75, 0.383; GCF_023347255.1, s__Faecalibacterium prausnitzii_D, 95.0, 87.41, 0.393; GCA_934553285.1, s__Faecalibacterium sp934553285, 95.0, 87.38, 0.498; GCF_023347535.1, s__Faecalibacterium sp900539885, 95.0, 87.1, 0.38; GCF_002549775.1, s__Faecalibacterium prausnitzii_F, 95.0, 86.59, 0.377; GCA_025757845.1, s__Faecalibacterium sp900539945, 95.0, 86.44, 0.395; GCA_902463905.1, s__Faecalibacterium sp902463905, 95.0, 86.42, 0.292; GCA_900765105.1, s__Faecalibacterium sp900765105, 95.0, 86.4, 0.321; GCF_003287455.1, s__Faecalibacterium hattorii, 95.0, 86.02, 0.324; GCA_934511465.1, s__Faecalibacterium sp934511465, 95.0, 85.86, 0.333; GCA_934525845.1, s__Faecalibacterium sp934525845, 95.0, 85.8, 0.344; GCF_019967995.1, s__Faecalibacterium prausnitzii_E, 95.0, 85.49, 0.333; GCA_934501115.1, s__Faecalibacterium sp934501115, 95.0, 85.41, 0.289; GCF_020687245.1, s__Faecalibacterium longum, 95.0, 85.35, 0.294; GCA_937915335.1, s__Faecalibacterium sp937915335, 95.0, 85.34, 0.214; GCF_003287495.1, s__Faecalibacterium prausnitzii_I, 95.0, 85.22, 0.294; GCA_934561485.1, s__Faecalibacterium sp934561485, 95.0, 84.96, 0.314; GCF_023347275.1, s__Faecalibacterium sp900758465, 95.0, 84.88, 0.284; GCA_004558805.1, s__Faecalibacterium prausnitzii_M, 95.0, 84.84, 0.298; GCA_934525735.1, s__Faecalibacterium sp934525735, 95.0, 84.83, 0.314; GCA_014858325.1, s__Faecalibacterium sp014858325, 95.0, 84.13, 0.224; GCA_934514285.1, s__Faecalibacterium sp934514285, 95.0, 83.99, 0.244; GCA_934526125.1, s__Faecalibacterium sp934526125, 95.0, 83.96, 0.262; GCA_934547065.1, s__Faecalibacterium sp934547065, 95.0, 83.85, 0.263; GCA_934518555.1, s__Faecalibacterium sp934518555, 95.0, 83.47, 0.308; GCA_934533135.1, s__Faecalibacterium sp934533135, 95.0, 83.27, 0.199; GCA_900551435.1, s__Faecalibacterium sp900551435, 95.0, 82.9, 0.199	50.17	11.0	0.99954	Genome has more than 11.7% of markers with multiple hits;Genome not assigned to closest species as it falls outside its pre-defined ANI radius
bin.82_sub	root (UID1)	5656	56	24	0.0	0.0	0.0	102685	0	3	3	66138	66138	34228	34228	66138	66138	45.9	2.28	84.07	11	116	56	0	0	0	0	0	3.53	0.0	Neural Network (Specific Model)	11	0.841	66138	248.5086206896552	102685	0.46	116	3	66138		0	0	0.0	6.55761	1.0	Unclassified																		No bacterial or archaeal marker
bin.9	p__Actinobacteria (UID2112)	31	211	124	59.48	1.01	0.0	1627580	0	115	115	20114	20114	14152	14152	70668	70668	60.3	2.52	83.23	11	1828	71	138	2	0	0	0	59.62	0.62	Neural Network (Specific Model)	11	0.832	20114	248.2822757111597	1627580	0.6	1828	115	70668		1	3088	0.0018972953710416692	0.82452345	0.9999963	d__Bacteria;p__Actinomycetota;c__Coriobacteriia;o__Coriobacteriales;f__Coriobacteriaceae;g__Collinsella;s__Collinsella aerofaciens_G	GCF_005844325.1	95.0	d__Bacteria;p__Actinomycetota;c__Coriobacteriia;o__Coriobacteriales;f__Coriobacteriaceae;g__Collinsella;s__Collinsella aerofaciens_G	95.37	0.843	GCA_902490325.1	95.0	d__Bacteria;p__Actinomycetota;c__Coriobacteriia;o__Coriobacteriales;f__Coriobacteriaceae;g__Collinsella;s__Collinsella sp902490325	93.7	0.718	d__Bacteria;p__Actinomycetota;c__Coriobacteriia;o__Coriobacteriales;f__Coriobacteriaceae;g__Collinsella;s__	taxonomic classification defined by topology and ANI		GCA_902494435.1, s__Collinsella sp902494435, 95.03, 95.12, 0.809; GCA_030841765.1, s__Collinsella aerofaciens_AV, 95.0, 94.78, 0.82; GCA_018376265.1, s__Collinsella sp018376265, 95.0, 94.77, 0.817; GCA_902464575.1, s__Collinsella sp902464575, 95.0, 94.77, 0.799; GCA_018382125.1, s__Collinsella sp018382125, 95.0, 94.67, 0.826; GCA_900541795.1, s__Collinsella sp900541795, 95.0, 94.56, 0.833; GCA_018368055.1, s__Collinsella sp018368055, 95.0, 94.56, 0.826; GCF_902501475.1, s__Collinsella aerofaciens_AL, 95.0, 94.45, 0.802; GCA_900541145.1, s__Collinsella sp900541145, 95.0, 94.45, 0.798; GCA_014871645.1, s__Collinsella sp014871645, 95.0, 94.45, 0.795; GCA_902494195.1, s__Collinsella sp902494195, 95.0, 94.45, 0.786; GCA_959028445.1, s__Collinsella sp959028445, 95.0, 94.45, 0.776; GCA_902478965.1, s__Collinsella sp902478965, 95.0, 94.36, 0.774; GCA_900543515.1, s__Collinsella sp900543515, 95.0, 94.35, 0.775; GCA_959027945.1, s__Collinsella sp959027945, 95.0, 94.34, 0.801; GCA_900541125.1, s__Collinsella sp900541125, 95.0, 94.34, 0.794; GCA_905213265.1, s__Collinsella sp905213265, 95.0, 94.34, 0.768; GCA_902469665.1, s__Collinsella sp902469665, 95.0, 94.33, 0.803; GCA_018373675.1, s__Collinsella sp018373675, 95.0, 94.33, 0.793; GCA_900754445.1, s__Collinsella sp900754445, 95.0, 94.27, 0.738; GCA_902493985.1, s__Collinsella sp902493985, 95.0, 94.24, 0.784; GCA_958413455.1, s__Collinsella sp958413455, 95.0, 94.23, 0.775; GCF_028206995.1, s__Collinsella aerofaciens_AQ, 95.0, 94.22, 0.809; GCA_018376905.1, s__Collinsella sp018376905, 95.0, 94.21, 0.815; GCF_001405375.1, s__Collinsella aerofaciens_F, 95.0, 94.21, 0.811; GCA_959026725.1, s__Collinsella sp959026725, 95.0, 94.21, 0.804; GCF_025289055.1, s__Collinsella sp900549025, 95.0, 94.21, 0.792; GCA_902495355.1, s__Collinsella sp902495355, 95.0, 94.21, 0.789; GCA_937989875.1, s__Collinsella sp937989875, 95.0, 94.21, 0.788; GCF_018785245.1, s__Collinsella aerofaciens_AD, 95.0, 94.21, 0.787; GCA_905216145.1, s__Collinsella sp905216145, 95.0, 94.21, 0.785; GCA_900541005.1, s__Collinsella sp900541005, 95.0, 94.21, 0.777; GCA_900761805.1, s__Collinsella sp900761805, 95.0, 94.21, 0.753; GCA_958427895.1, s__Collinsella sp958427895, 95.0, 94.14, 0.743; GCA_902496775.1, s__Collinsella sp902496775, 95.0, 94.12, 0.744; GCA_902491935.1, s__Collinsella sp902491935, 95.0, 94.11, 0.757; GCA_902363125.1, s__Collinsella sp902363125, 95.0, 94.09, 0.771; GCA_905212545.1, s__Collinsella sp905212545, 95.0, 94.08, 0.789; GCA_900541135.1, s__Collinsella sp900541135, 95.0, 94.08, 0.78; GCA_902491765.1, s__Collinsella sp902491765, 95.0, 94.08, 0.754; GCA_902466855.1, s__Collinsella sp902466855, 95.0, 94.02, 0.767; GCA_902489965.1, s__Collinsella sp902489965, 95.0, 94.01, 0.747; GCA_000434535.1, s__Collinsella sp000434535, 95.0, 94.0, 0.73; GCA_900760905.1, s__Collinsella sp900760905, 95.0, 93.97, 0.795; GCA_902495525.1, s__Collinsella sp902495525, 95.0, 93.97, 0.76; GCA_018380195.1, s__Collinsella sp018380195, 95.0, 93.95, 0.796; GCA_902464565.1, s__Collinsella sp902464565, 95.0, 93.95, 0.787; GCA_031292915.1, s__Collinsella sp031292915, 95.0, 93.95, 0.786; GCA_958432255.1, s__Collinsella sp958432255, 95.0, 93.95, 0.778; GCA_958427355.1, s__Collinsella sp958427355, 95.0, 93.95, 0.774; GCA_958413895.1, s__Collinsella sp958413895, 95.0, 93.95, 0.772; GCA_014871655.1, s__Collinsella sp014871655, 95.0, 93.95, 0.76; GCA_902481895.1, s__Collinsella sp902481895, 95.0, 93.95, 0.76; GCA_902497065.1, s__Collinsella sp902497065, 95.0, 93.95, 0.755; GCA_902462065.1, s__Collinsella sp902462065, 95.0, 93.95, 0.755; GCA_019413955.1, s__Collinsella sp019413955, 95.0, 93.85, 0.727; GCA_900542965.1, s__Collinsella sp900542965, 95.0, 93.84, 0.727; GCA_902493895.1, s__Collinsella sp902493895, 95.0, 93.82, 0.764; GCA_902493915.1, s__Collinsella sp902493915, 95.0, 93.82, 0.745; GCA_019414515.1, s__Collinsella sp019414515, 95.0, 93.81, 0.777; GCA_902490305.1, s__Collinsella sp902490305, 95.0, 93.81, 0.686; GCA_019414325.1, s__Collinsella sp019414325, 95.0, 93.8, 0.761; GCA_900543025.1, s__Collinsella sp900543025, 95.0, 93.8, 0.748; GCA_900540905.1, s__Collinsella sp900540905, 95.0, 93.79, 0.774; GCA_900547835.1, s__Collinsella sp900547835, 95.0, 93.78, 0.703; GCA_900551635.1, s__Collinsella sp900551635, 95.0, 93.78, 0.592; GCA_900754385.1, s__Collinsella sp900754385, 95.0, 93.78, 0.582; GCA_900556205.1, s__Collinsella sp900556205, 95.0, 93.73, 0.606; GCA_958419975.1, s__Collinsella sp958419975, 95.0, 93.71, 0.715; GCA_902494815.1, s__Collinsella sp902494815, 95.0, 93.69, 0.718; GCA_905215005.1, s__Collinsella sp905215005, 95.0, 93.69, 0.647; GCA_902490095.1, s__Collinsella sp902490095, 95.0, 93.66, 0.76; GCA_900549065.1, s__Collinsella sp900549065, 95.0, 93.63, 0.742; GCA_902495945.1, s__Collinsella sp902495945, 95.0, 93.63, 0.718; GCA_900764025.1, s__Collinsella sp900764025, 95.0, 93.59, 0.66; GCA_902495985.1, s__Collinsella sp902495985, 95.0, 93.59, 0.65; GCA_958424475.1, s__Collinsella sp958424475, 95.0, 93.59, 0.586; GCA_019414685.1, s__Collinsella sp019414685, 95.0, 93.54, 0.749; GCA_905215835.1, s__Collinsella sp905215835, 95.0, 93.5, 0.723; GCA_902494295.1, s__Collinsella sp902494295, 95.0, 93.43, 0.726; GCA_900554495.1, s__Collinsella sp900554495, 95.0, 93.32, 0.675; GCA_900550515.1, s__Collinsella sp900550515, 95.0, 93.3, 0.721; GCA_900761085.1, s__Collinsella sp900761085, 95.0, 93.3, 0.706; GCA_902494135.1, s__Collinsella sp902494135, 95.0, 93.3, 0.634; GCA_937934355.1, s__Collinsella sp937934355, 95.01, 93.25, 0.745; GCA_900751665.1, s__Collinsella sp900751665, 95.0, 93.19, 0.628; GCA_958451615.1, s__Collinsella sp958451615, 95.51, 93.16, 0.753; GCA_958413765.1, s__Collinsella sp958413765, 95.0, 93.16, 0.721; GCA_900752425.1, s__Collinsella sp900752425, 95.0, 93.16, 0.677; GCA_902495155.1, s__Collinsella sp902495155, 95.0, 93.14, 0.767; GCA_900555355.1, s__Collinsella sp900555355, 95.0, 93.1, 0.631; GCA_014871605.1, s__Collinsella sp014871605, 95.0, 93.06, 0.711; GCA_902489855.1, s__Collinsella sp902489855, 95.0, 93.06, 0.708; GCA_031295725.1, s__Collinsella sp031295725, 95.0, 93.03, 0.725; GCA_900551605.1, s__Collinsella sp900551605, 95.0, 92.93, 0.62; GCA_900541785.1, s__Collinsella sp900541785, 95.0, 92.85, 0.763; GCA_900551655.1, s__Collinsella sp900551655, 95.0, 92.57, 0.637; GCA_900556875.1, s__Collinsella sp900556875, 95.0, 92.57, 0.553	52.08	11.0		
rosella_bin_107_sub	root (UID1)	5656	56	24	4.17	0.0	0.0	447365	0	24	24	24689	24689	18640	18640	64047	64047	47.8	1.87	88.92	11	459	55	1	0	0	0	0	14.15	0.02	Neural Network (Specific Model)	11	0.889	24689	289.83660130718954	447365	0.48	459	24	64047		0	0	0.0	1.5413721	1.0	d__Bacteria;p__Bacteroidota;c__Bacteroidia;o__Bacteroidales;f__Bacteroidaceae;g__Bacteroides;s__Bacteroides stercoris	GCF_025147325.1	95.0	d__Bacteria;p__Bacteroidota;c__Bacteroidia;o__Bacteroidales;f__Bacteroidaceae;g__Bacteroides;s__Bacteroides stercoris	97.85	0.914						d__Bacteria;p__Bacteroidota;c__Bacteroidia;o__Bacteroidales;f__Bacteroidaceae;g__Bacteroides;s__	taxonomic classification defined by topology and ANI	topological placement and ANI have incongruent species assignments	GCF_025147325.1, s__Bacteroides stercoris, 95.0, 97.85, 0.914; GCF_900129655.1, s__Bacteroides clarus, 95.0, 87.55, 0.569; GCF_018390535.1, s__Bacteroides propionicigenes, 95.0, 85.46, 0.43; GCF_025146565.1, s__Bacteroides eggerthii, 95.0, 84.94, 0.438; GCF_000374365.1, s__Bacteroides gallinarum, 95.0, 83.64, 0.316; GCF_910578895.1, s__Bacteroides sp910578895, 95.0, 83.26, 0.307	12.12	11.0		
rosella_bin_110_sub	root (UID1)	5656	56	24	4.17	0.0	0.0	134195	0	14	14	10532	10532	9585	9585	33788	33788	50.3	1.34	87.12	11	144	55	1	0	0	0	0	4.17	0.0	Neural Network (Specific Model)	11	0.871	10532	271.90972222222223	134195	0.5	144	14	33788		0	0	0.0	1.4003708	1.0	Unclassified Bacteria																		Insufficient number of amino acids in MSA (1.2%)
rosella_bin_119_sub	root (UID1)	5656	56	24	0.0	0.0	0.0	205819	0	23	23	10127	10127	8948	8948	22632	22632	44.2	1.87	83.05	11	292	56	0	0	0	0	0	4.53	0.0	Neural Network (Specific Model)	11	0.83	10127	196.84931506849315	205819	0.44	292	23	22632		0	0	0.0	0.90667546	0.99998057	Unclassified Bacteria																		Insufficient number of amino acids in MSA (0.8%)
rosella_bin_124_sub	root (UID1)	5656	56	24	0.0	0.0	0.0	199813	0	14	14	16814	16814	14272	14272	47165	47165	46.3	1.04	87.95	11	208	56	0	0	0	0	0	5.1	0.0	Neural Network (Specific Model)	11	0.879	16814	283.10096153846155	199813	0.46	208	14	47165		0	0	0.0	1.1914996	1.0	Unclassified Bacteria																		Insufficient number of amino acids in MSA (5.2%)
rosella_bin_125_sub	k__Bacteria (UID203)	5449	104	58	6.9	0.0	0.0	231962	0	19	19	17050	17050	12208	12208	29083	29083	44.9	1.15	87.3	11	285	98	6	0	0	0	0	8.77	0.0	Neural Network (Specific Model)	11	0.873	17050	238.50526315789477	231962	0.45	285	19	29083		0	0	0.0	1.3323996	1.0	Unclassified Bacteria																		Insufficient number of amino acids in MSA (6.2%)
rosella_bin_136_sub	root (UID1)	5656	56	24	0.0	0.0	0.0	99671	0	3	3	40314	40314	33223	33223	40938	40938	39.6	2.06	92.6	11	99	56	0	0	0	0	0	3.74	0.01	Neural Network (Specific Model)	11	0.926	40314	311.67676767676767	99671	0.4	99	3	40938		0	0	0.0	1.5539874	1.0	Unclassified Bacteria																		Insufficient number of amino acids in MSA (1.6%)
rosella_bin_139_sub	root (UID1)	5656	56	24	4.17	0.0	0.0	156494	0	18	18	9442	9442	8694	8694	16799	16799	47.4	3.69	89.94	11	172	55	1	0	0	0	0	6.47	0.07	Neural Network (Specific Model)	11	0.899	9442	274.2848837209302	156494	0.47	172	18	16799		0	0	0.0	1.1281682	1.0	Unclassified Bacteria																		Insufficient number of amino acids in MSA (5.8%)
rosella_bin_155_sub	g__Bacteroides (UID2691)	33	839	309	4.01	0.0	0.0	299181	0	14	14	24773	24773	21370	21370	38217	38217	41.9	1.54	88.89	11	296	766	73	0	0	0	0	7.69	0.0	Neural Network (Specific Model)	11	0.889	24773	300.27702702702703	299181	0.42	296	14	38217		0	0	0.0	1.8173258	0.9999933	d__Bacteria;p__Bacteroidota;c__Bacteroidia;o__Bacteroidales;f__Bacteroidaceae;g__Bacteroides;s__						GCA_902362375.1	95.0	d__Bacteria;p__Bacteroidota;c__Bacteroidia;o__Bacteroidales;f__Bacteroidaceae;g__Bacteroides;s__Bacteroides sp902362375	94.5	0.502	d__Bacteria;p__Bacteroidota;c__Bacteroidia;o__Bacteroidales;f__Bacteroidaceae;g__Bacteroides;s__	taxonomic classification defined by topology and ANI	classification based on placement in class-level tree	GCF_958387885.1, s__Bacteroides sp019412865, 95.0, 97.89, 0.46; GCF_001314995.1, s__Bacteroides ovatus, 95.19, 94.83, 0.446; GCA_900755095.1, s__Bacteroides sp900755095, 95.0, 94.46, 0.265; GCA_019117555.1, s__Bacteroides intestinigallinarum, 95.0, 94.37, 0.398; GCF_025147485.1, s__Bacteroides uniformis, 95.0, 92.12, 0.164; GCF_000210075.1, s__Bacteroides xylanisolvens, 95.0, 91.61, 0.473; GCF_009193295.2, s__Bacteroides luhongzhouii, 95.0, 91.26, 0.455; GCF_900155865.1, s__Bacteroides bouchesdurhonensis, 95.0, 90.51, 0.168; GCA_948436425.1, s__Bacteroides sp948436425, 95.0, 89.96, 0.25; GCF_000011065.1, s__Bacteroides thetaiotaomicron, 95.0, 89.85, 0.227; GCF_900106755.1, s__Bacteroides faecis, 95.0, 89.29, 0.25; GCF_001688725.2, s__Bacteroides caecimuris, 95.0, 88.61, 0.336; GCF_012113595.1, s__Bacteroides faecium, 95.0, 87.63, 0.235; GCF_024623065.1, s__Bacteroides acidifaciens, 95.0, 86.96, 0.296; GCA_948742525.1, s__Bacteroides caecimuris_A, 95.0, 86.71, 0.22; GCF_003865075.1, s__Bacteroides faecalis, 95.0, 86.66, 0.169; GCF_900547205.1, s__Bacteroides sp900547205, 95.0, 86.47, 0.171; GCF_000614145.1, s__Bacteroides faecichinchillae, 95.0, 86.35, 0.174; GCF_009193325.2, s__Bacteroides zhangwenhongii, 95.0, 86.23, 0.252; GCF_014750685.1, s__Bacteroides sp014750685, 95.0, 86.21, 0.286; GCF_002222615.2, s__Bacteroides caccae, 95.0, 85.83, 0.255; GCF_900130125.1, s__Bacteroides congonensis, 95.0, 85.5, 0.28; GCF_028690125.1, s__Bacteroides sp028690125, 95.0, 85.32, 0.151; GCF_910586915.1, s__Bacteroides sp910586915, 95.0, 84.51, 0.167; GCF_903181435.1, s__Bacteroides sp900765785, 95.0, 84.38, 0.267; GCA_030295565.1, s__Bacteroides finegoldii, 95.57, 84.33, 0.237; GCF_900761785.1, s__Bacteroides sp900761785, 95.0, 84.17, 0.165; GCF_902491285.1, s__Bacteroides sp902491285, 95.0, 83.87, 0.157	19.52	11.0	0.99853	Genome domain questionable ( 20.0% Bacterial, 11.3% Archaeal);Genome not assigned to closest species as it falls outside its pre-defined ANI radius
rosella_bin_20_sub	o__Bacteroidales (UID2657)	160	492	269	1.33	0.0	0.0	19018	0	2	2	12470	12470	9509	9509	12470	12470	44.4	0.42	90.96	11	20	474	18	0	0	0	0	11.9	0.31	Gradient Boost (General Model)	11	0.909	12470	288.45	19018	0.44	20	2	12470		0	0	0.0	1.8297876	1.0	Unclassified Bacteria																		Insufficient number of amino acids in MSA (3.7%)
rosella_bin_24_sub	k__Bacteria (UID203)	5449	104	58	2.87	0.0	0.0	15797	0	3	3	4336	4336	5265	5265	7506	7506	55.4	11.62	76.34	11	24	101	3	0	0	0	0	4.13	0.0	Gradient Boost (General Model)	11	0.763	4336	167.58333333333334	15797	0.55	24	3	7506		0	0	0.0	0.5381781	1.0	Unclassified Bacteria																		Insufficient number of amino acids in MSA (2.4%)
rosella_bin_29_sub	k__Bacteria (UID203)	5449	104	58	1.25	0.16	0.0	301538	0	28	28	13339	13339	10769	10769	21914	21914	48.4	2.31	86.34	11	336	96	7	1	0	0	0	5.56	0.12	Neural Network (Specific Model)	11	0.863	13339	259.8958333333333	301538	0.48	336	28	21914		0	0	0.0	1.267808	0.9999934	Unclassified Bacteria																		Insufficient number of amino acids in MSA (3.9%)
rosella_bin_36_sub	k__Bacteria (UID203)	5449	104	58	12.07	1.72	0.0	764590	0	22	22	51621	51621	34754	34754	84725	84725	43.3	1.29	84.38	11	819	95	8	1	0	0	0	14.67	1.5	Neural Network (Specific Model)	11	0.844	51621	263.73870573870573	764590	0.43	819	22	84725		0	0	0.0	2.8360376	0.99998695	Unclassified Bacteria																		Insufficient number of amino acids in MSA (8.1%)
rosella_bin_38_sub	k__Bacteria (UID203)	5449	104	58	3.45	0.0	0.0	279281	0	19	19	23624	23624	14699	14699	40396	40396	47.6	2.11	88.43	11	309	102	2	0	0	0	0	7.03	0.0	Neural Network (Specific Model)	11	0.884	23624	268.1391585760518	279281	0.48	309	19	40396		0	0	0.0	1.512132	1.0	Unclassified Bacteria																		Insufficient number of amino acids in MSA (4.1%)
rosella_bin_43_sub	k__Bacteria (UID203)	5449	104	58	6.9	0.0	0.0	174670	0	25	25	7805	7805	6986	6986	13415	13415	47.2	5.95	85.89	11	234	99	5	0	0	0	0	7.91	0.0	Neural Network (Specific Model)	11	0.859	7805	216.19230769230768	174670	0.47	234	25	13415		0	0	0.0	0.83911777	1.0	Unclassified Bacteria																		Insufficient number of amino acids in MSA (3.1%)
rosella_bin_53_sub	o__Bacteroidales (UID2657)	160	492	269	11.81	0.87	75.0	777673	0	23	23	60263	60263	33811	33811	107456	107456	46.2	1.11	87.23	11	807	377	111	4	0	0	0	21.76	0.66	Neural Network (Specific Model)	11	0.872	60263	281.0607187112763	777673	0.46	807	23	107456		0	0	0.0	2.18465	1.0	d__Bacteria;p__Bacteroidota;c__Bacteroidia;o__Bacteroidales;f__Bacteroidaceae;g__Bacteroides;s__											d__Bacteria;p__Bacteroidota;c__Bacteroidia;o__Bacteroidales;f__Bacteroidaceae;g__Bacteroides;s__	taxonomic classification defined by topology and ANI	classification based on placement in class-level tree	GCF_025147485.1, s__Bacteroides uniformis, 95.0, 95.19, 0.206; GCF_001688725.2, s__Bacteroides caecimuris, 95.0, 91.58, 0.209; GCF_004793475.1, s__Bacteroides muris, 95.0, 91.3, 0.162; GCF_025147325.1, s__Bacteroides stercoris, 95.0, 90.51, 0.262; GCA_958432865.1, s__Bacteroides stercoris_A, 95.0, 89.5, 0.17; GCF_000614125.1, s__Bacteroides rodentium, 95.0, 88.7, 0.212; GCF_900129655.1, s__Bacteroides clarus, 95.0, 84.44, 0.155	26.75	11.0	0.98061	
rosella_bin_55_sub	k__Bacteria (UID203)	5449	104	58	10.82	0.0	0.0	163983	0	13	13	23659	23659	12614	12614	67174	67174	42.3	3.72	87.34	11	166	91	13	0	0	0	0	6.22	0.0	Neural Network (Specific Model)	11	0.873	23659	288.23493975903614	163983	0.42	166	13	67174		0	0	0.0	2.1331	1.0	Unclassified Bacteria																		Insufficient number of amino acids in MSA (8.4%)
rosella_bin_57_sub	root (UID1)	5656	56	24	4.17	0.0	0.0	281934	0	18	18	21903	21903	15663	15663	44934	44934	43.7	1.95	86.94	11	323	55	1	0	0	0	0	7.02	0.1	Neural Network (Specific Model)	11	0.869	21903	254.8513931888545	281934	0.44	323	18	44934		0	0	0.0	1.3301715	1.0	Unclassified Bacteria																		Insufficient number of amino acids in MSA (1.4%)
rosella_bin_60_sub	root (UID1)	5656	56	24	0.0	0.0	0.0	55756	0	3	3	30864	30864	18585	18585	30864	30864	41.5	0.32	88.5	11	61	56	0	0	0	0	0	2.97	0.02	Neural Network (Specific Model)	11	0.885	30864	270.7049180327869	55756	0.42	61	3	30864		0	0	0.0	1.451541	1.0	Unclassified Bacteria																		Insufficient number of amino acids in MSA (1.6%)
rosella_bin_61_sub	o__Bacteroidales (UID2654)	163	486	266	2.71	0.0	0.0	130634	0	10	10	18109	18109	13063	13063	29135	29135	42.6	1.25	89.46	11	100	463	23	0	0	0	0	5.21	0.0	Neural Network (Specific Model)	11	0.895	18109	389.93	130634	0.43	100	10	29135		0	0	0.0	1.5840797	1.0	Unclassified Bacteria																		Insufficient number of amino acids in MSA (4.0%)
rosella_bin_62_sub	root (UID1)	5656	56	24	0.0	0.0	0.0	68844	0	6	6	16351	16351	11474	11474	18292	18292	44.0	0.9	86.5	11	73	56	0	0	0	0	0	4.04	0.0	Neural Network (Specific Model)	11	0.865	16351	273.041095890411	68844	0.44	73	6	18292		0	0	0.0	1.0904204	1.0	Unclassified Bacteria																		Insufficient number of amino acids in MSA (0.7%)
rosella_bin_74_sub	root (UID1)	5656	56	24	0.0	0.0	0.0	70455	0	6	6	36966	36966	11742	11742	36966	36966	40.1	2.97	85.71	11	79	56	0	0	0	0	0	3.51	0.0	Neural Network (Specific Model)	11	0.857	36966	255.51898734177212	70455	0.4	79	6	36966		0	0	0.0	1.353519	1.0	Unclassified																		No bacterial or archaeal marker
rosella_bin_75_sub	k__Bacteria (UID203)	5449	103	57	5.26	0.0	0.0	449138	0	66	66	7399	7399	6805	6805	19532	19532	48.2	6.91	80.45	11	747	99	4	0	0	0	0	14.49	0.04	Neural Network (Specific Model)	11	0.804	7399	163.40428380187416	449138	0.48	747	66	19532		1	8500	0.018925141047962987	0.6196431	0.9991517	Unclassified Bacteria																		Insufficient number of amino acids in MSA (3.0%)
rosella_bin_77_sub	root (UID1)	5656	56	24	0.0	0.0	0.0	69047	0	2	2	36689	36689	34523	34523	36689	36689	44.5	2.46	91.17	11	62	56	0	0	0	0	0	3.02	0.01	Neural Network (Specific Model)	11	0.912	36689	339.6290322580645	69047	0.45	62	2	36689		0	0	0.0	1.4082285	1.0	Unclassified																		No bacterial or archaeal marker
rosella_bin_78_sub	k__Bacteria (UID203)	5449	104	58	3.45	0.0	0.0	220450	0	12	12	27240	27240	18370	18370	36602	36602	50.5	1.87	88.21	11	254	102	2	0	0	0	0	5.8	0.0	Neural Network (Specific Model)	11	0.882	27240	256.0472440944882	220450	0.5	254	12	36602		0	0	0.0	1.7342923	0.9999773	Unclassified Bacteria																		Insufficient number of amino acids in MSA (3.2%)
rosella_bin_96_sub	k__Bacteria (UID203)	5449	104	58	1.72	0.0	0.0	97328	0	6	6	23504	23504	16221	16221	28853	28853	45.1	0.93	87.52	11	90	103	1	0	0	0	0	3.49	0.0	Neural Network (Specific Model)	11	0.875	23504	316.6222222222222	97328	0.45	90	6	28853		0	0	0.0	1.6275456	1.0	Unclassified Bacteria																		Insufficient number of amino acids in MSA (1.6%)
rosella_refined_0_18_sub	root (UID1)	5656	56	24	0.0	0.0	0.0	86820	0	9	9	9758	9758	9646	9646	19732	19732	40.0	2.77	86.28	11	106	56	0	0	0	0	0	3.4	0.0	Neural Network (Specific Model)	11	0.863	9758	236.56603773584905	86820	0.4	106	9	19732		0	0	0.0	1.010366	0.999977	Unclassified																		No bacterial or archaeal marker
rosella_refined_0_19_sub	root (UID1)	5656	56	24	8.33	0.0	0.0	190491	0	16	16	13089	13089	11905	11905	31629	31629	47.6	1.78	88.77	11	208	54	2	0	0	0	0	6.16	0.0	Neural Network (Specific Model)	11	0.888	13089	272.52403846153845	190491	0.48	208	16	31629		0	0	0.0	1.2951814	0.99999475	Unclassified Bacteria																		Insufficient number of amino acids in MSA (6.5%)
rosella_refined_0_4_sub	k__Bacteria (UID203)	5449	104	58	4.55	0.0	0.0	313246	0	49	49	6240	6240	6392	6392	15570	15570	43.0	3.7	81.96	11	492	95	9	0	0	0	0	6.76	0.04	Neural Network (Specific Model)	11	0.819	6240	175.96747967479675	313246	0.43	492	49	15570		0	0	0.0	0.622494	0.9999904	Unclassified Bacteria																		Insufficient number of amino acids in MSA (6.0%)
rosella_refined_0_unbinned_sub	root (UID1)	5656	56	24	0.0	0.0	0.0	242700	0	30	30	9039	9039	8090	8090	37973	37973	46.7	5.87	84.81	11	287	56	0	0	0	0	0	7.29	0.13	Neural Network (Specific Model)	11	0.848	9039	240.17770034843207	242700	0.47	287	30	37973		1	11462	0.04722702925422332	2.0771897	0.99790275	Unclassified Bacteria																		Insufficient number of amino acids in MSA (1.5%)
